ID	reERR5004402_taxonomic_profile	reERR5004403_taxonomic_profile	reERR5004404_taxonomic_profile	reERR5004405_taxonomic_profile	reERR5004406_taxonomic_profile	reERR5004407_taxonomic_profile	reERR5004408_taxonomic_profile	reERR5004409_taxonomic_profile	reERR5004410_taxonomic_profile	reERR5004787_taxonomic_profile	reERR5004789_taxonomic_profile	reERR5004790_taxonomic_profile	reERR5004793_taxonomic_profile	reERR5004796_taxonomic_profile	reERR5004798_taxonomic_profile	reERR5004799_taxonomic_profile	reERR5004803_taxonomic_profile	reERR5004804_taxonomic_profile	reERR5004806_taxonomic_profile	reERR5004807_taxonomic_profile
#SampleID	Metaphlan2_Analysis	Metaphlan2_Analysis	Metaphlan2_Analysis	Metaphlan2_Analysis	Metaphlan2_Analysis	Metaphlan2_Analysis	Metaphlan2_Analysis	Metaphlan2_Analysis	Metaphlan2_Analysis	Metaphlan2_Analysis	Metaphlan2_Analysis	Metaphlan2_Analysis	Metaphlan2_Analysis	Metaphlan2_Analysis	Metaphlan2_Analysis	Metaphlan2_Analysis	Metaphlan2_Analysis	Metaphlan2_Analysis	Metaphlan2_Analysis	Metaphlan2_Analysis
k__Archaea	18.6141	0.92284	71.60718	3.30927	0.0	0.0	100.0	0.0	47.99778	96.30394	96.18596	74.60931	100.0	90.73265	95.53776	97.51837	87.30526	0.0	0.0	100.0
k__Archaea|p__Archaea_noname	0.0	0.0	0.0	0.0	0.0	0.0	0.0	0.0	0.0	0.0	0.0	0.44293	0.0	0.0	0.0	0.0	0.0	0.0	0.0	0.0
k__Archaea|p__Archaea_noname|c__Archaea_noname	0.0	0.0	0.0	0.0	0.0	0.0	0.0	0.0	0.0	0.0	0.0	0.44293	0.0	0.0	0.0	0.0	0.0	0.0	0.0	0.0
k__Archaea|p__Archaea_noname|c__Archaea_noname|o__Archaea_noname	0.0	0.0	0.0	0.0	0.0	0.0	0.0	0.0	0.0	0.0	0.0	0.44293	0.0	0.0	0.0	0.0	0.0	0.0	0.0	0.0
k__Archaea|p__Archaea_noname|c__Archaea_noname|o__Archaea_noname|f__Archaea_noname	0.0	0.0	0.0	0.0	0.0	0.0	0.0	0.0	0.0	0.0	0.0	0.44293	0.0	0.0	0.0	0.0	0.0	0.0	0.0	0.0
k__Archaea|p__Archaea_noname|c__Archaea_noname|o__Archaea_noname|f__Archaea_noname|g__Archaea_noname	0.0	0.0	0.0	0.0	0.0	0.0	0.0	0.0	0.0	0.0	0.0	0.44293	0.0	0.0	0.0	0.0	0.0	0.0	0.0	0.0
k__Archaea|p__Archaea_noname|c__Archaea_noname|o__Archaea_noname|f__Archaea_noname|g__Archaea_noname|s__halophilic_archaeon_DL31	0.0	0.0	0.0	0.0	0.0	0.0	0.0	0.0	0.0	0.0	0.0	0.44293	0.0	0.0	0.0	0.0	0.0	0.0	0.0	0.0
k__Archaea|p__Archaea_noname|c__Archaea_noname|o__Archaea_noname|f__Archaea_noname|g__Archaea_noname|s__halophilic_archaeon_DL31|t__GCF_000224475	0.0	0.0	0.0	0.0	0.0	0.0	0.0	0.0	0.0	0.0	0.0	0.44293	0.0	0.0	0.0	0.0	0.0	0.0	0.0	0.0
k__Archaea|p__Euryarchaeota	0.0	0.0	0.0	0.0	0.0	0.0	0.0	0.0	0.0	96.30394	96.18596	74.16638	100.0	90.73265	95.53776	97.51837	87.30526	0.0	0.0	100.0
k__Archaea|p__Euryarchaeota|c__Halobacteria	0.0	0.0	0.0	0.0	0.0	0.0	0.0	0.0	0.0	96.30394	96.18596	74.16638	100.0	90.73265	95.53776	97.51837	87.30526	0.0	0.0	100.0
k__Archaea|p__Euryarchaeota|c__Halobacteria|o__Halobacteriales	0.0	0.0	0.0	0.0	0.0	0.0	0.0	0.0	0.0	96.30394	96.18596	74.16638	100.0	90.73265	95.53776	97.51837	87.30526	0.0	0.0	100.0
k__Archaea|p__Euryarchaeota|c__Halobacteria|o__Halobacteriales|f__Halobacteriaceae	0.0	0.0	0.0	0.0	0.0	0.0	0.0	0.0	0.0	96.30394	96.18596	74.16638	100.0	90.73265	95.53776	97.51837	87.30526	0.0	0.0	100.0
k__Archaea|p__Euryarchaeota|c__Halobacteria|o__Halobacteriales|f__Halobacteriaceae|g__Haloarcula	0.0	0.0	0.0	0.0	0.0	0.0	0.0	0.0	0.0	2.95849	1.04613	0.63386	1.61707	3.21772	1.01257	2.04605	2.06375	0.0	0.0	0.0
k__Archaea|p__Euryarchaeota|c__Halobacteria|o__Halobacteriales|f__Halobacteriaceae|g__Haloarcula|s__Haloarcula_amylolytica	0.0	0.0	0.0	0.0	0.0	0.0	0.0	0.0	0.0	0.08009	0.0	0.0	0.0	0.0	0.0	0.0	0.0	0.0	0.0	0.0
k__Archaea|p__Euryarchaeota|c__Halobacteria|o__Halobacteriales|f__Halobacteriaceae|g__Haloarcula|s__Haloarcula_amylolytica|t__GCF_000336615	0.0	0.0	0.0	0.0	0.0	0.0	0.0	0.0	0.0	0.08009	0.0	0.0	0.0	0.0	0.0	0.0	0.0	0.0	0.0	0.0
k__Archaea|p__Euryarchaeota|c__Halobacteria|o__Halobacteriales|f__Halobacteriaceae|g__Haloarcula|s__Haloarcula_argentinensis	0.0	0.0	0.0	0.0	0.0	0.0	0.0	0.0	0.0	0.0035	0.0	0.0	0.0	0.0	0.0	0.0	0.0	0.0	0.0	0.0
k__Archaea|p__Euryarchaeota|c__Halobacteria|o__Halobacteriales|f__Halobacteriaceae|g__Haloarcula|s__Haloarcula_argentinensis|t__GCF_000336895	0.0	0.0	0.0	0.0	0.0	0.0	0.0	0.0	0.0	0.0035	0.0	0.0	0.0	0.0	0.0	0.0	0.0	0.0	0.0	0.0
k__Archaea|p__Euryarchaeota|c__Halobacteria|o__Halobacteriales|f__Halobacteriaceae|g__Haloarcula|s__Haloarcula_californiae	0.0	0.0	0.0	0.0	0.0	0.0	0.0	0.0	0.0	0.07135	0.0	0.0	0.0	0.0	0.0	0.0	0.0	0.0	0.0	0.0
k__Archaea|p__Euryarchaeota|c__Halobacteria|o__Halobacteriales|f__Halobacteriaceae|g__Haloarcula|s__Haloarcula_californiae|t__GCF_000337755	0.0	0.0	0.0	0.0	0.0	0.0	0.0	0.0	0.0	0.07135	0.0	0.0	0.0	0.0	0.0	0.0	0.0	0.0	0.0	0.0
k__Archaea|p__Euryarchaeota|c__Halobacteria|o__Halobacteriales|f__Halobacteriaceae|g__Haloarcula|s__Haloarcula_hispanica	0.0	0.0	0.0	0.0	0.0	0.0	0.0	0.0	0.0	0.24028	0.0	0.0	0.0	0.28443	0.0	0.05572	0.0	0.0	0.0	0.0
k__Archaea|p__Euryarchaeota|c__Halobacteria|o__Halobacteriales|f__Halobacteriaceae|g__Haloarcula|s__Haloarcula_hispanica|t__GCF_000223905	0.0	0.0	0.0	0.0	0.0	0.0	0.0	0.0	0.0	0.24028	0.0	0.0	0.0	0.28443	0.0	0.05572	0.0	0.0	0.0	0.0
k__Archaea|p__Euryarchaeota|c__Halobacteria|o__Halobacteriales|f__Halobacteriaceae|g__Haloarcula|s__Haloarcula_japonica	0.0	0.0	0.0	0.0	0.0	0.0	0.0	0.0	0.0	2.36799	1.04613	0.63386	1.61707	2.93329	1.01039	1.99033	2.06375	0.0	0.0	0.0
k__Archaea|p__Euryarchaeota|c__Halobacteria|o__Halobacteriales|f__Halobacteriaceae|g__Haloarcula|s__Haloarcula_japonica|t__GCF_000336635	0.0	0.0	0.0	0.0	0.0	0.0	0.0	0.0	0.0	2.36799	1.04613	0.63386	1.61707	2.93329	1.01039	1.99033	2.06375	0.0	0.0	0.0
k__Archaea|p__Euryarchaeota|c__Halobacteria|o__Halobacteriales|f__Halobacteriaceae|g__Haloarcula|s__Haloarcula_marismortui	0.0	0.0	0.0	0.0	0.0	0.0	0.0	0.0	0.0	0.09665	0.0	0.0	0.0	0.0	0.0	0.0	0.0	0.0	0.0	0.0
k__Archaea|p__Euryarchaeota|c__Halobacteria|o__Halobacteriales|f__Halobacteriaceae|g__Haloarcula|s__Haloarcula_marismortui|t__GCF_000011085	0.0	0.0	0.0	0.0	0.0	0.0	0.0	0.0	0.0	0.09665	0.0	0.0	0.0	0.0	0.0	0.0	0.0	0.0	0.0	0.0
k__Archaea|p__Euryarchaeota|c__Halobacteria|o__Halobacteriales|f__Halobacteriaceae|g__Haloarcula|s__Haloarcula_sinaiiensis	0.0	0.0	0.0	0.0	0.0	0.0	0.0	0.0	0.0	0.0486	0.0	0.0	0.0	0.0	0.0	0.0	0.0	0.0	0.0	0.0
k__Archaea|p__Euryarchaeota|c__Halobacteria|o__Halobacteriales|f__Halobacteriaceae|g__Haloarcula|s__Haloarcula_sinaiiensis|t__GCF_000337275	0.0	0.0	0.0	0.0	0.0	0.0	0.0	0.0	0.0	0.0486	0.0	0.0	0.0	0.0	0.0	0.0	0.0	0.0	0.0	0.0
k__Archaea|p__Euryarchaeota|c__Halobacteria|o__Halobacteriales|f__Halobacteriaceae|g__Haloarcula|s__Haloarcula_unclassified	0.0	0.0	0.0	0.0	0.0	0.0	0.0	0.0	0.0	0.0	0.0	0.0	0.0	0.0	0.00218	0.0	0.0	0.0	0.0	0.0
k__Archaea|p__Euryarchaeota|c__Halobacteria|o__Halobacteriales|f__Halobacteriaceae|g__Haloarcula|s__Haloarcula_vallismortis	0.0	0.0	0.0	0.0	0.0	0.0	0.0	0.0	0.0	0.05002	0.0	0.0	0.0	0.0	0.0	0.0	0.0	0.0	0.0	0.0
k__Archaea|p__Euryarchaeota|c__Halobacteria|o__Halobacteriales|f__Halobacteriaceae|g__Haloarcula|s__Haloarcula_vallismortis|t__GCF_000337775	0.0	0.0	0.0	0.0	0.0	0.0	0.0	0.0	0.0	0.05002	0.0	0.0	0.0	0.0	0.0	0.0	0.0	0.0	0.0	0.0
k__Archaea|p__Euryarchaeota|c__Halobacteria|o__Halobacteriales|f__Halobacteriaceae|g__Halobacterium	0.0	0.0	0.0	0.0	0.0	0.0	0.0	0.0	0.0	0.46729	16.87283	34.34647	43.4194	23.3129	12.83576	0.60239	3.15048	0.0	0.0	25.98727
k__Archaea|p__Euryarchaeota|c__Halobacteria|o__Halobacteriales|f__Halobacteriaceae|g__Halobacterium|s__Halobacterium_unclassified	0.0	0.0	0.0	0.0	0.0	0.0	0.0	0.0	0.0	0.46729	16.87283	34.34647	43.4194	23.3129	12.83576	0.60239	3.15048	0.0	0.0	25.98727
k__Archaea|p__Euryarchaeota|c__Halobacteria|o__Halobacteriales|f__Halobacteriaceae|g__Halococcus	0.0	0.0	0.0	0.0	0.0	0.0	0.0	0.0	0.0	0.10135	13.95344	24.10565	34.60605	13.82802	7.41988	0.62876	0.50429	0.0	0.0	17.2597
k__Archaea|p__Euryarchaeota|c__Halobacteria|o__Halobacteriales|f__Halobacteriaceae|g__Halococcus|s__Halococcus_unclassified	0.0	0.0	0.0	0.0	0.0	0.0	0.0	0.0	0.0	0.10135	13.95344	24.10565	34.60605	13.82802	7.41988	0.62876	0.50429	0.0	0.0	17.2597
k__Archaea|p__Euryarchaeota|c__Halobacteria|o__Halobacteriales|f__Halobacteriaceae|g__Haloferax	0.0	0.0	0.0	0.0	0.0	0.0	0.0	0.0	0.0	6.72393	10.73431	1.00609	0.0	0.58749	0.0	1.32946	4.34702	0.0	0.0	0.0
k__Archaea|p__Euryarchaeota|c__Halobacteria|o__Halobacteriales|f__Halobacteriaceae|g__Haloferax|s__Haloferax_alexandrinus	0.0	0.0	0.0	0.0	0.0	0.0	0.0	0.0	0.0	0.21821	0.0	0.0	0.0	0.0	0.0	0.0	0.35888	0.0	0.0	0.0
k__Archaea|p__Euryarchaeota|c__Halobacteria|o__Halobacteriales|f__Halobacteriaceae|g__Haloferax|s__Haloferax_alexandrinus|t__GCF_000336735	0.0	0.0	0.0	0.0	0.0	0.0	0.0	0.0	0.0	0.21821	0.0	0.0	0.0	0.0	0.0	0.0	0.35888	0.0	0.0	0.0
k__Archaea|p__Euryarchaeota|c__Halobacteria|o__Halobacteriales|f__Halobacteriaceae|g__Haloferax|s__Haloferax_denitrificans	0.0	0.0	0.0	0.0	0.0	0.0	0.0	0.0	0.0	0.01815	0.0	0.0	0.0	0.0	0.0	0.0	0.0	0.0	0.0	0.0
k__Archaea|p__Euryarchaeota|c__Halobacteria|o__Halobacteriales|f__Halobacteriaceae|g__Haloferax|s__Haloferax_denitrificans|t__GCF_000337795	0.0	0.0	0.0	0.0	0.0	0.0	0.0	0.0	0.0	0.01815	0.0	0.0	0.0	0.0	0.0	0.0	0.0	0.0	0.0	0.0
k__Archaea|p__Euryarchaeota|c__Halobacteria|o__Halobacteriales|f__Halobacteriaceae|g__Haloferax|s__Haloferax_larsenii	0.0	0.0	0.0	0.0	0.0	0.0	0.0	0.0	0.0	1.98117	10.52064	0.0	0.0	0.58749	0.0	1.25379	3.47637	0.0	0.0	0.0
k__Archaea|p__Euryarchaeota|c__Halobacteria|o__Halobacteriales|f__Halobacteriaceae|g__Haloferax|s__Haloferax_larsenii|t__GCF_000336955	0.0	0.0	0.0	0.0	0.0	0.0	0.0	0.0	0.0	1.98117	10.52064	0.0	0.0	0.58749	0.0	1.25379	3.47637	0.0	0.0	0.0
k__Archaea|p__Euryarchaeota|c__Halobacteria|o__Halobacteriales|f__Halobacteriaceae|g__Haloferax|s__Haloferax_lucentense	0.0	0.0	0.0	0.0	0.0	0.0	0.0	0.0	0.0	0.2652	0.21367	0.0	0.0	0.0	0.0	0.0	0.03456	0.0	0.0	0.0
k__Archaea|p__Euryarchaeota|c__Halobacteria|o__Halobacteriales|f__Halobacteriaceae|g__Haloferax|s__Haloferax_lucentense|t__GCF_000336795	0.0	0.0	0.0	0.0	0.0	0.0	0.0	0.0	0.0	0.2652	0.21367	0.0	0.0	0.0	0.0	0.0	0.03456	0.0	0.0	0.0
k__Archaea|p__Euryarchaeota|c__Halobacteria|o__Halobacteriales|f__Halobacteriaceae|g__Haloferax|s__Haloferax_prahovense	0.0	0.0	0.0	0.0	0.0	0.0	0.0	0.0	0.0	0.1707	0.0	0.0	0.0	0.0	0.0	0.0	0.37249	0.0	0.0	0.0
k__Archaea|p__Euryarchaeota|c__Halobacteria|o__Halobacteriales|f__Halobacteriaceae|g__Haloferax|s__Haloferax_prahovense|t__GCF_000336815	0.0	0.0	0.0	0.0	0.0	0.0	0.0	0.0	0.0	0.1707	0.0	0.0	0.0	0.0	0.0	0.0	0.37249	0.0	0.0	0.0
k__Archaea|p__Euryarchaeota|c__Halobacteria|o__Halobacteriales|f__Halobacteriaceae|g__Haloferax|s__Haloferax_sp_ATCC_BAA_644	0.0	0.0	0.0	0.0	0.0	0.0	0.0	0.0	0.0	3.66353	0.0	0.0	0.0	0.0	0.0	0.0	0.0	0.0	0.0	0.0
k__Archaea|p__Euryarchaeota|c__Halobacteria|o__Halobacteriales|f__Halobacteriaceae|g__Haloferax|s__Haloferax_sp_ATCC_BAA_644|t__GCF_000336975	0.0	0.0	0.0	0.0	0.0	0.0	0.0	0.0	0.0	3.66353	0.0	0.0	0.0	0.0	0.0	0.0	0.0	0.0	0.0	0.0
k__Archaea|p__Euryarchaeota|c__Halobacteria|o__Halobacteriales|f__Halobacteriaceae|g__Haloferax|s__Haloferax_sulfurifontis	0.0	0.0	0.0	0.0	0.0	0.0	0.0	0.0	0.0	0.35232	0.0	0.0	0.0	0.0	0.0	0.07567	0.10473	0.0	0.0	0.0
k__Archaea|p__Euryarchaeota|c__Halobacteria|o__Halobacteriales|f__Halobacteriaceae|g__Haloferax|s__Haloferax_sulfurifontis|t__GCF_000337835	0.0	0.0	0.0	0.0	0.0	0.0	0.0	0.0	0.0	0.35232	0.0	0.0	0.0	0.0	0.0	0.07567	0.10473	0.0	0.0	0.0
k__Archaea|p__Euryarchaeota|c__Halobacteria|o__Halobacteriales|f__Halobacteriaceae|g__Haloferax|s__Haloferax_unclassified	0.0	0.0	0.0	0.0	0.0	0.0	0.0	0.0	0.0	0.0	0.0	0.15547	0.0	0.0	0.0	0.0	0.0	0.0	0.0	0.0
k__Archaea|p__Euryarchaeota|c__Halobacteria|o__Halobacteriales|f__Halobacteriaceae|g__Haloferax|s__Haloferax_volcanii	0.0	0.0	0.0	0.0	0.0	0.0	0.0	0.0	0.0	0.05466	0.0	0.85062	0.0	0.0	0.0	0.0	0.0	0.0	0.0	0.0
k__Archaea|p__Euryarchaeota|c__Halobacteria|o__Halobacteriales|f__Halobacteriaceae|g__Haloferax|s__Haloferax_volcanii|t__Haloferax_volcanii_unclassified	0.0	0.0	0.0	0.0	0.0	0.0	0.0	0.0	0.0	0.05466	0.0	0.85062	0.0	0.0	0.0	0.0	0.0	0.0	0.0	0.0
k__Archaea|p__Euryarchaeota|c__Halobacteria|o__Halobacteriales|f__Halobacteriaceae|g__Halomicrobium	0.0	0.0	0.0	0.0	0.0	0.0	0.0	0.0	0.0	0.01914	0.0	0.0	0.0	0.0	0.0	0.0	0.0	0.0	0.0	0.0
k__Archaea|p__Euryarchaeota|c__Halobacteria|o__Halobacteriales|f__Halobacteriaceae|g__Halomicrobium|s__Halomicrobium_katesii	0.0	0.0	0.0	0.0	0.0	0.0	0.0	0.0	0.0	0.01217	0.0	0.0	0.0	0.0	0.0	0.0	0.0	0.0	0.0	0.0
k__Archaea|p__Euryarchaeota|c__Halobacteria|o__Halobacteriales|f__Halobacteriaceae|g__Halomicrobium|s__Halomicrobium_katesii|t__GCF_000379085	0.0	0.0	0.0	0.0	0.0	0.0	0.0	0.0	0.0	0.01217	0.0	0.0	0.0	0.0	0.0	0.0	0.0	0.0	0.0	0.0
k__Archaea|p__Euryarchaeota|c__Halobacteria|o__Halobacteriales|f__Halobacteriaceae|g__Halomicrobium|s__Halomicrobium_unclassified	0.0	0.0	0.0	0.0	0.0	0.0	0.0	0.0	0.0	0.00697	0.0	0.0	0.0	0.0	0.0	0.0	0.0	0.0	0.0	0.0
k__Archaea|p__Euryarchaeota|c__Halobacteria|o__Halobacteriales|f__Halobacteriaceae|g__Halorhabdus	0.0	0.0	0.0	0.0	0.0	0.0	0.0	0.0	0.0	0.00219	0.0	0.0	0.0	0.0	0.0	0.0	0.0	0.0	0.0	0.0
k__Archaea|p__Euryarchaeota|c__Halobacteria|o__Halobacteriales|f__Halobacteriaceae|g__Halorhabdus|s__Halorhabdus_unclassified	0.0	0.0	0.0	0.0	0.0	0.0	0.0	0.0	0.0	0.00219	0.0	0.0	0.0	0.0	0.0	0.0	0.0	0.0	0.0	0.0
k__Archaea|p__Euryarchaeota|c__Halobacteria|o__Halobacteriales|f__Halobacteriaceae|g__Halorubrum	0.0	0.0	0.0	0.0	0.0	0.0	0.0	0.0	0.0	85.84645	52.62532	0.59628	20.35748	48.75001	74.26956	92.75398	77.035	0.0	0.0	0.0
k__Archaea|p__Euryarchaeota|c__Halobacteria|o__Halobacteriales|f__Halobacteriaceae|g__Halorubrum|s__Halorubrum_aidingense	0.0	0.0	0.0	0.0	0.0	0.0	0.0	0.0	0.0	0.10347	0.0	0.0	0.0	0.0	0.0	0.0	0.0	0.0	0.0	0.0
k__Archaea|p__Euryarchaeota|c__Halobacteria|o__Halobacteriales|f__Halobacteriaceae|g__Halorubrum|s__Halorubrum_aidingense|t__GCF_000336995	0.0	0.0	0.0	0.0	0.0	0.0	0.0	0.0	0.0	0.10347	0.0	0.0	0.0	0.0	0.0	0.0	0.0	0.0	0.0	0.0
k__Archaea|p__Euryarchaeota|c__Halobacteria|o__Halobacteriales|f__Halobacteriaceae|g__Halorubrum|s__Halorubrum_arcis	0.0	0.0	0.0	0.0	0.0	0.0	0.0	0.0	0.0	0.74235	0.0	0.0	0.0	0.0	0.0	0.76273	0.41284	0.0	0.0	0.0
k__Archaea|p__Euryarchaeota|c__Halobacteria|o__Halobacteriales|f__Halobacteriaceae|g__Halorubrum|s__Halorubrum_arcis|t__GCF_000337015	0.0	0.0	0.0	0.0	0.0	0.0	0.0	0.0	0.0	0.74235	0.0	0.0	0.0	0.0	0.0	0.76273	0.41284	0.0	0.0	0.0
k__Archaea|p__Euryarchaeota|c__Halobacteria|o__Halobacteriales|f__Halobacteriaceae|g__Halorubrum|s__Halorubrum_californiense	0.0	0.0	0.0	0.0	0.0	0.0	0.0	0.0	0.0	0.72728	0.0	0.0	0.0	0.0	0.0	0.52484	0.24276	0.0	0.0	0.0
k__Archaea|p__Euryarchaeota|c__Halobacteria|o__Halobacteriales|f__Halobacteriaceae|g__Halorubrum|s__Halorubrum_californiense|t__GCF_000336875	0.0	0.0	0.0	0.0	0.0	0.0	0.0	0.0	0.0	0.72728	0.0	0.0	0.0	0.0	0.0	0.52484	0.24276	0.0	0.0	0.0
k__Archaea|p__Euryarchaeota|c__Halobacteria|o__Halobacteriales|f__Halobacteriaceae|g__Halorubrum|s__Halorubrum_coriense	0.0	0.0	0.0	0.0	0.0	0.0	0.0	0.0	0.0	0.07313	0.0	0.0	0.0	0.0	0.0	0.0	0.0	0.0	0.0	0.0
k__Archaea|p__Euryarchaeota|c__Halobacteria|o__Halobacteriales|f__Halobacteriaceae|g__Halorubrum|s__Halorubrum_coriense|t__GCF_000337035	0.0	0.0	0.0	0.0	0.0	0.0	0.0	0.0	0.0	0.07313	0.0	0.0	0.0	0.0	0.0	0.0	0.0	0.0	0.0	0.0
k__Archaea|p__Euryarchaeota|c__Halobacteria|o__Halobacteriales|f__Halobacteriaceae|g__Halorubrum|s__Halorubrum_distributum	0.0	0.0	0.0	0.0	0.0	0.0	0.0	0.0	0.0	0.65648	0.0	0.0	0.0	0.0	0.0	0.90906	0.79479	0.0	0.0	0.0
k__Archaea|p__Euryarchaeota|c__Halobacteria|o__Halobacteriales|f__Halobacteriaceae|g__Halorubrum|s__Halorubrum_distributum|t__Halorubrum_distributum_unclassified	0.0	0.0	0.0	0.0	0.0	0.0	0.0	0.0	0.0	0.65648	0.0	0.0	0.0	0.0	0.0	0.90906	0.79479	0.0	0.0	0.0
k__Archaea|p__Euryarchaeota|c__Halobacteria|o__Halobacteriales|f__Halobacteriaceae|g__Halorubrum|s__Halorubrum_hochstenium	0.0	0.0	0.0	0.0	0.0	0.0	0.0	0.0	0.0	1.18095	0.0	0.0	0.0	0.42862	0.0	0.8068	1.52586	0.0	0.0	0.0
k__Archaea|p__Euryarchaeota|c__Halobacteria|o__Halobacteriales|f__Halobacteriaceae|g__Halorubrum|s__Halorubrum_hochstenium|t__GCF_000337075	0.0	0.0	0.0	0.0	0.0	0.0	0.0	0.0	0.0	1.18095	0.0	0.0	0.0	0.42862	0.0	0.8068	1.52586	0.0	0.0	0.0
k__Archaea|p__Euryarchaeota|c__Halobacteria|o__Halobacteriales|f__Halobacteriaceae|g__Halorubrum|s__Halorubrum_kocurii	0.0	0.0	0.0	0.0	0.0	0.0	0.0	0.0	0.0	0.27878	0.0	0.0	0.0	0.0	0.0	0.26299	0.0	0.0	0.0	0.0
k__Archaea|p__Euryarchaeota|c__Halobacteria|o__Halobacteriales|f__Halobacteriaceae|g__Halorubrum|s__Halorubrum_kocurii|t__GCF_000337355	0.0	0.0	0.0	0.0	0.0	0.0	0.0	0.0	0.0	0.27878	0.0	0.0	0.0	0.0	0.0	0.26299	0.0	0.0	0.0	0.0
k__Archaea|p__Euryarchaeota|c__Halobacteria|o__Halobacteriales|f__Halobacteriaceae|g__Halorubrum|s__Halorubrum_lacusprofundi	0.0	0.0	0.0	0.0	0.0	0.0	0.0	0.0	0.0	0.35731	0.0	0.0	0.0	0.0	0.0	0.15942	0.2199	0.0	0.0	0.0
k__Archaea|p__Euryarchaeota|c__Halobacteria|o__Halobacteriales|f__Halobacteriaceae|g__Halorubrum|s__Halorubrum_lacusprofundi|t__GCF_000022205	0.0	0.0	0.0	0.0	0.0	0.0	0.0	0.0	0.0	0.35731	0.0	0.0	0.0	0.0	0.0	0.15942	0.2199	0.0	0.0	0.0
k__Archaea|p__Euryarchaeota|c__Halobacteria|o__Halobacteriales|f__Halobacteriaceae|g__Halorubrum|s__Halorubrum_lipolyticum	0.0	0.0	0.0	0.0	0.0	0.0	0.0	0.0	0.0	0.35187	0.0	0.0	0.0	0.0	0.0	0.18397	0.11628	0.0	0.0	0.0
k__Archaea|p__Euryarchaeota|c__Halobacteria|o__Halobacteriales|f__Halobacteriaceae|g__Halorubrum|s__Halorubrum_lipolyticum|t__GCF_000337375	0.0	0.0	0.0	0.0	0.0	0.0	0.0	0.0	0.0	0.35187	0.0	0.0	0.0	0.0	0.0	0.18397	0.11628	0.0	0.0	0.0
k__Archaea|p__Euryarchaeota|c__Halobacteria|o__Halobacteriales|f__Halobacteriaceae|g__Halorubrum|s__Halorubrum_litoreum	0.0	0.0	0.0	0.0	0.0	0.0	0.0	0.0	0.0	2.2891	0.2074	0.0	0.0	0.89654	1.3389	2.62274	1.02789	0.0	0.0	0.0
k__Archaea|p__Euryarchaeota|c__Halobacteria|o__Halobacteriales|f__Halobacteriaceae|g__Halorubrum|s__Halorubrum_litoreum|t__GCF_000337395	0.0	0.0	0.0	0.0	0.0	0.0	0.0	0.0	0.0	2.2891	0.2074	0.0	0.0	0.89654	1.3389	2.62274	1.02789	0.0	0.0	0.0
k__Archaea|p__Euryarchaeota|c__Halobacteria|o__Halobacteriales|f__Halobacteriaceae|g__Halorubrum|s__Halorubrum_saccharovorum	0.0	0.0	0.0	0.0	0.0	0.0	0.0	0.0	0.0	0.69126	0.0	0.0	0.0	0.0	0.0	0.25188	0.66289	0.0	0.0	0.0
k__Archaea|p__Euryarchaeota|c__Halobacteria|o__Halobacteriales|f__Halobacteriaceae|g__Halorubrum|s__Halorubrum_saccharovorum|t__GCF_000337915	0.0	0.0	0.0	0.0	0.0	0.0	0.0	0.0	0.0	0.69126	0.0	0.0	0.0	0.0	0.0	0.25188	0.66289	0.0	0.0	0.0
k__Archaea|p__Euryarchaeota|c__Halobacteria|o__Halobacteriales|f__Halobacteriaceae|g__Halorubrum|s__Halorubrum_tebenquichense	0.0	0.0	0.0	0.0	0.0	0.0	0.0	0.0	0.0	0.02727	0.0	0.0	0.0	0.0	0.0	0.0	0.0	0.0	0.0	0.0
k__Archaea|p__Euryarchaeota|c__Halobacteria|o__Halobacteriales|f__Halobacteriaceae|g__Halorubrum|s__Halorubrum_tebenquichense|t__GCF_000337415	0.0	0.0	0.0	0.0	0.0	0.0	0.0	0.0	0.0	0.02727	0.0	0.0	0.0	0.0	0.0	0.0	0.0	0.0	0.0	0.0
k__Archaea|p__Euryarchaeota|c__Halobacteria|o__Halobacteriales|f__Halobacteriaceae|g__Halorubrum|s__Halorubrum_terrestre	0.0	0.0	0.0	0.0	0.0	0.0	0.0	0.0	0.0	0.98652	0.40253	0.0	0.0	1.65877	1.0626	2.4642	1.23678	0.0	0.0	0.0
k__Archaea|p__Euryarchaeota|c__Halobacteria|o__Halobacteriales|f__Halobacteriaceae|g__Halorubrum|s__Halorubrum_terrestre|t__GCF_000337435	0.0	0.0	0.0	0.0	0.0	0.0	0.0	0.0	0.0	0.98652	0.40253	0.0	0.0	1.65877	1.0626	2.4642	1.23678	0.0	0.0	0.0
k__Archaea|p__Euryarchaeota|c__Halobacteria|o__Halobacteriales|f__Halobacteriaceae|g__Halorubrum|s__Halorubrum_unclassified	0.0	0.0	0.0	0.0	0.0	0.0	0.0	0.0	0.0	77.38067	52.0154	0.59628	20.35748	45.76608	71.86805	83.80534	70.79501	0.0	0.0	0.0
k__Archaea|p__Euryarchaeota|c__Halobacteria|o__Halobacteriales|f__Halobacteriaceae|g__Halosarcina	0.0	0.0	0.0	0.0	0.0	0.0	0.0	0.0	0.0	0.0	0.0	13.11274	0.0	0.0	0.0	0.0	0.0	0.0	0.0	56.75302
k__Archaea|p__Euryarchaeota|c__Halobacteria|o__Halobacteriales|f__Halobacteriaceae|g__Halosarcina|s__Halosarcina_pallida	0.0	0.0	0.0	0.0	0.0	0.0	0.0	0.0	0.0	0.0	0.0	13.11274	0.0	0.0	0.0	0.0	0.0	0.0	0.0	56.75302
k__Archaea|p__Euryarchaeota|c__Halobacteria|o__Halobacteriales|f__Halobacteriaceae|g__Halosarcina|s__Halosarcina_pallida|t__GCF_000337095	0.0	0.0	0.0	0.0	0.0	0.0	0.0	0.0	0.0	0.0	0.0	13.11274	0.0	0.0	0.0	0.0	0.0	0.0	0.0	56.75302
k__Archaea|p__Euryarchaeota|c__Halobacteria|o__Halobacteriales|f__Halobacteriaceae|g__Halosimplex	0.0	0.0	0.0	0.0	0.0	0.0	0.0	0.0	0.0	0.01748	0.0	0.0	0.0	0.0	0.0	0.0	0.0	0.0	0.0	0.0
k__Archaea|p__Euryarchaeota|c__Halobacteria|o__Halobacteriales|f__Halobacteriaceae|g__Halosimplex|s__Halosimplex_carlsbadense	0.0	0.0	0.0	0.0	0.0	0.0	0.0	0.0	0.0	0.01748	0.0	0.0	0.0	0.0	0.0	0.0	0.0	0.0	0.0	0.0
k__Archaea|p__Euryarchaeota|c__Halobacteria|o__Halobacteriales|f__Halobacteriaceae|g__Halosimplex|s__Halosimplex_carlsbadense|t__GCF_000337455	0.0	0.0	0.0	0.0	0.0	0.0	0.0	0.0	0.0	0.01748	0.0	0.0	0.0	0.0	0.0	0.0	0.0	0.0	0.0	0.0
k__Archaea|p__Euryarchaeota|c__Halobacteria|o__Halobacteriales|f__Halobacteriaceae|g__Haloterrigena	0.0	0.0	0.0	0.0	0.0	0.0	0.0	0.0	0.0	0.00124	0.0	0.0	0.0	0.0	0.0	0.0	0.0	0.0	0.0	0.0
k__Archaea|p__Euryarchaeota|c__Halobacteria|o__Halobacteriales|f__Halobacteriaceae|g__Haloterrigena|s__Haloterrigena_thermotolerans	0.0	0.0	0.0	0.0	0.0	0.0	0.0	0.0	0.0	0.00124	0.0	0.0	0.0	0.0	0.0	0.0	0.0	0.0	0.0	0.0
k__Archaea|p__Euryarchaeota|c__Halobacteria|o__Halobacteriales|f__Halobacteriaceae|g__Haloterrigena|s__Haloterrigena_thermotolerans|t__GCF_000337115	0.0	0.0	0.0	0.0	0.0	0.0	0.0	0.0	0.0	0.00124	0.0	0.0	0.0	0.0	0.0	0.0	0.0	0.0	0.0	0.0
k__Archaea|p__Euryarchaeota|c__Halobacteria|o__Halobacteriales|f__Halobacteriaceae|g__Natrialba	0.0	0.0	0.0	0.0	0.0	0.0	0.0	0.0	0.0	0.11714	0.95392	0.36529	0.0	1.03652	0.0	0.15774	0.20471	0.0	0.0	0.0
k__Archaea|p__Euryarchaeota|c__Halobacteria|o__Halobacteriales|f__Halobacteriaceae|g__Natrialba|s__Natrialba_aegyptia	0.0	0.0	0.0	0.0	0.0	0.0	0.0	0.0	0.0	0.11714	0.0	0.0	0.0	0.0	0.0	0.0	0.03401	0.0	0.0	0.0
k__Archaea|p__Euryarchaeota|c__Halobacteria|o__Halobacteriales|f__Halobacteriaceae|g__Natrialba|s__Natrialba_aegyptia|t__GCF_000337535	0.0	0.0	0.0	0.0	0.0	0.0	0.0	0.0	0.0	0.11714	0.0	0.0	0.0	0.0	0.0	0.0	0.03401	0.0	0.0	0.0
k__Archaea|p__Euryarchaeota|c__Halobacteria|o__Halobacteriales|f__Halobacteriaceae|g__Natrialba|s__Natrialba_unclassified	0.0	0.0	0.0	0.0	0.0	0.0	0.0	0.0	0.0	0.0	0.95392	0.36529	0.0	1.03652	0.0	0.15774	0.1707	0.0	0.0	0.0
k__Archaea|p__Euryarchaeota|c__Halobacteria|o__Halobacteriales|f__Halobacteriaceae|g__Natrinema	0.0	0.0	0.0	0.0	0.0	0.0	0.0	0.0	0.0	0.04925	0.0	0.0	0.0	0.0	0.0	0.0	0.0	0.0	0.0	0.0
k__Archaea|p__Euryarchaeota|c__Halobacteria|o__Halobacteriales|f__Halobacteriaceae|g__Natrinema|s__Natrinema_altunense	0.0	0.0	0.0	0.0	0.0	0.0	0.0	0.0	0.0	0.00753	0.0	0.0	0.0	0.0	0.0	0.0	0.0	0.0	0.0	0.0
k__Archaea|p__Euryarchaeota|c__Halobacteria|o__Halobacteriales|f__Halobacteriaceae|g__Natrinema|s__Natrinema_altunense|t__GCF_000337155	0.0	0.0	0.0	0.0	0.0	0.0	0.0	0.0	0.0	0.00753	0.0	0.0	0.0	0.0	0.0	0.0	0.0	0.0	0.0	0.0
k__Archaea|p__Euryarchaeota|c__Halobacteria|o__Halobacteriales|f__Halobacteriaceae|g__Natrinema|s__Natrinema_gari	0.0	0.0	0.0	0.0	0.0	0.0	0.0	0.0	0.0	0.04172	0.0	0.0	0.0	0.0	0.0	0.0	0.0	0.0	0.0	0.0
k__Archaea|p__Euryarchaeota|c__Halobacteria|o__Halobacteriales|f__Halobacteriaceae|g__Natrinema|s__Natrinema_gari|t__GCF_000337175	0.0	0.0	0.0	0.0	0.0	0.0	0.0	0.0	0.0	0.04172	0.0	0.0	0.0	0.0	0.0	0.0	0.0	0.0	0.0	0.0
k__Archaea|p__Thaumarchaeota	18.6141	0.92284	71.60718	3.30927	0.0	0.0	100.0	0.0	47.99778	0.0	0.0	0.0	0.0	0.0	0.0	0.0	0.0	0.0	0.0	0.0
k__Archaea|p__Thaumarchaeota|c__Thaumarchaeota_noname	18.6141	0.92284	71.60718	3.30927	0.0	0.0	100.0	0.0	47.99778	0.0	0.0	0.0	0.0	0.0	0.0	0.0	0.0	0.0	0.0	0.0
k__Archaea|p__Thaumarchaeota|c__Thaumarchaeota_noname|o__Nitrosopumilales	18.6141	0.92284	71.60718	3.30927	0.0	0.0	100.0	0.0	47.99778	0.0	0.0	0.0	0.0	0.0	0.0	0.0	0.0	0.0	0.0	0.0
k__Archaea|p__Thaumarchaeota|c__Thaumarchaeota_noname|o__Nitrosopumilales|f__Nitrosopumilaceae	18.6141	0.92284	71.60718	3.30927	0.0	0.0	100.0	0.0	47.99778	0.0	0.0	0.0	0.0	0.0	0.0	0.0	0.0	0.0	0.0	0.0
k__Archaea|p__Thaumarchaeota|c__Thaumarchaeota_noname|o__Nitrosopumilales|f__Nitrosopumilaceae|g__Nitrosopumilaceae_unclassified	17.76428	0.92284	65.38779	3.30927	0.0	0.0	100.0	0.0	47.99778	0.0	0.0	0.0	0.0	0.0	0.0	0.0	0.0	0.0	0.0	0.0
k__Archaea|p__Thaumarchaeota|c__Thaumarchaeota_noname|o__Nitrosopumilales|f__Nitrosopumilaceae|g__Nitrosopumilus	0.84982	0.0	6.21939	0.0	0.0	0.0	0.0	0.0	0.0	0.0	0.0	0.0	0.0	0.0	0.0	0.0	0.0	0.0	0.0	0.0
k__Archaea|p__Thaumarchaeota|c__Thaumarchaeota_noname|o__Nitrosopumilales|f__Nitrosopumilaceae|g__Nitrosopumilus|s__Candidatus_Nitrosopumilus_salaria	0.84982	0.0	0.0	0.0	0.0	0.0	0.0	0.0	0.0	0.0	0.0	0.0	0.0	0.0	0.0	0.0	0.0	0.0	0.0	0.0
k__Archaea|p__Thaumarchaeota|c__Thaumarchaeota_noname|o__Nitrosopumilales|f__Nitrosopumilaceae|g__Nitrosopumilus|s__Candidatus_Nitrosopumilus_salaria|t__GCF_000242875	0.84982	0.0	0.0	0.0	0.0	0.0	0.0	0.0	0.0	0.0	0.0	0.0	0.0	0.0	0.0	0.0	0.0	0.0	0.0	0.0
k__Archaea|p__Thaumarchaeota|c__Thaumarchaeota_noname|o__Nitrosopumilales|f__Nitrosopumilaceae|g__Nitrosopumilus|s__Nitrosopumilus_unclassified	0.0	0.0	6.21939	0.0	0.0	0.0	0.0	0.0	0.0	0.0	0.0	0.0	0.0	0.0	0.0	0.0	0.0	0.0	0.0	0.0
k__Bacteria	81.3859	99.07716	28.39282	96.69073	0.0	100.0	0.0	0.0	52.00222	3.69606	3.81404	25.39069	0.0	9.26735	4.46224	2.48163	12.69474	100.0	0.0	0.0
k__Bacteria|p__Actinobacteria	0.0	0.0	0.0	0.0	0.0	0.0	0.0	0.0	0.0	0.0	0.0	1.8488	0.0	0.0	0.0	0.0	0.0	0.0	0.0	0.0
k__Bacteria|p__Actinobacteria|c__Actinobacteria	0.0	0.0	0.0	0.0	0.0	0.0	0.0	0.0	0.0	0.0	0.0	1.8488	0.0	0.0	0.0	0.0	0.0	0.0	0.0	0.0
k__Bacteria|p__Actinobacteria|c__Actinobacteria|o__Actinomycetales	0.0	0.0	0.0	0.0	0.0	0.0	0.0	0.0	0.0	0.0	0.0	1.8488	0.0	0.0	0.0	0.0	0.0	0.0	0.0	0.0
k__Bacteria|p__Actinobacteria|c__Actinobacteria|o__Actinomycetales|f__Geodermatophilaceae	0.0	0.0	0.0	0.0	0.0	0.0	0.0	0.0	0.0	0.0	0.0	1.8488	0.0	0.0	0.0	0.0	0.0	0.0	0.0	0.0
k__Bacteria|p__Actinobacteria|c__Actinobacteria|o__Actinomycetales|f__Geodermatophilaceae|g__Geodermatophilaceae_unclassified	0.0	0.0	0.0	0.0	0.0	0.0	0.0	0.0	0.0	0.0	0.0	1.8488	0.0	0.0	0.0	0.0	0.0	0.0	0.0	0.0
k__Bacteria|p__Bacteroidetes	60.80629	0.0	0.0	43.36395	0.0	0.0	0.0	0.0	0.0	2.0273	0.0	10.96748	0.0	3.33556	4.46224	1.22136	0.0	80.84251	0.0	0.0
k__Bacteria|p__Bacteroidetes|c__Bacteroidetes_noname	0.0	0.0	0.0	0.0	0.0	0.0	0.0	0.0	0.0	2.0273	0.0	0.0	0.0	3.33556	4.46224	1.22136	0.0	0.0	0.0	0.0
k__Bacteria|p__Bacteroidetes|c__Bacteroidetes_noname|o__Bacteroidetes_Order_II_Incertae_sedis	0.0	0.0	0.0	0.0	0.0	0.0	0.0	0.0	0.0	2.0273	0.0	0.0	0.0	3.33556	4.46224	1.22136	0.0	0.0	0.0	0.0
k__Bacteria|p__Bacteroidetes|c__Bacteroidetes_noname|o__Bacteroidetes_Order_II_Incertae_sedis|f__Rhodothermaceae	0.0	0.0	0.0	0.0	0.0	0.0	0.0	0.0	0.0	2.0273	0.0	0.0	0.0	3.33556	4.46224	1.22136	0.0	0.0	0.0	0.0
k__Bacteria|p__Bacteroidetes|c__Bacteroidetes_noname|o__Bacteroidetes_Order_II_Incertae_sedis|f__Rhodothermaceae|g__Salinibacter	0.0	0.0	0.0	0.0	0.0	0.0	0.0	0.0	0.0	2.0273	0.0	0.0	0.0	3.33556	4.46224	1.22136	0.0	0.0	0.0	0.0
k__Bacteria|p__Bacteroidetes|c__Bacteroidetes_noname|o__Bacteroidetes_Order_II_Incertae_sedis|f__Rhodothermaceae|g__Salinibacter|s__Salinibacter_ruber	0.0	0.0	0.0	0.0	0.0	0.0	0.0	0.0	0.0	2.0273	0.0	0.0	0.0	3.33556	4.46224	1.22136	0.0	0.0	0.0	0.0
k__Bacteria|p__Bacteroidetes|c__Bacteroidetes_noname|o__Bacteroidetes_Order_II_Incertae_sedis|f__Rhodothermaceae|g__Salinibacter|s__Salinibacter_ruber|t__Salinibacter_ruber_unclassified	0.0	0.0	0.0	0.0	0.0	0.0	0.0	0.0	0.0	2.0273	0.0	0.0	0.0	3.33556	4.46224	1.22136	0.0	0.0	0.0	0.0
k__Bacteria|p__Bacteroidetes|c__Flavobacteriia	60.80629	0.0	0.0	43.36395	0.0	0.0	0.0	0.0	0.0	0.0	0.0	10.96748	0.0	0.0	0.0	0.0	0.0	80.84251	0.0	0.0
k__Bacteria|p__Bacteroidetes|c__Flavobacteriia|o__Flavobacteriales	60.80629	0.0	0.0	43.36395	0.0	0.0	0.0	0.0	0.0	0.0	0.0	10.96748	0.0	0.0	0.0	0.0	0.0	80.84251	0.0	0.0
k__Bacteria|p__Bacteroidetes|c__Flavobacteriia|o__Flavobacteriales|f__Flavobacteriaceae	60.80629	0.0	0.0	43.36395	0.0	0.0	0.0	0.0	0.0	0.0	0.0	10.96748	0.0	0.0	0.0	0.0	0.0	80.84251	0.0	0.0
k__Bacteria|p__Bacteroidetes|c__Flavobacteriia|o__Flavobacteriales|f__Flavobacteriaceae|g__Cellulophaga	4.73502	0.0	0.0	0.0	0.0	0.0	0.0	0.0	0.0	0.0	0.0	0.0	0.0	0.0	0.0	0.0	0.0	0.0	0.0	0.0
k__Bacteria|p__Bacteroidetes|c__Flavobacteriia|o__Flavobacteriales|f__Flavobacteriaceae|g__Cellulophaga|s__Cellulophaga_unclassified	4.73502	0.0	0.0	0.0	0.0	0.0	0.0	0.0	0.0	0.0	0.0	0.0	0.0	0.0	0.0	0.0	0.0	0.0	0.0	0.0
k__Bacteria|p__Bacteroidetes|c__Flavobacteriia|o__Flavobacteriales|f__Flavobacteriaceae|g__Eudoraea	0.32809	0.0	0.0	0.0	0.0	0.0	0.0	0.0	0.0	0.0	0.0	0.0	0.0	0.0	0.0	0.0	0.0	0.0	0.0	0.0
k__Bacteria|p__Bacteroidetes|c__Flavobacteriia|o__Flavobacteriales|f__Flavobacteriaceae|g__Eudoraea|s__Eudoraea_adriatica	0.32809	0.0	0.0	0.0	0.0	0.0	0.0	0.0	0.0	0.0	0.0	0.0	0.0	0.0	0.0	0.0	0.0	0.0	0.0	0.0
k__Bacteria|p__Bacteroidetes|c__Flavobacteriia|o__Flavobacteriales|f__Flavobacteriaceae|g__Eudoraea|s__Eudoraea_adriatica|t__GCF_000382125	0.32809	0.0	0.0	0.0	0.0	0.0	0.0	0.0	0.0	0.0	0.0	0.0	0.0	0.0	0.0	0.0	0.0	0.0	0.0	0.0
k__Bacteria|p__Bacteroidetes|c__Flavobacteriia|o__Flavobacteriales|f__Flavobacteriaceae|g__Flavobacterium	8.50731	0.0	0.0	0.0	0.0	0.0	0.0	0.0	0.0	0.0	0.0	0.0	0.0	0.0	0.0	0.0	0.0	0.0	0.0	0.0
k__Bacteria|p__Bacteroidetes|c__Flavobacteriia|o__Flavobacteriales|f__Flavobacteriaceae|g__Flavobacterium|s__Flavobacterium_frigoris	8.50731	0.0	0.0	0.0	0.0	0.0	0.0	0.0	0.0	0.0	0.0	0.0	0.0	0.0	0.0	0.0	0.0	0.0	0.0	0.0
k__Bacteria|p__Bacteroidetes|c__Flavobacteriia|o__Flavobacteriales|f__Flavobacteriaceae|g__Flavobacterium|s__Flavobacterium_frigoris|t__GCF_000252125	8.50731	0.0	0.0	0.0	0.0	0.0	0.0	0.0	0.0	0.0	0.0	0.0	0.0	0.0	0.0	0.0	0.0	0.0	0.0	0.0
k__Bacteria|p__Bacteroidetes|c__Flavobacteriia|o__Flavobacteriales|f__Flavobacteriaceae|g__Gillisia	47.23586	0.0	0.0	43.36395	0.0	0.0	0.0	0.0	0.0	0.0	0.0	10.96748	0.0	0.0	0.0	0.0	0.0	80.84251	0.0	0.0
k__Bacteria|p__Bacteroidetes|c__Flavobacteriia|o__Flavobacteriales|f__Flavobacteriaceae|g__Gillisia|s__Gillisia_unclassified	47.23586	0.0	0.0	43.36395	0.0	0.0	0.0	0.0	0.0	0.0	0.0	10.96748	0.0	0.0	0.0	0.0	0.0	80.84251	0.0	0.0
k__Bacteria|p__Chlorobi	0.0	0.0	0.0	0.0	0.0	0.0	0.0	0.0	12.79561	0.0	0.0	0.0	0.0	0.0	0.0	0.0	0.0	0.0	0.0	0.0
k__Bacteria|p__Chlorobi|c__Chlorobia	0.0	0.0	0.0	0.0	0.0	0.0	0.0	0.0	12.79561	0.0	0.0	0.0	0.0	0.0	0.0	0.0	0.0	0.0	0.0	0.0
k__Bacteria|p__Chlorobi|c__Chlorobia|o__Chlorobiales	0.0	0.0	0.0	0.0	0.0	0.0	0.0	0.0	12.79561	0.0	0.0	0.0	0.0	0.0	0.0	0.0	0.0	0.0	0.0	0.0
k__Bacteria|p__Chlorobi|c__Chlorobia|o__Chlorobiales|f__Chlorobiaceae	0.0	0.0	0.0	0.0	0.0	0.0	0.0	0.0	12.79561	0.0	0.0	0.0	0.0	0.0	0.0	0.0	0.0	0.0	0.0	0.0
k__Bacteria|p__Chlorobi|c__Chlorobia|o__Chlorobiales|f__Chlorobiaceae|g__Chlorobaculum	0.0	0.0	0.0	0.0	0.0	0.0	0.0	0.0	12.79561	0.0	0.0	0.0	0.0	0.0	0.0	0.0	0.0	0.0	0.0	0.0
k__Bacteria|p__Chlorobi|c__Chlorobia|o__Chlorobiales|f__Chlorobiaceae|g__Chlorobaculum|s__Chlorobaculum_unclassified	0.0	0.0	0.0	0.0	0.0	0.0	0.0	0.0	12.79561	0.0	0.0	0.0	0.0	0.0	0.0	0.0	0.0	0.0	0.0	0.0
k__Bacteria|p__Planctomycetes	0.0	0.0	0.0	0.0	0.0	0.0	0.0	0.0	0.0	0.01183	0.0	0.0	0.0	0.0	0.0	0.0	0.0	0.0	0.0	0.0
k__Bacteria|p__Planctomycetes|c__Planctomycetia	0.0	0.0	0.0	0.0	0.0	0.0	0.0	0.0	0.0	0.01183	0.0	0.0	0.0	0.0	0.0	0.0	0.0	0.0	0.0	0.0
k__Bacteria|p__Planctomycetes|c__Planctomycetia|o__Planctomycetales	0.0	0.0	0.0	0.0	0.0	0.0	0.0	0.0	0.0	0.01183	0.0	0.0	0.0	0.0	0.0	0.0	0.0	0.0	0.0	0.0
k__Bacteria|p__Planctomycetes|c__Planctomycetia|o__Planctomycetales|f__Planctomycetaceae	0.0	0.0	0.0	0.0	0.0	0.0	0.0	0.0	0.0	0.01183	0.0	0.0	0.0	0.0	0.0	0.0	0.0	0.0	0.0	0.0
k__Bacteria|p__Planctomycetes|c__Planctomycetia|o__Planctomycetales|f__Planctomycetaceae|g__Rhodopirellula	0.0	0.0	0.0	0.0	0.0	0.0	0.0	0.0	0.0	0.01183	0.0	0.0	0.0	0.0	0.0	0.0	0.0	0.0	0.0	0.0
k__Bacteria|p__Planctomycetes|c__Planctomycetia|o__Planctomycetales|f__Planctomycetaceae|g__Rhodopirellula|s__Rhodopirellula_europaea	0.0	0.0	0.0	0.0	0.0	0.0	0.0	0.0	0.0	0.01183	0.0	0.0	0.0	0.0	0.0	0.0	0.0	0.0	0.0	0.0
k__Bacteria|p__Planctomycetes|c__Planctomycetia|o__Planctomycetales|f__Planctomycetaceae|g__Rhodopirellula|s__Rhodopirellula_europaea|t__Rhodopirellula_europaea_unclassified	0.0	0.0	0.0	0.0	0.0	0.0	0.0	0.0	0.0	0.01183	0.0	0.0	0.0	0.0	0.0	0.0	0.0	0.0	0.0	0.0
k__Bacteria|p__Proteobacteria	20.57962	99.07716	28.39282	53.32678	0.0	100.0	0.0	0.0	39.20661	1.65692	3.81404	12.57441	0.0	5.93179	0.0	1.26027	12.69474	19.15749	0.0	0.0
k__Bacteria|p__Proteobacteria|c__Alphaproteobacteria	0.0	0.0	0.0	0.0	0.0	100.0	0.0	0.0	0.0	0.00409	0.0	2.11647	0.0	0.0	0.0	0.0	0.0	19.15749	0.0	0.0
k__Bacteria|p__Proteobacteria|c__Alphaproteobacteria|o__Rhodobacterales	0.0	0.0	0.0	0.0	0.0	100.0	0.0	0.0	0.0	0.00409	0.0	0.0	0.0	0.0	0.0	0.0	0.0	19.15749	0.0	0.0
k__Bacteria|p__Proteobacteria|c__Alphaproteobacteria|o__Rhodobacterales|f__Rhodobacteraceae	0.0	0.0	0.0	0.0	0.0	100.0	0.0	0.0	0.0	0.00409	0.0	0.0	0.0	0.0	0.0	0.0	0.0	19.15749	0.0	0.0
k__Bacteria|p__Proteobacteria|c__Alphaproteobacteria|o__Rhodobacterales|f__Rhodobacteraceae|g__Oceanicola	0.0	0.0	0.0	0.0	0.0	0.0	0.0	0.0	0.0	0.00409	0.0	0.0	0.0	0.0	0.0	0.0	0.0	19.15749	0.0	0.0
k__Bacteria|p__Proteobacteria|c__Alphaproteobacteria|o__Rhodobacterales|f__Rhodobacteraceae|g__Oceanicola|s__Oceanicola_unclassified	0.0	0.0	0.0	0.0	0.0	0.0	0.0	0.0	0.0	0.00409	0.0	0.0	0.0	0.0	0.0	0.0	0.0	19.15749	0.0	0.0
k__Bacteria|p__Proteobacteria|c__Alphaproteobacteria|o__Rhodobacterales|f__Rhodobacteraceae|g__Paracoccus	0.0	0.0	0.0	0.0	0.0	100.0	0.0	0.0	0.0	0.0	0.0	0.0	0.0	0.0	0.0	0.0	0.0	0.0	0.0	0.0
k__Bacteria|p__Proteobacteria|c__Alphaproteobacteria|o__Rhodobacterales|f__Rhodobacteraceae|g__Paracoccus|s__Paracoccus_unclassified	0.0	0.0	0.0	0.0	0.0	100.0	0.0	0.0	0.0	0.0	0.0	0.0	0.0	0.0	0.0	0.0	0.0	0.0	0.0	0.0
k__Bacteria|p__Proteobacteria|c__Alphaproteobacteria|o__Sphingomonadales	0.0	0.0	0.0	0.0	0.0	0.0	0.0	0.0	0.0	0.0	0.0	2.11647	0.0	0.0	0.0	0.0	0.0	0.0	0.0	0.0
k__Bacteria|p__Proteobacteria|c__Alphaproteobacteria|o__Sphingomonadales|f__Erythrobacteraceae	0.0	0.0	0.0	0.0	0.0	0.0	0.0	0.0	0.0	0.0	0.0	2.11647	0.0	0.0	0.0	0.0	0.0	0.0	0.0	0.0
k__Bacteria|p__Proteobacteria|c__Alphaproteobacteria|o__Sphingomonadales|f__Erythrobacteraceae|g__Erythrobacteraceae_unclassified	0.0	0.0	0.0	0.0	0.0	0.0	0.0	0.0	0.0	0.0	0.0	2.11647	0.0	0.0	0.0	0.0	0.0	0.0	0.0	0.0
k__Bacteria|p__Proteobacteria|c__Epsilonproteobacteria	20.57962	73.33401	28.39282	53.32678	0.0	0.0	0.0	0.0	39.20661	0.0	0.0	0.0	0.0	0.0	0.0	0.0	0.0	0.0	0.0	0.0
k__Bacteria|p__Proteobacteria|c__Epsilonproteobacteria|o__Epsilonproteobacteria_noname	20.57962	73.33401	28.39282	53.32678	0.0	0.0	0.0	0.0	39.20661	0.0	0.0	0.0	0.0	0.0	0.0	0.0	0.0	0.0	0.0	0.0
k__Bacteria|p__Proteobacteria|c__Epsilonproteobacteria|o__Epsilonproteobacteria_noname|f__Epsilonproteobacteria_noname	20.57962	73.33401	28.39282	53.32678	0.0	0.0	0.0	0.0	39.20661	0.0	0.0	0.0	0.0	0.0	0.0	0.0	0.0	0.0	0.0	0.0
k__Bacteria|p__Proteobacteria|c__Epsilonproteobacteria|o__Epsilonproteobacteria_noname|f__Epsilonproteobacteria_noname|g__Epsilonproteobacteria_noname_unclassified	20.57962	73.33401	28.39282	53.32678	0.0	0.0	0.0	0.0	39.20661	0.0	0.0	0.0	0.0	0.0	0.0	0.0	0.0	0.0	0.0	0.0
k__Bacteria|p__Proteobacteria|c__Gammaproteobacteria	0.0	25.74315	0.0	0.0	0.0	0.0	0.0	0.0	0.0	1.65283	3.81404	10.45794	0.0	5.93179	0.0	1.26027	12.69474	0.0	0.0	0.0
k__Bacteria|p__Proteobacteria|c__Gammaproteobacteria|o__Alteromonadales	0.0	0.0	0.0	0.0	0.0	0.0	0.0	0.0	0.0	1.36502	3.81404	10.45794	0.0	0.0	0.0	0.33733	12.69474	0.0	0.0	0.0
k__Bacteria|p__Proteobacteria|c__Gammaproteobacteria|o__Alteromonadales|f__Alteromonadaceae	0.0	0.0	0.0	0.0	0.0	0.0	0.0	0.0	0.0	1.36502	3.81404	6.51632	0.0	0.0	0.0	0.33733	12.69474	0.0	0.0	0.0
k__Bacteria|p__Proteobacteria|c__Gammaproteobacteria|o__Alteromonadales|f__Alteromonadaceae|g__Marinobacter	0.0	0.0	0.0	0.0	0.0	0.0	0.0	0.0	0.0	1.36502	3.81404	6.51632	0.0	0.0	0.0	0.33733	12.69474	0.0	0.0	0.0
k__Bacteria|p__Proteobacteria|c__Gammaproteobacteria|o__Alteromonadales|f__Alteromonadaceae|g__Marinobacter|s__Marinobacter_adhaerens	0.0	0.0	0.0	0.0	0.0	0.0	0.0	0.0	0.0	0.0	0.0	0.0	0.0	0.0	0.0	0.0	0.79801	0.0	0.0	0.0
k__Bacteria|p__Proteobacteria|c__Gammaproteobacteria|o__Alteromonadales|f__Alteromonadaceae|g__Marinobacter|s__Marinobacter_adhaerens|t__GCF_000166295	0.0	0.0	0.0	0.0	0.0	0.0	0.0	0.0	0.0	0.0	0.0	0.0	0.0	0.0	0.0	0.0	0.79801	0.0	0.0	0.0
k__Bacteria|p__Proteobacteria|c__Gammaproteobacteria|o__Alteromonadales|f__Alteromonadaceae|g__Marinobacter|s__Marinobacter_manganoxydans	0.0	0.0	0.0	0.0	0.0	0.0	0.0	0.0	0.0	0.08614	0.0	0.0	0.0	0.0	0.0	0.0	1.98587	0.0	0.0	0.0
k__Bacteria|p__Proteobacteria|c__Gammaproteobacteria|o__Alteromonadales|f__Alteromonadaceae|g__Marinobacter|s__Marinobacter_manganoxydans|t__GCF_000235625	0.0	0.0	0.0	0.0	0.0	0.0	0.0	0.0	0.0	0.08614	0.0	0.0	0.0	0.0	0.0	0.0	1.98587	0.0	0.0	0.0
k__Bacteria|p__Proteobacteria|c__Gammaproteobacteria|o__Alteromonadales|f__Alteromonadaceae|g__Marinobacter|s__Marinobacter_unclassified	0.0	0.0	0.0	0.0	0.0	0.0	0.0	0.0	0.0	1.27888	3.81404	6.51632	0.0	0.0	0.0	0.33733	9.91086	0.0	0.0	0.0
k__Bacteria|p__Proteobacteria|c__Gammaproteobacteria|o__Alteromonadales|f__Idiomarinaceae	0.0	0.0	0.0	0.0	0.0	0.0	0.0	0.0	0.0	0.0	0.0	0.95284	0.0	0.0	0.0	0.0	0.0	0.0	0.0	0.0
k__Bacteria|p__Proteobacteria|c__Gammaproteobacteria|o__Alteromonadales|f__Idiomarinaceae|g__Idiomarina	0.0	0.0	0.0	0.0	0.0	0.0	0.0	0.0	0.0	0.0	0.0	0.95284	0.0	0.0	0.0	0.0	0.0	0.0	0.0	0.0
k__Bacteria|p__Proteobacteria|c__Gammaproteobacteria|o__Alteromonadales|f__Idiomarinaceae|g__Idiomarina|s__Idiomarina_unclassified	0.0	0.0	0.0	0.0	0.0	0.0	0.0	0.0	0.0	0.0	0.0	0.95284	0.0	0.0	0.0	0.0	0.0	0.0	0.0	0.0
k__Bacteria|p__Proteobacteria|c__Gammaproteobacteria|o__Alteromonadales|f__Pseudoalteromonadaceae	0.0	0.0	0.0	0.0	0.0	0.0	0.0	0.0	0.0	0.0	0.0	2.98878	0.0	0.0	0.0	0.0	0.0	0.0	0.0	0.0
k__Bacteria|p__Proteobacteria|c__Gammaproteobacteria|o__Alteromonadales|f__Pseudoalteromonadaceae|g__Pseudoalteromonas	0.0	0.0	0.0	0.0	0.0	0.0	0.0	0.0	0.0	0.0	0.0	2.98878	0.0	0.0	0.0	0.0	0.0	0.0	0.0	0.0
k__Bacteria|p__Proteobacteria|c__Gammaproteobacteria|o__Alteromonadales|f__Pseudoalteromonadaceae|g__Pseudoalteromonas|s__Pseudoalteromonas_ruthenica	0.0	0.0	0.0	0.0	0.0	0.0	0.0	0.0	0.0	0.0	0.0	2.98878	0.0	0.0	0.0	0.0	0.0	0.0	0.0	0.0
k__Bacteria|p__Proteobacteria|c__Gammaproteobacteria|o__Alteromonadales|f__Pseudoalteromonadaceae|g__Pseudoalteromonas|s__Pseudoalteromonas_ruthenica|t__GCF_000336495	0.0	0.0	0.0	0.0	0.0	0.0	0.0	0.0	0.0	0.0	0.0	2.98878	0.0	0.0	0.0	0.0	0.0	0.0	0.0	0.0
k__Bacteria|p__Proteobacteria|c__Gammaproteobacteria|o__Chromatiales	0.0	0.0	0.0	0.0	0.0	0.0	0.0	0.0	0.0	0.0	0.0	0.0	0.0	1.77002	0.0	0.0	0.0	0.0	0.0	0.0
k__Bacteria|p__Proteobacteria|c__Gammaproteobacteria|o__Chromatiales|f__Ectothiorhodospiraceae	0.0	0.0	0.0	0.0	0.0	0.0	0.0	0.0	0.0	0.0	0.0	0.0	0.0	1.77002	0.0	0.0	0.0	0.0	0.0	0.0
k__Bacteria|p__Proteobacteria|c__Gammaproteobacteria|o__Chromatiales|f__Ectothiorhodospiraceae|g__Spiribacter	0.0	0.0	0.0	0.0	0.0	0.0	0.0	0.0	0.0	0.0	0.0	0.0	0.0	1.77002	0.0	0.0	0.0	0.0	0.0	0.0
k__Bacteria|p__Proteobacteria|c__Gammaproteobacteria|o__Chromatiales|f__Ectothiorhodospiraceae|g__Spiribacter|s__Spiribacter_unclassified	0.0	0.0	0.0	0.0	0.0	0.0	0.0	0.0	0.0	0.0	0.0	0.0	0.0	1.77002	0.0	0.0	0.0	0.0	0.0	0.0
k__Bacteria|p__Proteobacteria|c__Gammaproteobacteria|o__Enterobacteriales	0.0	0.0	0.0	0.0	0.0	0.0	0.0	0.0	0.0	0.0	0.0	0.0	0.0	1.54877	0.0	0.0	0.0	0.0	0.0	0.0
k__Bacteria|p__Proteobacteria|c__Gammaproteobacteria|o__Enterobacteriales|f__Enterobacteriaceae	0.0	0.0	0.0	0.0	0.0	0.0	0.0	0.0	0.0	0.0	0.0	0.0	0.0	1.54877	0.0	0.0	0.0	0.0	0.0	0.0
k__Bacteria|p__Proteobacteria|c__Gammaproteobacteria|o__Enterobacteriales|f__Enterobacteriaceae|g__Escherichia	0.0	0.0	0.0	0.0	0.0	0.0	0.0	0.0	0.0	0.0	0.0	0.0	0.0	1.54877	0.0	0.0	0.0	0.0	0.0	0.0
k__Bacteria|p__Proteobacteria|c__Gammaproteobacteria|o__Enterobacteriales|f__Enterobacteriaceae|g__Escherichia|s__Escherichia_coli	0.0	0.0	0.0	0.0	0.0	0.0	0.0	0.0	0.0	0.0	0.0	0.0	0.0	1.54877	0.0	0.0	0.0	0.0	0.0	0.0
k__Bacteria|p__Proteobacteria|c__Gammaproteobacteria|o__Enterobacteriales|f__Enterobacteriaceae|g__Escherichia|s__Escherichia_coli|t__Escherichia_coli_unclassified	0.0	0.0	0.0	0.0	0.0	0.0	0.0	0.0	0.0	0.0	0.0	0.0	0.0	1.54877	0.0	0.0	0.0	0.0	0.0	0.0
k__Bacteria|p__Proteobacteria|c__Gammaproteobacteria|o__Oceanospirillales	0.0	0.0	0.0	0.0	0.0	0.0	0.0	0.0	0.0	0.28781	0.0	0.0	0.0	2.613	0.0	0.92294	0.0	0.0	0.0	0.0
k__Bacteria|p__Proteobacteria|c__Gammaproteobacteria|o__Oceanospirillales|f__Halomonadaceae	0.0	0.0	0.0	0.0	0.0	0.0	0.0	0.0	0.0	0.28781	0.0	0.0	0.0	2.613	0.0	0.92294	0.0	0.0	0.0	0.0
k__Bacteria|p__Proteobacteria|c__Gammaproteobacteria|o__Oceanospirillales|f__Halomonadaceae|g__Halomonas	0.0	0.0	0.0	0.0	0.0	0.0	0.0	0.0	0.0	0.28781	0.0	0.0	0.0	2.613	0.0	0.92294	0.0	0.0	0.0	0.0
k__Bacteria|p__Proteobacteria|c__Gammaproteobacteria|o__Oceanospirillales|f__Halomonadaceae|g__Halomonas|s__Halomonas_unclassified	0.0	0.0	0.0	0.0	0.0	0.0	0.0	0.0	0.0	0.28781	0.0	0.0	0.0	2.613	0.0	0.92294	0.0	0.0	0.0	0.0
k__Bacteria|p__Proteobacteria|c__Gammaproteobacteria|o__Xanthomonadales	0.0	25.74315	0.0	0.0	0.0	0.0	0.0	0.0	0.0	0.0	0.0	0.0	0.0	0.0	0.0	0.0	0.0	0.0	0.0	0.0
k__Bacteria|p__Proteobacteria|c__Gammaproteobacteria|o__Xanthomonadales|f__Sinobacteraceae	0.0	25.74315	0.0	0.0	0.0	0.0	0.0	0.0	0.0	0.0	0.0	0.0	0.0	0.0	0.0	0.0	0.0	0.0	0.0	0.0
k__Bacteria|p__Proteobacteria|c__Gammaproteobacteria|o__Xanthomonadales|f__Sinobacteraceae|g__Sinobacteraceae_unclassified	0.0	25.74315	0.0	0.0	0.0	0.0	0.0	0.0	0.0	0.0	0.0	0.0	0.0	0.0	0.0	0.0	0.0	0.0	0.0	0.0
unclassified	0.0	0.0	0.0	0.0	100.0	0.0	0.0	100.0	0.0	0.0	0.0	0.0	0.0	0.0	0.0	0.0	0.0	0.0	100.0	0.0
