study_accession	sample_accession	experiment_accession	run_accession	tax_id	scientific_name	fastq_ftp	submitted_ftp	sra_ftp
PRJEB12502	SAMEA3733403	ERX1298889	ERR1226677	410658	soil metagenome	ftp.sra.ebi.ac.uk/vol1/fastq/ERR122/007/ERR1226677/ERR1226677.fastq.gz	ftp.sra.ebi.ac.uk/vol1/run/ERR122/ERR1226677/A7M1_13C.bact.fastq.gz	ftp.sra.ebi.ac.uk/vol1/err/ERR122/007/ERR1226677
PRJEB12502	SAMEA3733404	ERX1298890	ERR1226678	410658	soil metagenome	ftp.sra.ebi.ac.uk/vol1/fastq/ERR122/008/ERR1226678/ERR1226678.fastq.gz	ftp.sra.ebi.ac.uk/vol1/run/ERR122/ERR1226678/A7M2_12C.bact.fastq.gz	ftp.sra.ebi.ac.uk/vol1/err/ERR122/008/ERR1226678
PRJEB12502	SAMEA3733405	ERX1298891	ERR1226679	410658	soil metagenome	ftp.sra.ebi.ac.uk/vol1/fastq/ERR122/009/ERR1226679/ERR1226679.fastq.gz	ftp.sra.ebi.ac.uk/vol1/run/ERR122/ERR1226679/A7M3_12C.bact.fastq.gz	ftp.sra.ebi.ac.uk/vol1/err/ERR122/009/ERR1226679
PRJEB12502	SAMEA3733406	ERX1298892	ERR1226680	410658	soil metagenome	ftp.sra.ebi.ac.uk/vol1/fastq/ERR122/000/ERR1226680/ERR1226680.fastq.gz	ftp.sra.ebi.ac.uk/vol1/run/ERR122/ERR1226680/A7O2_12C.bact.fastq.gz	ftp.sra.ebi.ac.uk/vol1/err/ERR122/000/ERR1226680
PRJEB12502	SAMEA3733407	ERX1298893	ERR1226681	410658	soil metagenome	ftp.sra.ebi.ac.uk/vol1/fastq/ERR122/001/ERR1226681/ERR1226681.fastq.gz	ftp.sra.ebi.ac.uk/vol1/run/ERR122/ERR1226681/A7O3_12C.bact.fastq.gz	ftp.sra.ebi.ac.uk/vol1/err/ERR122/001/ERR1226681
PRJEB12502	SAMEA3733408	ERX1298894	ERR1226682	410658	soil metagenome	ftp.sra.ebi.ac.uk/vol1/fastq/ERR122/002/ERR1226682/ERR1226682.fastq.gz	ftp.sra.ebi.ac.uk/vol1/run/ERR122/ERR1226682/A8M1_12C.bact.fastq.gz	ftp.sra.ebi.ac.uk/vol1/err/ERR122/002/ERR1226682
PRJEB12502	SAMEA3733409	ERX1298895	ERR1226683	410658	soil metagenome	ftp.sra.ebi.ac.uk/vol1/fastq/ERR122/003/ERR1226683/ERR1226683.fastq.gz	ftp.sra.ebi.ac.uk/vol1/run/ERR122/ERR1226683/BLM1_13C.bact.fastq.gz	ftp.sra.ebi.ac.uk/vol1/err/ERR122/003/ERR1226683
PRJEB12502	SAMEA3733410	ERX1298896	ERR1226684	410658	soil metagenome	ftp.sra.ebi.ac.uk/vol1/fastq/ERR122/004/ERR1226684/ERR1226684.fastq.gz	ftp.sra.ebi.ac.uk/vol1/run/ERR122/ERR1226684/BLM2_13C.bact.fastq.gz	ftp.sra.ebi.ac.uk/vol1/err/ERR122/004/ERR1226684
PRJEB12502	SAMEA3733411	ERX1298897	ERR1226685	410658	soil metagenome	ftp.sra.ebi.ac.uk/vol1/fastq/ERR122/005/ERR1226685/ERR1226685.fastq.gz	ftp.sra.ebi.ac.uk/vol1/run/ERR122/ERR1226685/BLM3_13C.bact.fastq.gz	ftp.sra.ebi.ac.uk/vol1/err/ERR122/005/ERR1226685
PRJEB12502	SAMEA3733412	ERX1298898	ERR1226686	410658	soil metagenome	ftp.sra.ebi.ac.uk/vol1/fastq/ERR122/006/ERR1226686/ERR1226686.fastq.gz	ftp.sra.ebi.ac.uk/vol1/run/ERR122/ERR1226686/BLO1_12C.bact.fastq.gz	ftp.sra.ebi.ac.uk/vol1/err/ERR122/006/ERR1226686
PRJEB12502	SAMEA3733413	ERX1298899	ERR1226687	410658	soil metagenome	ftp.sra.ebi.ac.uk/vol1/fastq/ERR122/007/ERR1226687/ERR1226687.fastq.gz	ftp.sra.ebi.ac.uk/vol1/run/ERR122/ERR1226687/BLO1_13C.bact.fastq.gz	ftp.sra.ebi.ac.uk/vol1/err/ERR122/007/ERR1226687
PRJEB12502	SAMEA3733414	ERX1298900	ERR1226688	410658	soil metagenome	ftp.sra.ebi.ac.uk/vol1/fastq/ERR122/008/ERR1226688/ERR1226688.fastq.gz	ftp.sra.ebi.ac.uk/vol1/run/ERR122/ERR1226688/BRM1_12C.bact.fastq.gz	ftp.sra.ebi.ac.uk/vol1/err/ERR122/008/ERR1226688
PRJEB12502	SAMEA3733415	ERX1298901	ERR1226689	410658	soil metagenome	ftp.sra.ebi.ac.uk/vol1/fastq/ERR122/009/ERR1226689/ERR1226689.fastq.gz	ftp.sra.ebi.ac.uk/vol1/run/ERR122/ERR1226689/BRM2_13C.bact.fastq.gz	ftp.sra.ebi.ac.uk/vol1/err/ERR122/009/ERR1226689
PRJEB12502	SAMEA3733416	ERX1298902	ERR1226690	410658	soil metagenome	ftp.sra.ebi.ac.uk/vol1/fastq/ERR122/000/ERR1226690/ERR1226690.fastq.gz	ftp.sra.ebi.ac.uk/vol1/run/ERR122/ERR1226690/BRM3_12C.bact.fastq.gz	ftp.sra.ebi.ac.uk/vol1/err/ERR122/000/ERR1226690
PRJEB12502	SAMEA3733417	ERX1298903	ERR1226691	410658	soil metagenome	ftp.sra.ebi.ac.uk/vol1/fastq/ERR122/001/ERR1226691/ERR1226691.fastq.gz	ftp.sra.ebi.ac.uk/vol1/run/ERR122/ERR1226691/BRM3_13C.bact.fastq.gz	ftp.sra.ebi.ac.uk/vol1/err/ERR122/001/ERR1226691
PRJEB12502	SAMEA3733418	ERX1298904	ERR1226692	410658	soil metagenome	ftp.sra.ebi.ac.uk/vol1/fastq/ERR122/002/ERR1226692/ERR1226692.fastq.gz	ftp.sra.ebi.ac.uk/vol1/run/ERR122/ERR1226692/BRO1_12C.bact.fastq.gz	ftp.sra.ebi.ac.uk/vol1/err/ERR122/002/ERR1226692
PRJEB12502	SAMEA3733419	ERX1298905	ERR1226693	410658	soil metagenome	ftp.sra.ebi.ac.uk/vol1/fastq/ERR122/003/ERR1226693/ERR1226693.fastq.gz	ftp.sra.ebi.ac.uk/vol1/run/ERR122/ERR1226693/BRO1_13C.bact.fastq.gz	ftp.sra.ebi.ac.uk/vol1/err/ERR122/003/ERR1226693
PRJEB12502	SAMEA3733420	ERX1298906	ERR1226694	410658	soil metagenome	ftp.sra.ebi.ac.uk/vol1/fastq/ERR122/004/ERR1226694/ERR1226694.fastq.gz	ftp.sra.ebi.ac.uk/vol1/run/ERR122/ERR1226694/BRO2_12C.bact.fastq.gz	ftp.sra.ebi.ac.uk/vol1/err/ERR122/004/ERR1226694
PRJEB12502	SAMEA3733421	ERX1298907	ERR1226695	410658	soil metagenome	ftp.sra.ebi.ac.uk/vol1/fastq/ERR122/005/ERR1226695/ERR1226695.fastq.gz	ftp.sra.ebi.ac.uk/vol1/run/ERR122/ERR1226695/BRO2_13C.bact.fastq.gz	ftp.sra.ebi.ac.uk/vol1/err/ERR122/005/ERR1226695
PRJEB12502	SAMEA3733422	ERX1298908	ERR1226696	410658	soil metagenome	ftp.sra.ebi.ac.uk/vol1/fastq/ERR122/006/ERR1226696/ERR1226696.fastq.gz	ftp.sra.ebi.ac.uk/vol1/run/ERR122/ERR1226696/BRO3_12C.bact.fastq.gz	ftp.sra.ebi.ac.uk/vol1/err/ERR122/006/ERR1226696
PRJEB12502	SAMEA3733423	ERX1298909	ERR1226697	410658	soil metagenome	ftp.sra.ebi.ac.uk/vol1/fastq/ERR122/007/ERR1226697/ERR1226697.fastq.gz	ftp.sra.ebi.ac.uk/vol1/run/ERR122/ERR1226697/BRO3_13C.bact.fastq.gz	ftp.sra.ebi.ac.uk/vol1/err/ERR122/007/ERR1226697
PRJEB12502	SAMEA3733424	ERX1298910	ERR1226698	410658	soil metagenome	ftp.sra.ebi.ac.uk/vol1/fastq/ERR122/008/ERR1226698/ERR1226698.fastq.gz	ftp.sra.ebi.ac.uk/vol1/run/ERR122/ERR1226698/LHM1_12C.bact.fastq.gz	ftp.sra.ebi.ac.uk/vol1/err/ERR122/008/ERR1226698
PRJEB12502	SAMEA3733425	ERX1298911	ERR1226699	410658	soil metagenome	ftp.sra.ebi.ac.uk/vol1/fastq/ERR122/009/ERR1226699/ERR1226699.fastq.gz	ftp.sra.ebi.ac.uk/vol1/run/ERR122/ERR1226699/LHM1_13C.bact.fastq.gz	ftp.sra.ebi.ac.uk/vol1/err/ERR122/009/ERR1226699
PRJEB12502	SAMEA3733426	ERX1298912	ERR1226700	410658	soil metagenome	ftp.sra.ebi.ac.uk/vol1/fastq/ERR122/000/ERR1226700/ERR1226700.fastq.gz	ftp.sra.ebi.ac.uk/vol1/run/ERR122/ERR1226700/LHM2_12C.bact.fastq.gz	ftp.sra.ebi.ac.uk/vol1/err/ERR122/000/ERR1226700
PRJEB12502	SAMEA3733427	ERX1298913	ERR1226701	410658	soil metagenome	ftp.sra.ebi.ac.uk/vol1/fastq/ERR122/001/ERR1226701/ERR1226701.fastq.gz	ftp.sra.ebi.ac.uk/vol1/run/ERR122/ERR1226701/LHM2_13C.bact.fastq.gz	ftp.sra.ebi.ac.uk/vol1/err/ERR122/001/ERR1226701
PRJEB12502	SAMEA3733428	ERX1298914	ERR1226702	410658	soil metagenome	ftp.sra.ebi.ac.uk/vol1/fastq/ERR122/002/ERR1226702/ERR1226702.fastq.gz	ftp.sra.ebi.ac.uk/vol1/run/ERR122/ERR1226702/LHM3_12C.bact.fastq.gz	ftp.sra.ebi.ac.uk/vol1/err/ERR122/002/ERR1226702
PRJEB12502	SAMEA3733429	ERX1298915	ERR1226703	410658	soil metagenome	ftp.sra.ebi.ac.uk/vol1/fastq/ERR122/003/ERR1226703/ERR1226703.fastq.gz	ftp.sra.ebi.ac.uk/vol1/run/ERR122/ERR1226703/LHM3_13C.bact.fastq.gz	ftp.sra.ebi.ac.uk/vol1/err/ERR122/003/ERR1226703
PRJEB12502	SAMEA3733430	ERX1298916	ERR1226704	410658	soil metagenome	ftp.sra.ebi.ac.uk/vol1/fastq/ERR122/004/ERR1226704/ERR1226704.fastq.gz	ftp.sra.ebi.ac.uk/vol1/run/ERR122/ERR1226704/LHO1_12C.bact.fastq.gz	ftp.sra.ebi.ac.uk/vol1/err/ERR122/004/ERR1226704
PRJEB12502	SAMEA3733431	ERX1298917	ERR1226705	410658	soil metagenome	ftp.sra.ebi.ac.uk/vol1/fastq/ERR122/005/ERR1226705/ERR1226705.fastq.gz	ftp.sra.ebi.ac.uk/vol1/run/ERR122/ERR1226705/LHO1_13C.bact.fastq.gz	ftp.sra.ebi.ac.uk/vol1/err/ERR122/005/ERR1226705
PRJEB12502	SAMEA3733432	ERX1298918	ERR1226706	410658	soil metagenome	ftp.sra.ebi.ac.uk/vol1/fastq/ERR122/006/ERR1226706/ERR1226706.fastq.gz	ftp.sra.ebi.ac.uk/vol1/run/ERR122/ERR1226706/LHO2_12C.bact.fastq.gz	ftp.sra.ebi.ac.uk/vol1/err/ERR122/006/ERR1226706
PRJEB12502	SAMEA3733433	ERX1298919	ERR1226707	410658	soil metagenome	ftp.sra.ebi.ac.uk/vol1/fastq/ERR122/007/ERR1226707/ERR1226707.fastq.gz	ftp.sra.ebi.ac.uk/vol1/run/ERR122/ERR1226707/LHO3_12C.bact.fastq.gz	ftp.sra.ebi.ac.uk/vol1/err/ERR122/007/ERR1226707
PRJEB12502	SAMEA3733434	ERX1298920	ERR1226708	410658	soil metagenome	ftp.sra.ebi.ac.uk/vol1/fastq/ERR122/008/ERR1226708/ERR1226708.fastq.gz	ftp.sra.ebi.ac.uk/vol1/run/ERR122/ERR1226708/LHO3_13C.bact.fastq.gz	ftp.sra.ebi.ac.uk/vol1/err/ERR122/008/ERR1226708
PRJEB12502	SAMEA3733435	ERX1298921	ERR1226709	410658	soil metagenome	ftp.sra.ebi.ac.uk/vol1/fastq/ERR122/009/ERR1226709/ERR1226709.fastq.gz	ftp.sra.ebi.ac.uk/vol1/run/ERR122/ERR1226709/A7M2_13C.bact.fastq.gz	ftp.sra.ebi.ac.uk/vol1/err/ERR122/009/ERR1226709
PRJEB12502	SAMEA3733436	ERX1298922	ERR1226710	410658	soil metagenome	ftp.sra.ebi.ac.uk/vol1/fastq/ERR122/000/ERR1226710/ERR1226710.fastq.gz	ftp.sra.ebi.ac.uk/vol1/run/ERR122/ERR1226710/A7M3_13C.bact.fastq.gz	ftp.sra.ebi.ac.uk/vol1/err/ERR122/000/ERR1226710
PRJEB12502	SAMEA3733437	ERX1298923	ERR1226711	410658	soil metagenome	ftp.sra.ebi.ac.uk/vol1/fastq/ERR122/001/ERR1226711/ERR1226711.fastq.gz	ftp.sra.ebi.ac.uk/vol1/run/ERR122/ERR1226711/A7O1_12C.bact.fastq.gz	ftp.sra.ebi.ac.uk/vol1/err/ERR122/001/ERR1226711
PRJEB12502	SAMEA3733438	ERX1298924	ERR1226712	410658	soil metagenome	ftp.sra.ebi.ac.uk/vol1/fastq/ERR122/002/ERR1226712/ERR1226712.fastq.gz	ftp.sra.ebi.ac.uk/vol1/run/ERR122/ERR1226712/A7O1_13C.bact.fastq.gz	ftp.sra.ebi.ac.uk/vol1/err/ERR122/002/ERR1226712
PRJEB12502	SAMEA3733439	ERX1298925	ERR1226713	410658	soil metagenome	ftp.sra.ebi.ac.uk/vol1/fastq/ERR122/003/ERR1226713/ERR1226713.fastq.gz	ftp.sra.ebi.ac.uk/vol1/run/ERR122/ERR1226713/A7O2_13C.bact.fastq.gz	ftp.sra.ebi.ac.uk/vol1/err/ERR122/003/ERR1226713
PRJEB12502	SAMEA3733440	ERX1298926	ERR1226714	410658	soil metagenome	ftp.sra.ebi.ac.uk/vol1/fastq/ERR122/004/ERR1226714/ERR1226714.fastq.gz	ftp.sra.ebi.ac.uk/vol1/run/ERR122/ERR1226714/A8M2_12C.bact.fastq.gz	ftp.sra.ebi.ac.uk/vol1/err/ERR122/004/ERR1226714
PRJEB12502	SAMEA3733441	ERX1298927	ERR1226715	410658	soil metagenome	ftp.sra.ebi.ac.uk/vol1/fastq/ERR122/005/ERR1226715/ERR1226715.fastq.gz	ftp.sra.ebi.ac.uk/vol1/run/ERR122/ERR1226715/A8M2_13C.bact.fastq.gz	ftp.sra.ebi.ac.uk/vol1/err/ERR122/005/ERR1226715
PRJEB12502	SAMEA3733442	ERX1298928	ERR1226716	410658	soil metagenome	ftp.sra.ebi.ac.uk/vol1/fastq/ERR122/006/ERR1226716/ERR1226716.fastq.gz	ftp.sra.ebi.ac.uk/vol1/run/ERR122/ERR1226716/A8M3_13C.bact.fastq.gz	ftp.sra.ebi.ac.uk/vol1/err/ERR122/006/ERR1226716
PRJEB12502	SAMEA3733443	ERX1298929	ERR1226717	410658	soil metagenome	ftp.sra.ebi.ac.uk/vol1/fastq/ERR122/007/ERR1226717/ERR1226717.fastq.gz	ftp.sra.ebi.ac.uk/vol1/run/ERR122/ERR1226717/A8O1_12C.bact.fastq.gz	ftp.sra.ebi.ac.uk/vol1/err/ERR122/007/ERR1226717
PRJEB12502	SAMEA3733444	ERX1298930	ERR1226718	410658	soil metagenome	ftp.sra.ebi.ac.uk/vol1/fastq/ERR122/008/ERR1226718/ERR1226718.fastq.gz	ftp.sra.ebi.ac.uk/vol1/run/ERR122/ERR1226718/A8O2_12C.bact.fastq.gz	ftp.sra.ebi.ac.uk/vol1/err/ERR122/008/ERR1226718
PRJEB12502	SAMEA3733445	ERX1298931	ERR1226719	410658	soil metagenome	ftp.sra.ebi.ac.uk/vol1/fastq/ERR122/009/ERR1226719/ERR1226719.fastq.gz	ftp.sra.ebi.ac.uk/vol1/run/ERR122/ERR1226719/A8O2_13C.bact.fastq.gz	ftp.sra.ebi.ac.uk/vol1/err/ERR122/009/ERR1226719
PRJEB12502	SAMEA3733446	ERX1298932	ERR1226720	410658	soil metagenome	ftp.sra.ebi.ac.uk/vol1/fastq/ERR122/000/ERR1226720/ERR1226720.fastq.gz	ftp.sra.ebi.ac.uk/vol1/run/ERR122/ERR1226720/A8O3_12C.bact.fastq.gz	ftp.sra.ebi.ac.uk/vol1/err/ERR122/000/ERR1226720
PRJEB12502	SAMEA3733447	ERX1298933	ERR1226721	410658	soil metagenome	ftp.sra.ebi.ac.uk/vol1/fastq/ERR122/001/ERR1226721/ERR1226721.fastq.gz	ftp.sra.ebi.ac.uk/vol1/run/ERR122/ERR1226721/A9M1_12C.bact.fastq.gz	ftp.sra.ebi.ac.uk/vol1/err/ERR122/001/ERR1226721
PRJEB12502	SAMEA3733448	ERX1298934	ERR1226722	410658	soil metagenome	ftp.sra.ebi.ac.uk/vol1/fastq/ERR122/002/ERR1226722/ERR1226722.fastq.gz	ftp.sra.ebi.ac.uk/vol1/run/ERR122/ERR1226722/A9M1_13C.bact.fastq.gz	ftp.sra.ebi.ac.uk/vol1/err/ERR122/002/ERR1226722
PRJEB12502	SAMEA3733449	ERX1298935	ERR1226723	410658	soil metagenome	ftp.sra.ebi.ac.uk/vol1/fastq/ERR122/003/ERR1226723/ERR1226723.fastq.gz	ftp.sra.ebi.ac.uk/vol1/run/ERR122/ERR1226723/A9M2_12C.bact.fastq.gz	ftp.sra.ebi.ac.uk/vol1/err/ERR122/003/ERR1226723
PRJEB12502	SAMEA3733450	ERX1298936	ERR1226724	410658	soil metagenome	ftp.sra.ebi.ac.uk/vol1/fastq/ERR122/004/ERR1226724/ERR1226724.fastq.gz	ftp.sra.ebi.ac.uk/vol1/run/ERR122/ERR1226724/A9M2_13C.bact.fastq.gz	ftp.sra.ebi.ac.uk/vol1/err/ERR122/004/ERR1226724
PRJEB12502	SAMEA3733451	ERX1298937	ERR1226725	410658	soil metagenome	ftp.sra.ebi.ac.uk/vol1/fastq/ERR122/005/ERR1226725/ERR1226725.fastq.gz	ftp.sra.ebi.ac.uk/vol1/run/ERR122/ERR1226725/A9M3_12C.bact.fastq.gz	ftp.sra.ebi.ac.uk/vol1/err/ERR122/005/ERR1226725
PRJEB12502	SAMEA3733452	ERX1298938	ERR1226726	410658	soil metagenome	ftp.sra.ebi.ac.uk/vol1/fastq/ERR122/006/ERR1226726/ERR1226726.fastq.gz	ftp.sra.ebi.ac.uk/vol1/run/ERR122/ERR1226726/A9M3_13C.bact.fastq.gz	ftp.sra.ebi.ac.uk/vol1/err/ERR122/006/ERR1226726
PRJEB12502	SAMEA3733453	ERX1298939	ERR1226727	410658	soil metagenome	ftp.sra.ebi.ac.uk/vol1/fastq/ERR122/007/ERR1226727/ERR1226727.fastq.gz	ftp.sra.ebi.ac.uk/vol1/run/ERR122/ERR1226727/A9O1_12C.bact.fastq.gz	ftp.sra.ebi.ac.uk/vol1/err/ERR122/007/ERR1226727
PRJEB12502	SAMEA3733454	ERX1298940	ERR1226728	410658	soil metagenome	ftp.sra.ebi.ac.uk/vol1/fastq/ERR122/008/ERR1226728/ERR1226728.fastq.gz	ftp.sra.ebi.ac.uk/vol1/run/ERR122/ERR1226728/A9O2_13C.bact.fastq.gz	ftp.sra.ebi.ac.uk/vol1/err/ERR122/008/ERR1226728
PRJEB12502	SAMEA3733455	ERX1298941	ERR1226729	410658	soil metagenome	ftp.sra.ebi.ac.uk/vol1/fastq/ERR122/009/ERR1226729/ERR1226729.fastq.gz	ftp.sra.ebi.ac.uk/vol1/run/ERR122/ERR1226729/A9O3_12C.bact.fastq.gz	ftp.sra.ebi.ac.uk/vol1/err/ERR122/009/ERR1226729
PRJEB12502	SAMEA3733456	ERX1298942	ERR1226730	410658	soil metagenome	ftp.sra.ebi.ac.uk/vol1/fastq/ERR122/000/ERR1226730/ERR1226730.fastq.gz	ftp.sra.ebi.ac.uk/vol1/run/ERR122/ERR1226730/BLM2_12C.bact.fastq.gz	ftp.sra.ebi.ac.uk/vol1/err/ERR122/000/ERR1226730
PRJEB12502	SAMEA3733457	ERX1298943	ERR1226731	410658	soil metagenome	ftp.sra.ebi.ac.uk/vol1/fastq/ERR122/001/ERR1226731/ERR1226731.fastq.gz	ftp.sra.ebi.ac.uk/vol1/run/ERR122/ERR1226731/BLO2_12C.bact.fastq.gz	ftp.sra.ebi.ac.uk/vol1/err/ERR122/001/ERR1226731
PRJEB12502	SAMEA3733458	ERX1298944	ERR1226732	410658	soil metagenome	ftp.sra.ebi.ac.uk/vol1/fastq/ERR122/002/ERR1226732/ERR1226732.fastq.gz	ftp.sra.ebi.ac.uk/vol1/run/ERR122/ERR1226732/BLO3_12C.bact.fastq.gz	ftp.sra.ebi.ac.uk/vol1/err/ERR122/002/ERR1226732
PRJEB12502	SAMEA3733459	ERX1298945	ERR1226733	410658	soil metagenome	ftp.sra.ebi.ac.uk/vol1/fastq/ERR122/003/ERR1226733/ERR1226733.fastq.gz	ftp.sra.ebi.ac.uk/vol1/run/ERR122/ERR1226733/BRM1_13C.bact.fastq.gz	ftp.sra.ebi.ac.uk/vol1/err/ERR122/003/ERR1226733
PRJEB12502	SAMEA3733460	ERX1298946	ERR1226734	410658	soil metagenome	ftp.sra.ebi.ac.uk/vol1/fastq/ERR122/004/ERR1226734/ERR1226734.fastq.gz	ftp.sra.ebi.ac.uk/vol1/run/ERR122/ERR1226734/TXAM1_13C.bact.fastq.gz	ftp.sra.ebi.ac.uk/vol1/err/ERR122/004/ERR1226734
PRJEB12502	SAMEA3733461	ERX1298947	ERR1226735	410658	soil metagenome	ftp.sra.ebi.ac.uk/vol1/fastq/ERR122/005/ERR1226735/ERR1226735.fastq.gz	ftp.sra.ebi.ac.uk/vol1/run/ERR122/ERR1226735/TXAM2_12C.bact.fastq.gz	ftp.sra.ebi.ac.uk/vol1/err/ERR122/005/ERR1226735
PRJEB12502	SAMEA3733462	ERX1298948	ERR1226736	410658	soil metagenome	ftp.sra.ebi.ac.uk/vol1/fastq/ERR122/006/ERR1226736/ERR1226736.fastq.gz	ftp.sra.ebi.ac.uk/vol1/run/ERR122/ERR1226736/TXAM2_13C.bact.fastq.gz	ftp.sra.ebi.ac.uk/vol1/err/ERR122/006/ERR1226736
PRJEB12502	SAMEA3733463	ERX1298949	ERR1226737	410658	soil metagenome	ftp.sra.ebi.ac.uk/vol1/fastq/ERR122/007/ERR1226737/ERR1226737.fastq.gz	ftp.sra.ebi.ac.uk/vol1/run/ERR122/ERR1226737/TXAM3_12C.bact.fastq.gz	ftp.sra.ebi.ac.uk/vol1/err/ERR122/007/ERR1226737
PRJEB12502	SAMEA3733464	ERX1298950	ERR1226738	410658	soil metagenome	ftp.sra.ebi.ac.uk/vol1/fastq/ERR122/008/ERR1226738/ERR1226738.fastq.gz	ftp.sra.ebi.ac.uk/vol1/run/ERR122/ERR1226738/TXAM3_13C.bact.fastq.gz	ftp.sra.ebi.ac.uk/vol1/err/ERR122/008/ERR1226738
PRJEB12502	SAMEA3733465	ERX1298951	ERR1226739	410658	soil metagenome	ftp.sra.ebi.ac.uk/vol1/fastq/ERR122/009/ERR1226739/ERR1226739.fastq.gz	ftp.sra.ebi.ac.uk/vol1/run/ERR122/ERR1226739/TXAO1_13C.bact.fastq.gz	ftp.sra.ebi.ac.uk/vol1/err/ERR122/009/ERR1226739
PRJEB12502	SAMEA3733466	ERX1298952	ERR1226740	410658	soil metagenome	ftp.sra.ebi.ac.uk/vol1/fastq/ERR122/000/ERR1226740/ERR1226740.fastq.gz	ftp.sra.ebi.ac.uk/vol1/run/ERR122/ERR1226740/TXAO2_13C.bact.fastq.gz	ftp.sra.ebi.ac.uk/vol1/err/ERR122/000/ERR1226740
PRJEB12502	SAMEA3733467	ERX1298953	ERR1226741	410658	soil metagenome	ftp.sra.ebi.ac.uk/vol1/fastq/ERR122/001/ERR1226741/ERR1226741.fastq.gz	ftp.sra.ebi.ac.uk/vol1/run/ERR122/ERR1226741/A7025_12C.bact.fastq.gz	ftp.sra.ebi.ac.uk/vol1/err/ERR122/001/ERR1226741
PRJEB12502	SAMEA3733468	ERX1298954	ERR1226742	410658	soil metagenome	ftp.sra.ebi.ac.uk/vol1/fastq/ERR122/002/ERR1226742/ERR1226742.fastq.gz	ftp.sra.ebi.ac.uk/vol1/run/ERR122/ERR1226742/A7025_13C.bact.fastq.gz	ftp.sra.ebi.ac.uk/vol1/err/ERR122/002/ERR1226742
PRJEB12502	SAMEA3733469	ERX1298955	ERR1226743	410658	soil metagenome	ftp.sra.ebi.ac.uk/vol1/fastq/ERR122/003/ERR1226743/ERR1226743.fastq.gz	ftp.sra.ebi.ac.uk/vol1/run/ERR122/ERR1226743/A7026_12C.bact.fastq.gz	ftp.sra.ebi.ac.uk/vol1/err/ERR122/003/ERR1226743
PRJEB12502	SAMEA3733470	ERX1298956	ERR1226744	410658	soil metagenome	ftp.sra.ebi.ac.uk/vol1/fastq/ERR122/004/ERR1226744/ERR1226744.fastq.gz	ftp.sra.ebi.ac.uk/vol1/run/ERR122/ERR1226744/A7026_13C.bact.fastq.gz	ftp.sra.ebi.ac.uk/vol1/err/ERR122/004/ERR1226744
PRJEB12502	SAMEA3733471	ERX1298957	ERR1226745	410658	soil metagenome	ftp.sra.ebi.ac.uk/vol1/fastq/ERR122/005/ERR1226745/ERR1226745.fastq.gz	ftp.sra.ebi.ac.uk/vol1/run/ERR122/ERR1226745/A8055_12C.bact.fastq.gz	ftp.sra.ebi.ac.uk/vol1/err/ERR122/005/ERR1226745
PRJEB12502	SAMEA3733472	ERX1298958	ERR1226746	410658	soil metagenome	ftp.sra.ebi.ac.uk/vol1/fastq/ERR122/006/ERR1226746/ERR1226746.fastq.gz	ftp.sra.ebi.ac.uk/vol1/run/ERR122/ERR1226746/A8055_13C.bact.fastq.gz	ftp.sra.ebi.ac.uk/vol1/err/ERR122/006/ERR1226746
PRJEB12502	SAMEA3733473	ERX1298959	ERR1226747	410658	soil metagenome	ftp.sra.ebi.ac.uk/vol1/fastq/ERR122/007/ERR1226747/ERR1226747.fastq.gz	ftp.sra.ebi.ac.uk/vol1/run/ERR122/ERR1226747/A8056_12C.bact.fastq.gz	ftp.sra.ebi.ac.uk/vol1/err/ERR122/007/ERR1226747
PRJEB12502	SAMEA3733474	ERX1298960	ERR1226748	410658	soil metagenome	ftp.sra.ebi.ac.uk/vol1/fastq/ERR122/008/ERR1226748/ERR1226748.fastq.gz	ftp.sra.ebi.ac.uk/vol1/run/ERR122/ERR1226748/A8056_13C.bact.fastq.gz	ftp.sra.ebi.ac.uk/vol1/err/ERR122/008/ERR1226748
PRJEB12502	SAMEA3733475	ERX1298961	ERR1226749	410658	soil metagenome	ftp.sra.ebi.ac.uk/vol1/fastq/ERR122/009/ERR1226749/ERR1226749.fastq.gz	ftp.sra.ebi.ac.uk/vol1/run/ERR122/ERR1226749/A9085_12C.bact.fastq.gz	ftp.sra.ebi.ac.uk/vol1/err/ERR122/009/ERR1226749
PRJEB12502	SAMEA3733476	ERX1298962	ERR1226750	410658	soil metagenome	ftp.sra.ebi.ac.uk/vol1/fastq/ERR122/000/ERR1226750/ERR1226750.fastq.gz	ftp.sra.ebi.ac.uk/vol1/run/ERR122/ERR1226750/A9085_13C.bact.fastq.gz	ftp.sra.ebi.ac.uk/vol1/err/ERR122/000/ERR1226750
PRJEB12502	SAMEA3733477	ERX1298963	ERR1226751	410658	soil metagenome	ftp.sra.ebi.ac.uk/vol1/fastq/ERR122/001/ERR1226751/ERR1226751.fastq.gz	ftp.sra.ebi.ac.uk/vol1/run/ERR122/ERR1226751/A9086_12C.bact.fastq.gz	ftp.sra.ebi.ac.uk/vol1/err/ERR122/001/ERR1226751
PRJEB12502	SAMEA3733478	ERX1298964	ERR1226752	410658	soil metagenome	ftp.sra.ebi.ac.uk/vol1/fastq/ERR122/002/ERR1226752/ERR1226752.fastq.gz	ftp.sra.ebi.ac.uk/vol1/run/ERR122/ERR1226752/A9086_13C.bact.fastq.gz	ftp.sra.ebi.ac.uk/vol1/err/ERR122/002/ERR1226752
PRJEB12502	SAMEA3733479	ERX1298965	ERR1226753	410658	soil metagenome	ftp.sra.ebi.ac.uk/vol1/fastq/ERR122/003/ERR1226753/ERR1226753.fastq.gz	ftp.sra.ebi.ac.uk/vol1/run/ERR122/ERR1226753/BL043_12C.bact.fastq.gz	ftp.sra.ebi.ac.uk/vol1/err/ERR122/003/ERR1226753
PRJEB12502	SAMEA3733480	ERX1298966	ERR1226754	410658	soil metagenome	ftp.sra.ebi.ac.uk/vol1/fastq/ERR122/004/ERR1226754/ERR1226754.fastq.gz	ftp.sra.ebi.ac.uk/vol1/run/ERR122/ERR1226754/BL043_13C.bact.fastq.gz	ftp.sra.ebi.ac.uk/vol1/err/ERR122/004/ERR1226754
PRJEB12502	SAMEA3733481	ERX1298967	ERR1226755	410658	soil metagenome	ftp.sra.ebi.ac.uk/vol1/fastq/ERR122/005/ERR1226755/ERR1226755.fastq.gz	ftp.sra.ebi.ac.uk/vol1/run/ERR122/ERR1226755/BL044_12C.bact.fastq.gz	ftp.sra.ebi.ac.uk/vol1/err/ERR122/005/ERR1226755
PRJEB12502	SAMEA3733482	ERX1298968	ERR1226756	410658	soil metagenome	ftp.sra.ebi.ac.uk/vol1/fastq/ERR122/006/ERR1226756/ERR1226756.fastq.gz	ftp.sra.ebi.ac.uk/vol1/run/ERR122/ERR1226756/BL044_13C.bact.fastq.gz	ftp.sra.ebi.ac.uk/vol1/err/ERR122/006/ERR1226756
PRJEB12502	SAMEA3733483	ERX1298969	ERR1226757	410658	soil metagenome	ftp.sra.ebi.ac.uk/vol1/fastq/ERR122/007/ERR1226757/ERR1226757.fastq.gz	ftp.sra.ebi.ac.uk/vol1/run/ERR122/ERR1226757/BP515_12C.bact.fastq.gz	ftp.sra.ebi.ac.uk/vol1/err/ERR122/007/ERR1226757
PRJEB12502	SAMEA3733484	ERX1298970	ERR1226758	410658	soil metagenome	ftp.sra.ebi.ac.uk/vol1/fastq/ERR122/008/ERR1226758/ERR1226758.fastq.gz	ftp.sra.ebi.ac.uk/vol1/run/ERR122/ERR1226758/BP515_13C.bact.fastq.gz	ftp.sra.ebi.ac.uk/vol1/err/ERR122/008/ERR1226758
PRJEB12502	SAMEA3733485	ERX1298971	ERR1226759	410658	soil metagenome	ftp.sra.ebi.ac.uk/vol1/fastq/ERR122/009/ERR1226759/ERR1226759.fastq.gz	ftp.sra.ebi.ac.uk/vol1/run/ERR122/ERR1226759/BP518_12C.bact.fastq.gz	ftp.sra.ebi.ac.uk/vol1/err/ERR122/009/ERR1226759
PRJEB12502	SAMEA3733486	ERX1298972	ERR1226760	410658	soil metagenome	ftp.sra.ebi.ac.uk/vol1/fastq/ERR122/000/ERR1226760/ERR1226760.fastq.gz	ftp.sra.ebi.ac.uk/vol1/run/ERR122/ERR1226760/BP518_13C.bact.fastq.gz	ftp.sra.ebi.ac.uk/vol1/err/ERR122/000/ERR1226760
PRJEB12502	SAMEA3733487	ERX1298973	ERR1226761	410658	soil metagenome	ftp.sra.ebi.ac.uk/vol1/fastq/ERR122/001/ERR1226761/ERR1226761.fastq.gz	ftp.sra.ebi.ac.uk/vol1/run/ERR122/ERR1226761/BR067_12C.bact.fastq.gz	ftp.sra.ebi.ac.uk/vol1/err/ERR122/001/ERR1226761
PRJEB12502	SAMEA3733488	ERX1298974	ERR1226762	410658	soil metagenome	ftp.sra.ebi.ac.uk/vol1/fastq/ERR122/002/ERR1226762/ERR1226762.fastq.gz	ftp.sra.ebi.ac.uk/vol1/run/ERR122/ERR1226762/BR067_13C.bact.fastq.gz	ftp.sra.ebi.ac.uk/vol1/err/ERR122/002/ERR1226762
PRJEB12502	SAMEA3733489	ERX1298975	ERR1226763	410658	soil metagenome	ftp.sra.ebi.ac.uk/vol1/fastq/ERR122/003/ERR1226763/ERR1226763.fastq.gz	ftp.sra.ebi.ac.uk/vol1/run/ERR122/ERR1226763/BR068_12C.bact.fastq.gz	ftp.sra.ebi.ac.uk/vol1/err/ERR122/003/ERR1226763
PRJEB12502	SAMEA3733490	ERX1298976	ERR1226764	410658	soil metagenome	ftp.sra.ebi.ac.uk/vol1/fastq/ERR122/004/ERR1226764/ERR1226764.fastq.gz	ftp.sra.ebi.ac.uk/vol1/run/ERR122/ERR1226764/BR068_13C.bact.fastq.gz	ftp.sra.ebi.ac.uk/vol1/err/ERR122/004/ERR1226764
PRJEB12502	SAMEA3733491	ERX1298977	ERR1226765	410658	soil metagenome	ftp.sra.ebi.ac.uk/vol1/fastq/ERR122/005/ERR1226765/ERR1226765.fastq.gz	ftp.sra.ebi.ac.uk/vol1/run/ERR122/ERR1226765/DC575_12C.bact.fastq.gz	ftp.sra.ebi.ac.uk/vol1/err/ERR122/005/ERR1226765
PRJEB12502	SAMEA3733492	ERX1298978	ERR1226766	410658	soil metagenome	ftp.sra.ebi.ac.uk/vol1/fastq/ERR122/006/ERR1226766/ERR1226766.fastq.gz	ftp.sra.ebi.ac.uk/vol1/run/ERR122/ERR1226766/DC575_13C.bact.fastq.gz	ftp.sra.ebi.ac.uk/vol1/err/ERR122/006/ERR1226766
PRJEB12502	SAMEA3733493	ERX1298979	ERR1226767	410658	soil metagenome	ftp.sra.ebi.ac.uk/vol1/fastq/ERR122/007/ERR1226767/ERR1226767.fastq.gz	ftp.sra.ebi.ac.uk/vol1/run/ERR122/ERR1226767/DC578_12C.bact.fastq.gz	ftp.sra.ebi.ac.uk/vol1/err/ERR122/007/ERR1226767
PRJEB12502	SAMEA3733494	ERX1298980	ERR1226768	410658	soil metagenome	ftp.sra.ebi.ac.uk/vol1/fastq/ERR122/008/ERR1226768/ERR1226768.fastq.gz	ftp.sra.ebi.ac.uk/vol1/run/ERR122/ERR1226768/DC578_13C.bact.fastq.gz	ftp.sra.ebi.ac.uk/vol1/err/ERR122/008/ERR1226768
PRJEB12502	SAMEA3733495	ERX1298981	ERR1226769	410658	soil metagenome	ftp.sra.ebi.ac.uk/vol1/fastq/ERR122/009/ERR1226769/ERR1226769.fastq.gz	ftp.sra.ebi.ac.uk/vol1/run/ERR122/ERR1226769/JE121_12C.bact.fastq.gz	ftp.sra.ebi.ac.uk/vol1/err/ERR122/009/ERR1226769
PRJEB12502	SAMEA3733496	ERX1298982	ERR1226770	410658	soil metagenome	ftp.sra.ebi.ac.uk/vol1/fastq/ERR122/000/ERR1226770/ERR1226770.fastq.gz	ftp.sra.ebi.ac.uk/vol1/run/ERR122/ERR1226770/JE121_13C.bact.fastq.gz	ftp.sra.ebi.ac.uk/vol1/err/ERR122/000/ERR1226770
PRJEB12502	SAMEA3733497	ERX1298983	ERR1226771	410658	soil metagenome	ftp.sra.ebi.ac.uk/vol1/fastq/ERR122/001/ERR1226771/ERR1226771.fastq.gz	ftp.sra.ebi.ac.uk/vol1/run/ERR122/ERR1226771/JE122_12C.bact.fastq.gz	ftp.sra.ebi.ac.uk/vol1/err/ERR122/001/ERR1226771
PRJEB12502	SAMEA3733498	ERX1298984	ERR1226772	410658	soil metagenome	ftp.sra.ebi.ac.uk/vol1/fastq/ERR122/002/ERR1226772/ERR1226772.fastq.gz	ftp.sra.ebi.ac.uk/vol1/run/ERR122/ERR1226772/JE122_13C.bact.fastq.gz	ftp.sra.ebi.ac.uk/vol1/err/ERR122/002/ERR1226772
PRJEB12502	SAMEA3733499	ERX1298985	ERR1226773	410658	soil metagenome	ftp.sra.ebi.ac.uk/vol1/fastq/ERR122/003/ERR1226773/ERR1226773.fastq.gz	ftp.sra.ebi.ac.uk/vol1/run/ERR122/ERR1226773/JS079_12C.bact.fastq.gz	ftp.sra.ebi.ac.uk/vol1/err/ERR122/003/ERR1226773
PRJEB12502	SAMEA3733500	ERX1298986	ERR1226774	410658	soil metagenome	ftp.sra.ebi.ac.uk/vol1/fastq/ERR122/004/ERR1226774/ERR1226774.fastq.gz	ftp.sra.ebi.ac.uk/vol1/run/ERR122/ERR1226774/JS079_13C.bact.fastq.gz	ftp.sra.ebi.ac.uk/vol1/err/ERR122/004/ERR1226774
PRJEB12502	SAMEA3733501	ERX1298987	ERR1226775	410658	soil metagenome	ftp.sra.ebi.ac.uk/vol1/fastq/ERR122/005/ERR1226775/ERR1226775.fastq.gz	ftp.sra.ebi.ac.uk/vol1/run/ERR122/ERR1226775/JS080_12C.bact.fastq.gz	ftp.sra.ebi.ac.uk/vol1/err/ERR122/005/ERR1226775
PRJEB12502	SAMEA3733502	ERX1298988	ERR1226776	410658	soil metagenome	ftp.sra.ebi.ac.uk/vol1/fastq/ERR122/006/ERR1226776/ERR1226776.fastq.gz	ftp.sra.ebi.ac.uk/vol1/run/ERR122/ERR1226776/JS080_13C.bact.fastq.gz	ftp.sra.ebi.ac.uk/vol1/err/ERR122/006/ERR1226776
PRJEB12502	SAMEA3733503	ERX1298989	ERR1226777	410658	soil metagenome	ftp.sra.ebi.ac.uk/vol1/fastq/ERR122/007/ERR1226777/ERR1226777.fastq.gz	ftp.sra.ebi.ac.uk/vol1/run/ERR122/ERR1226777/JW013_12C.bact.fastq.gz	ftp.sra.ebi.ac.uk/vol1/err/ERR122/007/ERR1226777
PRJEB12502	SAMEA3733504	ERX1298990	ERR1226778	410658	soil metagenome	ftp.sra.ebi.ac.uk/vol1/fastq/ERR122/008/ERR1226778/ERR1226778.fastq.gz	ftp.sra.ebi.ac.uk/vol1/run/ERR122/ERR1226778/JW013_13C.bact.fastq.gz	ftp.sra.ebi.ac.uk/vol1/err/ERR122/008/ERR1226778
PRJEB12502	SAMEA3733505	ERX1298991	ERR1226779	410658	soil metagenome	ftp.sra.ebi.ac.uk/vol1/fastq/ERR122/009/ERR1226779/ERR1226779.fastq.gz	ftp.sra.ebi.ac.uk/vol1/run/ERR122/ERR1226779/JW014_12C.bact.fastq.gz	ftp.sra.ebi.ac.uk/vol1/err/ERR122/009/ERR1226779
PRJEB12502	SAMEA3733506	ERX1298992	ERR1226780	410658	soil metagenome	ftp.sra.ebi.ac.uk/vol1/fastq/ERR122/000/ERR1226780/ERR1226780.fastq.gz	ftp.sra.ebi.ac.uk/vol1/run/ERR122/ERR1226780/JW014_13C.bact.fastq.gz	ftp.sra.ebi.ac.uk/vol1/err/ERR122/000/ERR1226780
PRJEB12502	SAMEA3733507	ERX1298993	ERR1226781	410658	soil metagenome	ftp.sra.ebi.ac.uk/vol1/fastq/ERR122/001/ERR1226781/ERR1226781.fastq.gz	ftp.sra.ebi.ac.uk/vol1/run/ERR122/ERR1226781/LH019_12C.bact.fastq.gz	ftp.sra.ebi.ac.uk/vol1/err/ERR122/001/ERR1226781
PRJEB12502	SAMEA3733508	ERX1298994	ERR1226782	410658	soil metagenome	ftp.sra.ebi.ac.uk/vol1/fastq/ERR122/002/ERR1226782/ERR1226782.fastq.gz	ftp.sra.ebi.ac.uk/vol1/run/ERR122/ERR1226782/LH019_13C.bact.fastq.gz	ftp.sra.ebi.ac.uk/vol1/err/ERR122/002/ERR1226782
PRJEB12502	SAMEA3733509	ERX1298995	ERR1226783	410658	soil metagenome	ftp.sra.ebi.ac.uk/vol1/fastq/ERR122/003/ERR1226783/ERR1226783.fastq.gz	ftp.sra.ebi.ac.uk/vol1/run/ERR122/ERR1226783/LH020_12C.bact.fastq.gz	ftp.sra.ebi.ac.uk/vol1/err/ERR122/003/ERR1226783
PRJEB12502	SAMEA3733510	ERX1298996	ERR1226784	410658	soil metagenome	ftp.sra.ebi.ac.uk/vol1/fastq/ERR122/004/ERR1226784/ERR1226784.fastq.gz	ftp.sra.ebi.ac.uk/vol1/run/ERR122/ERR1226784/LH020_13C.bact.fastq.gz	ftp.sra.ebi.ac.uk/vol1/err/ERR122/004/ERR1226784
PRJEB12502	SAMEA3733511	ERX1298997	ERR1226785	410658	soil metagenome	ftp.sra.ebi.ac.uk/vol1/fastq/ERR122/005/ERR1226785/ERR1226785.fastq.gz	ftp.sra.ebi.ac.uk/vol1/run/ERR122/ERR1226785/OC455_12C.bact.fastq.gz	ftp.sra.ebi.ac.uk/vol1/err/ERR122/005/ERR1226785
PRJEB12502	SAMEA3733512	ERX1298998	ERR1226786	410658	soil metagenome	ftp.sra.ebi.ac.uk/vol1/fastq/ERR122/006/ERR1226786/ERR1226786.fastq.gz	ftp.sra.ebi.ac.uk/vol1/run/ERR122/ERR1226786/OC455_13C.bact.fastq.gz	ftp.sra.ebi.ac.uk/vol1/err/ERR122/006/ERR1226786
PRJEB12502	SAMEA3733513	ERX1298999	ERR1226787	410658	soil metagenome	ftp.sra.ebi.ac.uk/vol1/fastq/ERR122/007/ERR1226787/ERR1226787.fastq.gz	ftp.sra.ebi.ac.uk/vol1/run/ERR122/ERR1226787/OC458_12C.bact.fastq.gz	ftp.sra.ebi.ac.uk/vol1/err/ERR122/007/ERR1226787
PRJEB12502	SAMEA3733514	ERX1299000	ERR1226788	410658	soil metagenome	ftp.sra.ebi.ac.uk/vol1/fastq/ERR122/008/ERR1226788/ERR1226788.fastq.gz	ftp.sra.ebi.ac.uk/vol1/run/ERR122/ERR1226788/OC458_13C.bact.fastq.gz	ftp.sra.ebi.ac.uk/vol1/err/ERR122/008/ERR1226788
PRJEB12502	SAMEA3733515	ERX1299001	ERR1226789	410658	soil metagenome	ftp.sra.ebi.ac.uk/vol1/fastq/ERR122/009/ERR1226789/ERR1226789.fastq.gz	ftp.sra.ebi.ac.uk/vol1/run/ERR122/ERR1226789/TXA37_12C.bact.fastq.gz	ftp.sra.ebi.ac.uk/vol1/err/ERR122/009/ERR1226789
PRJEB12502	SAMEA3733516	ERX1299002	ERR1226790	410658	soil metagenome	ftp.sra.ebi.ac.uk/vol1/fastq/ERR122/000/ERR1226790/ERR1226790.fastq.gz	ftp.sra.ebi.ac.uk/vol1/run/ERR122/ERR1226790/TXA37_13C.bact.fastq.gz	ftp.sra.ebi.ac.uk/vol1/err/ERR122/000/ERR1226790
PRJEB12502	SAMEA3733517	ERX1299003	ERR1226791	410658	soil metagenome	ftp.sra.ebi.ac.uk/vol1/fastq/ERR122/001/ERR1226791/ERR1226791.fastq.gz	ftp.sra.ebi.ac.uk/vol1/run/ERR122/ERR1226791/TXA40_12C.bact.fastq.gz	ftp.sra.ebi.ac.uk/vol1/err/ERR122/001/ERR1226791
PRJEB12502	SAMEA3733518	ERX1299004	ERR1226792	410658	soil metagenome	ftp.sra.ebi.ac.uk/vol1/fastq/ERR122/002/ERR1226792/ERR1226792.fastq.gz	ftp.sra.ebi.ac.uk/vol1/run/ERR122/ERR1226792/TXA40_13C.bact.fastq.gz	ftp.sra.ebi.ac.uk/vol1/err/ERR122/002/ERR1226792
PRJEB12502	SAMEA3733519	ERX1299005	ERR1226793	410658	soil metagenome	ftp.sra.ebi.ac.uk/vol1/fastq/ERR122/003/ERR1226793/ERR1226793.fastq.gz	ftp.sra.ebi.ac.uk/vol1/run/ERR122/ERR1226793/TXB79_12C.bact.fastq.gz	ftp.sra.ebi.ac.uk/vol1/err/ERR122/003/ERR1226793
PRJEB12502	SAMEA3733520	ERX1299006	ERR1226794	410658	soil metagenome	ftp.sra.ebi.ac.uk/vol1/fastq/ERR122/004/ERR1226794/ERR1226794.fastq.gz	ftp.sra.ebi.ac.uk/vol1/run/ERR122/ERR1226794/TXB79_13C.bact.fastq.gz	ftp.sra.ebi.ac.uk/vol1/err/ERR122/004/ERR1226794
PRJEB12502	SAMEA3733521	ERX1299007	ERR1226795	410658	soil metagenome	ftp.sra.ebi.ac.uk/vol1/fastq/ERR122/005/ERR1226795/ERR1226795.fastq.gz	ftp.sra.ebi.ac.uk/vol1/run/ERR122/ERR1226795/TXB82_12C.bact.fastq.gz	ftp.sra.ebi.ac.uk/vol1/err/ERR122/005/ERR1226795
PRJEB12502	SAMEA3733522	ERX1299008	ERR1226796	410658	soil metagenome	ftp.sra.ebi.ac.uk/vol1/fastq/ERR122/006/ERR1226796/ERR1226796.fastq.gz	ftp.sra.ebi.ac.uk/vol1/run/ERR122/ERR1226796/TXB82_13C.bact.fastq.gz	ftp.sra.ebi.ac.uk/vol1/err/ERR122/006/ERR1226796
PRJEB12502	SAMEA3733523	ERX1299009	ERR1226797	410658	soil metagenome	ftp.sra.ebi.ac.uk/vol1/fastq/ERR122/007/ERR1226797/ERR1226797.fastq.gz	ftp.sra.ebi.ac.uk/vol1/run/ERR122/ERR1226797/TXC145_12C.bact.fastq.gz	ftp.sra.ebi.ac.uk/vol1/err/ERR122/007/ERR1226797
PRJEB12502	SAMEA3733524	ERX1299010	ERR1226798	410658	soil metagenome	ftp.sra.ebi.ac.uk/vol1/fastq/ERR122/008/ERR1226798/ERR1226798.fastq.gz	ftp.sra.ebi.ac.uk/vol1/run/ERR122/ERR1226798/TXC145_13C.bact.fastq.gz	ftp.sra.ebi.ac.uk/vol1/err/ERR122/008/ERR1226798
PRJEB12502	SAMEA3733525	ERX1299011	ERR1226799	410658	soil metagenome	ftp.sra.ebi.ac.uk/vol1/fastq/ERR122/009/ERR1226799/ERR1226799.fastq.gz	ftp.sra.ebi.ac.uk/vol1/run/ERR122/ERR1226799/TXC148_12C.bact.fastq.gz	ftp.sra.ebi.ac.uk/vol1/err/ERR122/009/ERR1226799
PRJEB12502	SAMEA3733526	ERX1299012	ERR1226800	410658	soil metagenome	ftp.sra.ebi.ac.uk/vol1/fastq/ERR122/000/ERR1226800/ERR1226800.fastq.gz	ftp.sra.ebi.ac.uk/vol1/run/ERR122/ERR1226800/TXC148_13C.bact.fastq.gz	ftp.sra.ebi.ac.uk/vol1/err/ERR122/000/ERR1226800
PRJEB12502	SAMEA3914788	ERX1418455	ERR1346801	256318	metagenome	ftp.sra.ebi.ac.uk/vol1/fastq/ERR134/001/ERR1346801/ERR1346801_1.fastq.gz;ftp.sra.ebi.ac.uk/vol1/fastq/ERR134/001/ERR1346801/ERR1346801_2.fastq.gz	ftp.sra.ebi.ac.uk/vol1/run/ERR134/ERR1346801/A7025.R1.fastq.gz;ftp.sra.ebi.ac.uk/vol1/run/ERR134/ERR1346801/A7025.R2.fastq.gz	ftp.sra.ebi.ac.uk/vol1/err/ERR134/001/ERR1346801
PRJEB12502	SAMEA3914789	ERX1418456	ERR1346802	256318	metagenome	ftp.sra.ebi.ac.uk/vol1/fastq/ERR134/002/ERR1346802/ERR1346802_1.fastq.gz;ftp.sra.ebi.ac.uk/vol1/fastq/ERR134/002/ERR1346802/ERR1346802_2.fastq.gz	ftp.sra.ebi.ac.uk/vol1/run/ERR134/ERR1346802/A7026.R1.fastq.gz;ftp.sra.ebi.ac.uk/vol1/run/ERR134/ERR1346802/A7026.R2.fastq.gz	ftp.sra.ebi.ac.uk/vol1/err/ERR134/002/ERR1346802
PRJEB12502	SAMEA3914790	ERX1418457	ERR1346803	256318	metagenome	ftp.sra.ebi.ac.uk/vol1/fastq/ERR134/003/ERR1346803/ERR1346803_1.fastq.gz;ftp.sra.ebi.ac.uk/vol1/fastq/ERR134/003/ERR1346803/ERR1346803_2.fastq.gz	ftp.sra.ebi.ac.uk/vol1/run/ERR134/ERR1346803/A7026_12C.R1.fastq.gz;ftp.sra.ebi.ac.uk/vol1/run/ERR134/ERR1346803/A7026_12C.R2.fastq.gz	ftp.sra.ebi.ac.uk/vol1/err/ERR134/003/ERR1346803
PRJEB12502	SAMEA3914791	ERX1418458	ERR1346804	256318	metagenome	ftp.sra.ebi.ac.uk/vol1/fastq/ERR134/004/ERR1346804/ERR1346804_1.fastq.gz;ftp.sra.ebi.ac.uk/vol1/fastq/ERR134/004/ERR1346804/ERR1346804_2.fastq.gz	ftp.sra.ebi.ac.uk/vol1/run/ERR134/ERR1346804/A8055.R1.fastq.gz;ftp.sra.ebi.ac.uk/vol1/run/ERR134/ERR1346804/A8055.R2.fastq.gz	ftp.sra.ebi.ac.uk/vol1/err/ERR134/004/ERR1346804
PRJEB12502	SAMEA3914792	ERX1418459	ERR1346805	256318	metagenome	ftp.sra.ebi.ac.uk/vol1/fastq/ERR134/005/ERR1346805/ERR1346805_1.fastq.gz;ftp.sra.ebi.ac.uk/vol1/fastq/ERR134/005/ERR1346805/ERR1346805_2.fastq.gz	ftp.sra.ebi.ac.uk/vol1/run/ERR134/ERR1346805/A8055_12C.R1.fastq.gz;ftp.sra.ebi.ac.uk/vol1/run/ERR134/ERR1346805/A8055_12C.R2.fastq.gz	ftp.sra.ebi.ac.uk/vol1/err/ERR134/005/ERR1346805
PRJEB12502	SAMEA3914793	ERX1418460	ERR1346806	256318	metagenome	ftp.sra.ebi.ac.uk/vol1/fastq/ERR134/006/ERR1346806/ERR1346806_1.fastq.gz;ftp.sra.ebi.ac.uk/vol1/fastq/ERR134/006/ERR1346806/ERR1346806_2.fastq.gz	ftp.sra.ebi.ac.uk/vol1/run/ERR134/ERR1346806/A8056.R1.fastq.gz;ftp.sra.ebi.ac.uk/vol1/run/ERR134/ERR1346806/A8056.R2.fastq.gz	ftp.sra.ebi.ac.uk/vol1/err/ERR134/006/ERR1346806
PRJEB12502	SAMEA3914794	ERX1418461	ERR1346807	256318	metagenome	ftp.sra.ebi.ac.uk/vol1/fastq/ERR134/007/ERR1346807/ERR1346807_1.fastq.gz;ftp.sra.ebi.ac.uk/vol1/fastq/ERR134/007/ERR1346807/ERR1346807_2.fastq.gz	ftp.sra.ebi.ac.uk/vol1/run/ERR134/ERR1346807/A9085.R1.fastq.gz;ftp.sra.ebi.ac.uk/vol1/run/ERR134/ERR1346807/A9085.R2.fastq.gz	ftp.sra.ebi.ac.uk/vol1/err/ERR134/007/ERR1346807
PRJEB12502	SAMEA3914795	ERX1418462	ERR1346808	256318	metagenome	ftp.sra.ebi.ac.uk/vol1/fastq/ERR134/008/ERR1346808/ERR1346808_1.fastq.gz;ftp.sra.ebi.ac.uk/vol1/fastq/ERR134/008/ERR1346808/ERR1346808_2.fastq.gz	ftp.sra.ebi.ac.uk/vol1/run/ERR134/ERR1346808/A9086.R1.fastq.gz;ftp.sra.ebi.ac.uk/vol1/run/ERR134/ERR1346808/A9086.R2.fastq.gz	ftp.sra.ebi.ac.uk/vol1/err/ERR134/008/ERR1346808
PRJEB12502	SAMEA3914796	ERX1418463	ERR1346809	256318	metagenome	ftp.sra.ebi.ac.uk/vol1/fastq/ERR134/009/ERR1346809/ERR1346809_1.fastq.gz;ftp.sra.ebi.ac.uk/vol1/fastq/ERR134/009/ERR1346809/ERR1346809_2.fastq.gz	ftp.sra.ebi.ac.uk/vol1/run/ERR134/ERR1346809/BL043.R1.fastq.gz;ftp.sra.ebi.ac.uk/vol1/run/ERR134/ERR1346809/BL043.R2.fastq.gz	ftp.sra.ebi.ac.uk/vol1/err/ERR134/009/ERR1346809
PRJEB12502	SAMEA3914797	ERX1418464	ERR1346810	256318	metagenome	ftp.sra.ebi.ac.uk/vol1/fastq/ERR134/000/ERR1346810/ERR1346810_1.fastq.gz;ftp.sra.ebi.ac.uk/vol1/fastq/ERR134/000/ERR1346810/ERR1346810_2.fastq.gz	ftp.sra.ebi.ac.uk/vol1/run/ERR134/ERR1346810/BL044.R1.fastq.gz;ftp.sra.ebi.ac.uk/vol1/run/ERR134/ERR1346810/BL044.R2.fastq.gz	ftp.sra.ebi.ac.uk/vol1/err/ERR134/000/ERR1346810
PRJEB12502	SAMEA3914798	ERX1418465	ERR1346811	256318	metagenome	ftp.sra.ebi.ac.uk/vol1/fastq/ERR134/001/ERR1346811/ERR1346811_1.fastq.gz;ftp.sra.ebi.ac.uk/vol1/fastq/ERR134/001/ERR1346811/ERR1346811_2.fastq.gz	ftp.sra.ebi.ac.uk/vol1/run/ERR134/ERR1346811/BP515.R1.fastq.gz;ftp.sra.ebi.ac.uk/vol1/run/ERR134/ERR1346811/BP515.R2.fastq.gz	ftp.sra.ebi.ac.uk/vol1/err/ERR134/001/ERR1346811
PRJEB12502	SAMEA3914799	ERX1418466	ERR1346812	256318	metagenome	ftp.sra.ebi.ac.uk/vol1/fastq/ERR134/002/ERR1346812/ERR1346812_1.fastq.gz;ftp.sra.ebi.ac.uk/vol1/fastq/ERR134/002/ERR1346812/ERR1346812_2.fastq.gz	ftp.sra.ebi.ac.uk/vol1/run/ERR134/ERR1346812/BP518.R1.fastq.gz;ftp.sra.ebi.ac.uk/vol1/run/ERR134/ERR1346812/BP518.R2.fastq.gz	ftp.sra.ebi.ac.uk/vol1/err/ERR134/002/ERR1346812
PRJEB12502	SAMEA3914800	ERX1418467	ERR1346813	256318	metagenome	ftp.sra.ebi.ac.uk/vol1/fastq/ERR134/003/ERR1346813/ERR1346813_1.fastq.gz;ftp.sra.ebi.ac.uk/vol1/fastq/ERR134/003/ERR1346813/ERR1346813_2.fastq.gz	ftp.sra.ebi.ac.uk/vol1/run/ERR134/ERR1346813/BR067.R1.fastq.gz;ftp.sra.ebi.ac.uk/vol1/run/ERR134/ERR1346813/BR067.R2.fastq.gz	ftp.sra.ebi.ac.uk/vol1/err/ERR134/003/ERR1346813
PRJEB12502	SAMEA3914801	ERX1418468	ERR1346814	256318	metagenome	ftp.sra.ebi.ac.uk/vol1/fastq/ERR134/004/ERR1346814/ERR1346814_1.fastq.gz;ftp.sra.ebi.ac.uk/vol1/fastq/ERR134/004/ERR1346814/ERR1346814_2.fastq.gz	ftp.sra.ebi.ac.uk/vol1/run/ERR134/ERR1346814/BR068.R1.fastq.gz;ftp.sra.ebi.ac.uk/vol1/run/ERR134/ERR1346814/BR068.R2.fastq.gz	ftp.sra.ebi.ac.uk/vol1/err/ERR134/004/ERR1346814
PRJEB12502	SAMEA3914802	ERX1418469	ERR1346815	256318	metagenome	ftp.sra.ebi.ac.uk/vol1/fastq/ERR134/005/ERR1346815/ERR1346815_1.fastq.gz;ftp.sra.ebi.ac.uk/vol1/fastq/ERR134/005/ERR1346815/ERR1346815_2.fastq.gz	ftp.sra.ebi.ac.uk/vol1/run/ERR134/ERR1346815/DC575.R1.fastq.gz;ftp.sra.ebi.ac.uk/vol1/run/ERR134/ERR1346815/DC575.R2.fastq.gz	ftp.sra.ebi.ac.uk/vol1/err/ERR134/005/ERR1346815
PRJEB12502	SAMEA3914803	ERX1418470	ERR1346816	256318	metagenome	ftp.sra.ebi.ac.uk/vol1/fastq/ERR134/006/ERR1346816/ERR1346816_1.fastq.gz;ftp.sra.ebi.ac.uk/vol1/fastq/ERR134/006/ERR1346816/ERR1346816_2.fastq.gz	ftp.sra.ebi.ac.uk/vol1/run/ERR134/ERR1346816/DC575_12C.R1.fastq.gz;ftp.sra.ebi.ac.uk/vol1/run/ERR134/ERR1346816/DC575_12C.R2.fastq.gz	ftp.sra.ebi.ac.uk/vol1/err/ERR134/006/ERR1346816
PRJEB12502	SAMEA3914804	ERX1418471	ERR1346817	256318	metagenome	ftp.sra.ebi.ac.uk/vol1/fastq/ERR134/007/ERR1346817/ERR1346817_1.fastq.gz;ftp.sra.ebi.ac.uk/vol1/fastq/ERR134/007/ERR1346817/ERR1346817_2.fastq.gz	ftp.sra.ebi.ac.uk/vol1/run/ERR134/ERR1346817/DC578.R1.fastq.gz;ftp.sra.ebi.ac.uk/vol1/run/ERR134/ERR1346817/DC578.R2.fastq.gz	ftp.sra.ebi.ac.uk/vol1/err/ERR134/007/ERR1346817
PRJEB12502	SAMEA3914805	ERX1418472	ERR1346818	256318	metagenome	ftp.sra.ebi.ac.uk/vol1/fastq/ERR134/008/ERR1346818/ERR1346818_1.fastq.gz;ftp.sra.ebi.ac.uk/vol1/fastq/ERR134/008/ERR1346818/ERR1346818_2.fastq.gz	ftp.sra.ebi.ac.uk/vol1/run/ERR134/ERR1346818/DC578_12C.R1.fastq.gz;ftp.sra.ebi.ac.uk/vol1/run/ERR134/ERR1346818/DC578_12C.R2.fastq.gz	ftp.sra.ebi.ac.uk/vol1/err/ERR134/008/ERR1346818
PRJEB12502	SAMEA3914806	ERX1418473	ERR1346819	256318	metagenome	ftp.sra.ebi.ac.uk/vol1/fastq/ERR134/009/ERR1346819/ERR1346819_1.fastq.gz;ftp.sra.ebi.ac.uk/vol1/fastq/ERR134/009/ERR1346819/ERR1346819_2.fastq.gz	ftp.sra.ebi.ac.uk/vol1/run/ERR134/ERR1346819/JE121.R1.fastq.gz;ftp.sra.ebi.ac.uk/vol1/run/ERR134/ERR1346819/JE121.R2.fastq.gz	ftp.sra.ebi.ac.uk/vol1/err/ERR134/009/ERR1346819
PRJEB12502	SAMEA3914807	ERX1418474	ERR1346820	256318	metagenome	ftp.sra.ebi.ac.uk/vol1/fastq/ERR134/000/ERR1346820/ERR1346820_1.fastq.gz;ftp.sra.ebi.ac.uk/vol1/fastq/ERR134/000/ERR1346820/ERR1346820_2.fastq.gz	ftp.sra.ebi.ac.uk/vol1/run/ERR134/ERR1346820/JE121_12C.R1.fastq.gz;ftp.sra.ebi.ac.uk/vol1/run/ERR134/ERR1346820/JE121_12C.R2.fastq.gz	ftp.sra.ebi.ac.uk/vol1/err/ERR134/000/ERR1346820
PRJEB12502	SAMEA3914808	ERX1418475	ERR1346821	256318	metagenome	ftp.sra.ebi.ac.uk/vol1/fastq/ERR134/001/ERR1346821/ERR1346821_1.fastq.gz;ftp.sra.ebi.ac.uk/vol1/fastq/ERR134/001/ERR1346821/ERR1346821_2.fastq.gz	ftp.sra.ebi.ac.uk/vol1/run/ERR134/ERR1346821/JE122.R1.fastq.gz;ftp.sra.ebi.ac.uk/vol1/run/ERR134/ERR1346821/JE122.R2.fastq.gz	ftp.sra.ebi.ac.uk/vol1/err/ERR134/001/ERR1346821
PRJEB12502	SAMEA3914809	ERX1418476	ERR1346822	256318	metagenome	ftp.sra.ebi.ac.uk/vol1/fastq/ERR134/002/ERR1346822/ERR1346822_1.fastq.gz;ftp.sra.ebi.ac.uk/vol1/fastq/ERR134/002/ERR1346822/ERR1346822_2.fastq.gz	ftp.sra.ebi.ac.uk/vol1/run/ERR134/ERR1346822/JE122_12C.R1.fastq.gz;ftp.sra.ebi.ac.uk/vol1/run/ERR134/ERR1346822/JE122_12C.R2.fastq.gz	ftp.sra.ebi.ac.uk/vol1/err/ERR134/002/ERR1346822
PRJEB12502	SAMEA3914810	ERX1418477	ERR1346823	256318	metagenome	ftp.sra.ebi.ac.uk/vol1/fastq/ERR134/003/ERR1346823/ERR1346823_1.fastq.gz;ftp.sra.ebi.ac.uk/vol1/fastq/ERR134/003/ERR1346823/ERR1346823_2.fastq.gz	ftp.sra.ebi.ac.uk/vol1/run/ERR134/ERR1346823/JS079.R1.fastq.gz;ftp.sra.ebi.ac.uk/vol1/run/ERR134/ERR1346823/JS079.R2.fastq.gz	ftp.sra.ebi.ac.uk/vol1/err/ERR134/003/ERR1346823
PRJEB12502	SAMEA3914811	ERX1418478	ERR1346824	256318	metagenome	ftp.sra.ebi.ac.uk/vol1/fastq/ERR134/004/ERR1346824/ERR1346824_1.fastq.gz;ftp.sra.ebi.ac.uk/vol1/fastq/ERR134/004/ERR1346824/ERR1346824_2.fastq.gz	ftp.sra.ebi.ac.uk/vol1/run/ERR134/ERR1346824/JS080.R1.fastq.gz;ftp.sra.ebi.ac.uk/vol1/run/ERR134/ERR1346824/JS080.R2.fastq.gz	ftp.sra.ebi.ac.uk/vol1/err/ERR134/004/ERR1346824
PRJEB12502	SAMEA3914812	ERX1418479	ERR1346825	256318	metagenome	ftp.sra.ebi.ac.uk/vol1/fastq/ERR134/005/ERR1346825/ERR1346825_1.fastq.gz;ftp.sra.ebi.ac.uk/vol1/fastq/ERR134/005/ERR1346825/ERR1346825_2.fastq.gz	ftp.sra.ebi.ac.uk/vol1/run/ERR134/ERR1346825/JW013.R1.fastq.gz;ftp.sra.ebi.ac.uk/vol1/run/ERR134/ERR1346825/JW013.R2.fastq.gz	ftp.sra.ebi.ac.uk/vol1/err/ERR134/005/ERR1346825
PRJEB12502	SAMEA3914813	ERX1418480	ERR1346826	256318	metagenome	ftp.sra.ebi.ac.uk/vol1/fastq/ERR134/006/ERR1346826/ERR1346826_1.fastq.gz;ftp.sra.ebi.ac.uk/vol1/fastq/ERR134/006/ERR1346826/ERR1346826_2.fastq.gz	ftp.sra.ebi.ac.uk/vol1/run/ERR134/ERR1346826/JW014.R1.fastq.gz;ftp.sra.ebi.ac.uk/vol1/run/ERR134/ERR1346826/JW014.R2.fastq.gz	ftp.sra.ebi.ac.uk/vol1/err/ERR134/006/ERR1346826
PRJEB12502	SAMEA3914814	ERX1418481	ERR1346827	256318	metagenome	ftp.sra.ebi.ac.uk/vol1/fastq/ERR134/007/ERR1346827/ERR1346827_1.fastq.gz;ftp.sra.ebi.ac.uk/vol1/fastq/ERR134/007/ERR1346827/ERR1346827_2.fastq.gz	ftp.sra.ebi.ac.uk/vol1/run/ERR134/ERR1346827/LH019.R1.fastq.gz;ftp.sra.ebi.ac.uk/vol1/run/ERR134/ERR1346827/LH019.R2.fastq.gz	ftp.sra.ebi.ac.uk/vol1/err/ERR134/007/ERR1346827
PRJEB12502	SAMEA3914815	ERX1418482	ERR1346828	256318	metagenome	ftp.sra.ebi.ac.uk/vol1/fastq/ERR134/008/ERR1346828/ERR1346828_1.fastq.gz;ftp.sra.ebi.ac.uk/vol1/fastq/ERR134/008/ERR1346828/ERR1346828_2.fastq.gz	ftp.sra.ebi.ac.uk/vol1/run/ERR134/ERR1346828/LH019_12C.R1.fastq.gz;ftp.sra.ebi.ac.uk/vol1/run/ERR134/ERR1346828/LH019_12C.R2.fastq.gz	ftp.sra.ebi.ac.uk/vol1/err/ERR134/008/ERR1346828
PRJEB12502	SAMEA3914816	ERX1418483	ERR1346829	256318	metagenome	ftp.sra.ebi.ac.uk/vol1/fastq/ERR134/009/ERR1346829/ERR1346829_1.fastq.gz;ftp.sra.ebi.ac.uk/vol1/fastq/ERR134/009/ERR1346829/ERR1346829_2.fastq.gz	ftp.sra.ebi.ac.uk/vol1/run/ERR134/ERR1346829/LH020.R1.fastq.gz;ftp.sra.ebi.ac.uk/vol1/run/ERR134/ERR1346829/LH020.R2.fastq.gz	ftp.sra.ebi.ac.uk/vol1/err/ERR134/009/ERR1346829
PRJEB12502	SAMEA3914817	ERX1418484	ERR1346830	256318	metagenome	ftp.sra.ebi.ac.uk/vol1/fastq/ERR134/000/ERR1346830/ERR1346830_1.fastq.gz;ftp.sra.ebi.ac.uk/vol1/fastq/ERR134/000/ERR1346830/ERR1346830_2.fastq.gz	ftp.sra.ebi.ac.uk/vol1/run/ERR134/ERR1346830/LH020_12C.R1.fastq.gz;ftp.sra.ebi.ac.uk/vol1/run/ERR134/ERR1346830/LH020_12C.R2.fastq.gz	ftp.sra.ebi.ac.uk/vol1/err/ERR134/000/ERR1346830
PRJEB12502	SAMEA3914818	ERX1418485	ERR1346831	256318	metagenome	ftp.sra.ebi.ac.uk/vol1/fastq/ERR134/001/ERR1346831/ERR1346831_1.fastq.gz;ftp.sra.ebi.ac.uk/vol1/fastq/ERR134/001/ERR1346831/ERR1346831_2.fastq.gz	ftp.sra.ebi.ac.uk/vol1/run/ERR134/ERR1346831/OC455.R1.fastq.gz;ftp.sra.ebi.ac.uk/vol1/run/ERR134/ERR1346831/OC455.R2.fastq.gz	ftp.sra.ebi.ac.uk/vol1/err/ERR134/001/ERR1346831
PRJEB12502	SAMEA3914819	ERX1418486	ERR1346832	256318	metagenome	ftp.sra.ebi.ac.uk/vol1/fastq/ERR134/002/ERR1346832/ERR1346832_1.fastq.gz;ftp.sra.ebi.ac.uk/vol1/fastq/ERR134/002/ERR1346832/ERR1346832_2.fastq.gz	ftp.sra.ebi.ac.uk/vol1/run/ERR134/ERR1346832/OC458.R1.fastq.gz;ftp.sra.ebi.ac.uk/vol1/run/ERR134/ERR1346832/OC458.R2.fastq.gz	ftp.sra.ebi.ac.uk/vol1/err/ERR134/002/ERR1346832
PRJEB12502	SAMEA3914820	ERX1418487	ERR1346833	256318	metagenome	ftp.sra.ebi.ac.uk/vol1/fastq/ERR134/003/ERR1346833/ERR1346833_1.fastq.gz;ftp.sra.ebi.ac.uk/vol1/fastq/ERR134/003/ERR1346833/ERR1346833_2.fastq.gz	ftp.sra.ebi.ac.uk/vol1/run/ERR134/ERR1346833/TXA37.R1.fastq.gz;ftp.sra.ebi.ac.uk/vol1/run/ERR134/ERR1346833/TXA37.R2.fastq.gz	ftp.sra.ebi.ac.uk/vol1/err/ERR134/003/ERR1346833
PRJEB12502	SAMEA3914821	ERX1418488	ERR1346834	256318	metagenome	ftp.sra.ebi.ac.uk/vol1/fastq/ERR134/004/ERR1346834/ERR1346834_1.fastq.gz;ftp.sra.ebi.ac.uk/vol1/fastq/ERR134/004/ERR1346834/ERR1346834_2.fastq.gz	ftp.sra.ebi.ac.uk/vol1/run/ERR134/ERR1346834/TXA37_12C.R1.fastq.gz;ftp.sra.ebi.ac.uk/vol1/run/ERR134/ERR1346834/TXA37_12C.R2.fastq.gz	ftp.sra.ebi.ac.uk/vol1/err/ERR134/004/ERR1346834
PRJEB12502	SAMEA3914822	ERX1418489	ERR1346835	256318	metagenome	ftp.sra.ebi.ac.uk/vol1/fastq/ERR134/005/ERR1346835/ERR1346835_1.fastq.gz;ftp.sra.ebi.ac.uk/vol1/fastq/ERR134/005/ERR1346835/ERR1346835_2.fastq.gz	ftp.sra.ebi.ac.uk/vol1/run/ERR134/ERR1346835/TXA40.R1.fastq.gz;ftp.sra.ebi.ac.uk/vol1/run/ERR134/ERR1346835/TXA40.R2.fastq.gz	ftp.sra.ebi.ac.uk/vol1/err/ERR134/005/ERR1346835
PRJEB12502	SAMEA3914823	ERX1418490	ERR1346836	256318	metagenome	ftp.sra.ebi.ac.uk/vol1/fastq/ERR134/006/ERR1346836/ERR1346836_1.fastq.gz;ftp.sra.ebi.ac.uk/vol1/fastq/ERR134/006/ERR1346836/ERR1346836_2.fastq.gz	ftp.sra.ebi.ac.uk/vol1/run/ERR134/ERR1346836/TXA40_12C.R1.fastq.gz;ftp.sra.ebi.ac.uk/vol1/run/ERR134/ERR1346836/TXA40_12C.R2.fastq.gz	ftp.sra.ebi.ac.uk/vol1/err/ERR134/006/ERR1346836
PRJEB12502	SAMEA3914824	ERX1418491	ERR1346837	256318	metagenome	ftp.sra.ebi.ac.uk/vol1/fastq/ERR134/007/ERR1346837/ERR1346837_1.fastq.gz;ftp.sra.ebi.ac.uk/vol1/fastq/ERR134/007/ERR1346837/ERR1346837_2.fastq.gz	ftp.sra.ebi.ac.uk/vol1/run/ERR134/ERR1346837/TXB82.R1.fastq.gz;ftp.sra.ebi.ac.uk/vol1/run/ERR134/ERR1346837/TXB82.R2.fastq.gz	ftp.sra.ebi.ac.uk/vol1/err/ERR134/007/ERR1346837
PRJEB12502	SAMEA3914825	ERX1418492	ERR1346838	256318	metagenome	ftp.sra.ebi.ac.uk/vol1/fastq/ERR134/008/ERR1346838/ERR1346838_1.fastq.gz;ftp.sra.ebi.ac.uk/vol1/fastq/ERR134/008/ERR1346838/ERR1346838_2.fastq.gz	ftp.sra.ebi.ac.uk/vol1/run/ERR134/ERR1346838/TXC148.R1.fastq.gz;ftp.sra.ebi.ac.uk/vol1/run/ERR134/ERR1346838/TXC148.R2.fastq.gz	ftp.sra.ebi.ac.uk/vol1/err/ERR134/008/ERR1346838
PRJEB12502	SAMEA3914826	ERX1418493	ERR1346839	256318	metagenome	ftp.sra.ebi.ac.uk/vol1/fastq/ERR134/009/ERR1346839/ERR1346839_1.fastq.gz;ftp.sra.ebi.ac.uk/vol1/fastq/ERR134/009/ERR1346839/ERR1346839_2.fastq.gz	ftp.sra.ebi.ac.uk/vol1/run/ERR134/ERR1346839/A7M1_13C.R1.full.fastq.gz;ftp.sra.ebi.ac.uk/vol1/run/ERR134/ERR1346839/A7M1_13C.R2.full.fastq.gz	ftp.sra.ebi.ac.uk/vol1/err/ERR134/009/ERR1346839
PRJEB12502	SAMEA3914827	ERX1418494	ERR1346840	256318	metagenome	ftp.sra.ebi.ac.uk/vol1/fastq/ERR134/000/ERR1346840/ERR1346840_1.fastq.gz;ftp.sra.ebi.ac.uk/vol1/fastq/ERR134/000/ERR1346840/ERR1346840_2.fastq.gz	ftp.sra.ebi.ac.uk/vol1/run/ERR134/ERR1346840/A7M2_13C.R1.full.fastq.gz;ftp.sra.ebi.ac.uk/vol1/run/ERR134/ERR1346840/A7M2_13C.R2.full.fastq.gz	ftp.sra.ebi.ac.uk/vol1/err/ERR134/000/ERR1346840
PRJEB12502	SAMEA3914828	ERX1418495	ERR1346841	256318	metagenome	ftp.sra.ebi.ac.uk/vol1/fastq/ERR134/001/ERR1346841/ERR1346841_1.fastq.gz;ftp.sra.ebi.ac.uk/vol1/fastq/ERR134/001/ERR1346841/ERR1346841_2.fastq.gz	ftp.sra.ebi.ac.uk/vol1/run/ERR134/ERR1346841/A7M3_12C.R1.fastq.gz;ftp.sra.ebi.ac.uk/vol1/run/ERR134/ERR1346841/A7M3_12C.R2.fastq.gz	ftp.sra.ebi.ac.uk/vol1/err/ERR134/001/ERR1346841
PRJEB12502	SAMEA3914829	ERX1418496	ERR1346842	256318	metagenome	ftp.sra.ebi.ac.uk/vol1/fastq/ERR134/002/ERR1346842/ERR1346842_1.fastq.gz;ftp.sra.ebi.ac.uk/vol1/fastq/ERR134/002/ERR1346842/ERR1346842_2.fastq.gz	ftp.sra.ebi.ac.uk/vol1/run/ERR134/ERR1346842/A7M3_13C.R1.fastq.gz;ftp.sra.ebi.ac.uk/vol1/run/ERR134/ERR1346842/A7M3_13C.R2.fastq.gz	ftp.sra.ebi.ac.uk/vol1/err/ERR134/002/ERR1346842
PRJEB12502	SAMEA3914830	ERX1418497	ERR1346843	256318	metagenome	ftp.sra.ebi.ac.uk/vol1/fastq/ERR134/003/ERR1346843/ERR1346843_1.fastq.gz;ftp.sra.ebi.ac.uk/vol1/fastq/ERR134/003/ERR1346843/ERR1346843_2.fastq.gz	ftp.sra.ebi.ac.uk/vol1/run/ERR134/ERR1346843/A7O1_13C.R1.fastq.gz;ftp.sra.ebi.ac.uk/vol1/run/ERR134/ERR1346843/A7O1_13C.R2.fastq.gz	ftp.sra.ebi.ac.uk/vol1/err/ERR134/003/ERR1346843
PRJEB12502	SAMEA3914831	ERX1418498	ERR1346844	256318	metagenome	ftp.sra.ebi.ac.uk/vol1/fastq/ERR134/004/ERR1346844/ERR1346844_1.fastq.gz;ftp.sra.ebi.ac.uk/vol1/fastq/ERR134/004/ERR1346844/ERR1346844_2.fastq.gz	ftp.sra.ebi.ac.uk/vol1/run/ERR134/ERR1346844/A7O2_12C.R1.fastq.gz;ftp.sra.ebi.ac.uk/vol1/run/ERR134/ERR1346844/A7O2_12C.R2.fastq.gz	ftp.sra.ebi.ac.uk/vol1/err/ERR134/004/ERR1346844
PRJEB12502	SAMEA3914832	ERX1418499	ERR1346845	256318	metagenome	ftp.sra.ebi.ac.uk/vol1/fastq/ERR134/005/ERR1346845/ERR1346845_1.fastq.gz;ftp.sra.ebi.ac.uk/vol1/fastq/ERR134/005/ERR1346845/ERR1346845_2.fastq.gz	ftp.sra.ebi.ac.uk/vol1/run/ERR134/ERR1346845/A7O2_13C.R1.fastq.gz;ftp.sra.ebi.ac.uk/vol1/run/ERR134/ERR1346845/A7O2_13C.R2.fastq.gz	ftp.sra.ebi.ac.uk/vol1/err/ERR134/005/ERR1346845
PRJEB12502	SAMEA3914833	ERX1418500	ERR1346846	256318	metagenome	ftp.sra.ebi.ac.uk/vol1/fastq/ERR134/006/ERR1346846/ERR1346846_1.fastq.gz;ftp.sra.ebi.ac.uk/vol1/fastq/ERR134/006/ERR1346846/ERR1346846_2.fastq.gz	ftp.sra.ebi.ac.uk/vol1/run/ERR134/ERR1346846/A8M1_12C.R1.fastq.gz;ftp.sra.ebi.ac.uk/vol1/run/ERR134/ERR1346846/A8M1_12C.R2.fastq.gz	ftp.sra.ebi.ac.uk/vol1/err/ERR134/006/ERR1346846
PRJEB12502	SAMEA3914834	ERX1418501	ERR1346847	256318	metagenome	ftp.sra.ebi.ac.uk/vol1/fastq/ERR134/007/ERR1346847/ERR1346847_1.fastq.gz;ftp.sra.ebi.ac.uk/vol1/fastq/ERR134/007/ERR1346847/ERR1346847_2.fastq.gz	ftp.sra.ebi.ac.uk/vol1/run/ERR134/ERR1346847/A8M2_13C.R1.fastq.gz;ftp.sra.ebi.ac.uk/vol1/run/ERR134/ERR1346847/A8M2_13C.R2.fastq.gz	ftp.sra.ebi.ac.uk/vol1/err/ERR134/007/ERR1346847
PRJEB12502	SAMEA3914835	ERX1418502	ERR1346848	256318	metagenome	ftp.sra.ebi.ac.uk/vol1/fastq/ERR134/008/ERR1346848/ERR1346848_1.fastq.gz;ftp.sra.ebi.ac.uk/vol1/fastq/ERR134/008/ERR1346848/ERR1346848_2.fastq.gz	ftp.sra.ebi.ac.uk/vol1/run/ERR134/ERR1346848/A8M3_13C.R1.fastq.gz;ftp.sra.ebi.ac.uk/vol1/run/ERR134/ERR1346848/A8M3_13C.R2.fastq.gz	ftp.sra.ebi.ac.uk/vol1/err/ERR134/008/ERR1346848
PRJEB12502	SAMEA3914836	ERX1418503	ERR1346849	256318	metagenome	ftp.sra.ebi.ac.uk/vol1/fastq/ERR134/009/ERR1346849/ERR1346849_1.fastq.gz;ftp.sra.ebi.ac.uk/vol1/fastq/ERR134/009/ERR1346849/ERR1346849_2.fastq.gz	ftp.sra.ebi.ac.uk/vol1/run/ERR134/ERR1346849/A8O2_12C.R1.fastq.gz;ftp.sra.ebi.ac.uk/vol1/run/ERR134/ERR1346849/A8O2_12C.R2.fastq.gz	ftp.sra.ebi.ac.uk/vol1/err/ERR134/009/ERR1346849
PRJEB12502	SAMEA3914837	ERX1418504	ERR1346850	256318	metagenome	ftp.sra.ebi.ac.uk/vol1/fastq/ERR134/000/ERR1346850/ERR1346850_1.fastq.gz;ftp.sra.ebi.ac.uk/vol1/fastq/ERR134/000/ERR1346850/ERR1346850_2.fastq.gz	ftp.sra.ebi.ac.uk/vol1/run/ERR134/ERR1346850/A8O2_13C.R1.fastq.gz;ftp.sra.ebi.ac.uk/vol1/run/ERR134/ERR1346850/A8O2_13C.R2.fastq.gz	ftp.sra.ebi.ac.uk/vol1/err/ERR134/000/ERR1346850
PRJEB12502	SAMEA3914838	ERX1418505	ERR1346851	256318	metagenome	ftp.sra.ebi.ac.uk/vol1/fastq/ERR134/001/ERR1346851/ERR1346851_1.fastq.gz;ftp.sra.ebi.ac.uk/vol1/fastq/ERR134/001/ERR1346851/ERR1346851_2.fastq.gz	ftp.sra.ebi.ac.uk/vol1/run/ERR134/ERR1346851/A8O3_12C.R1.fastq.gz;ftp.sra.ebi.ac.uk/vol1/run/ERR134/ERR1346851/A8O3_12C.R2.fastq.gz	ftp.sra.ebi.ac.uk/vol1/err/ERR134/001/ERR1346851
PRJEB12502	SAMEA3914839	ERX1418506	ERR1346852	256318	metagenome	ftp.sra.ebi.ac.uk/vol1/fastq/ERR134/002/ERR1346852/ERR1346852_1.fastq.gz;ftp.sra.ebi.ac.uk/vol1/fastq/ERR134/002/ERR1346852/ERR1346852_2.fastq.gz	ftp.sra.ebi.ac.uk/vol1/run/ERR134/ERR1346852/A9M1_12C.R1.fastq.gz;ftp.sra.ebi.ac.uk/vol1/run/ERR134/ERR1346852/A9M1_12C.R2.fastq.gz	ftp.sra.ebi.ac.uk/vol1/err/ERR134/002/ERR1346852
PRJEB12502	SAMEA3914840	ERX1418507	ERR1346853	256318	metagenome	ftp.sra.ebi.ac.uk/vol1/fastq/ERR134/003/ERR1346853/ERR1346853_1.fastq.gz;ftp.sra.ebi.ac.uk/vol1/fastq/ERR134/003/ERR1346853/ERR1346853_2.fastq.gz	ftp.sra.ebi.ac.uk/vol1/run/ERR134/ERR1346853/A9M1_13C.R1.fastq.gz;ftp.sra.ebi.ac.uk/vol1/run/ERR134/ERR1346853/A9M1_13C.R2.fastq.gz	ftp.sra.ebi.ac.uk/vol1/err/ERR134/003/ERR1346853
PRJEB12502	SAMEA3914841	ERX1418508	ERR1346854	256318	metagenome	ftp.sra.ebi.ac.uk/vol1/fastq/ERR134/004/ERR1346854/ERR1346854_1.fastq.gz;ftp.sra.ebi.ac.uk/vol1/fastq/ERR134/004/ERR1346854/ERR1346854_2.fastq.gz	ftp.sra.ebi.ac.uk/vol1/run/ERR134/ERR1346854/A9M2_13C.R1.fastq.gz;ftp.sra.ebi.ac.uk/vol1/run/ERR134/ERR1346854/A9M2_13C.R2.fastq.gz	ftp.sra.ebi.ac.uk/vol1/err/ERR134/004/ERR1346854
PRJEB12502	SAMEA3914842	ERX1418509	ERR1346855	256318	metagenome	ftp.sra.ebi.ac.uk/vol1/fastq/ERR134/005/ERR1346855/ERR1346855_1.fastq.gz;ftp.sra.ebi.ac.uk/vol1/fastq/ERR134/005/ERR1346855/ERR1346855_2.fastq.gz	ftp.sra.ebi.ac.uk/vol1/run/ERR134/ERR1346855/A9M3_13C.R1.fastq.gz;ftp.sra.ebi.ac.uk/vol1/run/ERR134/ERR1346855/A9M3_13C.R2.fastq.gz	ftp.sra.ebi.ac.uk/vol1/err/ERR134/005/ERR1346855
PRJEB12502	SAMEA3914843	ERX1418510	ERR1346856	256318	metagenome	ftp.sra.ebi.ac.uk/vol1/fastq/ERR134/006/ERR1346856/ERR1346856_1.fastq.gz;ftp.sra.ebi.ac.uk/vol1/fastq/ERR134/006/ERR1346856/ERR1346856_2.fastq.gz	ftp.sra.ebi.ac.uk/vol1/run/ERR134/ERR1346856/A9O2_13C.R1.fastq.gz;ftp.sra.ebi.ac.uk/vol1/run/ERR134/ERR1346856/A9O2_13C.R2.fastq.gz	ftp.sra.ebi.ac.uk/vol1/err/ERR134/006/ERR1346856
PRJEB12502	SAMEA3914844	ERX1418511	ERR1346857	256318	metagenome	ftp.sra.ebi.ac.uk/vol1/fastq/ERR134/007/ERR1346857/ERR1346857_1.fastq.gz;ftp.sra.ebi.ac.uk/vol1/fastq/ERR134/007/ERR1346857/ERR1346857_2.fastq.gz	ftp.sra.ebi.ac.uk/vol1/run/ERR134/ERR1346857/BLM1_13C.R1.fastq.gz;ftp.sra.ebi.ac.uk/vol1/run/ERR134/ERR1346857/BLM1_13C.R2.fastq.gz	ftp.sra.ebi.ac.uk/vol1/err/ERR134/007/ERR1346857
PRJEB12502	SAMEA3914845	ERX1418512	ERR1346858	256318	metagenome	ftp.sra.ebi.ac.uk/vol1/fastq/ERR134/008/ERR1346858/ERR1346858_1.fastq.gz;ftp.sra.ebi.ac.uk/vol1/fastq/ERR134/008/ERR1346858/ERR1346858_2.fastq.gz	ftp.sra.ebi.ac.uk/vol1/run/ERR134/ERR1346858/BLM2_12C.R1.fastq.gz;ftp.sra.ebi.ac.uk/vol1/run/ERR134/ERR1346858/BLM2_12C.R2.fastq.gz	ftp.sra.ebi.ac.uk/vol1/err/ERR134/008/ERR1346858
PRJEB12502	SAMEA3914846	ERX1418513	ERR1346859	256318	metagenome	ftp.sra.ebi.ac.uk/vol1/fastq/ERR134/009/ERR1346859/ERR1346859_1.fastq.gz;ftp.sra.ebi.ac.uk/vol1/fastq/ERR134/009/ERR1346859/ERR1346859_2.fastq.gz	ftp.sra.ebi.ac.uk/vol1/run/ERR134/ERR1346859/BLM2_13C.R1.fastq.gz;ftp.sra.ebi.ac.uk/vol1/run/ERR134/ERR1346859/BLM2_13C.R2.fastq.gz	ftp.sra.ebi.ac.uk/vol1/err/ERR134/009/ERR1346859
PRJEB12502	SAMEA3914847	ERX1418514	ERR1346860	256318	metagenome	ftp.sra.ebi.ac.uk/vol1/fastq/ERR134/000/ERR1346860/ERR1346860_1.fastq.gz;ftp.sra.ebi.ac.uk/vol1/fastq/ERR134/000/ERR1346860/ERR1346860_2.fastq.gz	ftp.sra.ebi.ac.uk/vol1/run/ERR134/ERR1346860/BLM3_13C.R1.fastq.gz;ftp.sra.ebi.ac.uk/vol1/run/ERR134/ERR1346860/BLM3_13C.R2.fastq.gz	ftp.sra.ebi.ac.uk/vol1/err/ERR134/000/ERR1346860
PRJEB12502	SAMEA3914848	ERX1418515	ERR1346861	256318	metagenome	ftp.sra.ebi.ac.uk/vol1/fastq/ERR134/001/ERR1346861/ERR1346861_1.fastq.gz;ftp.sra.ebi.ac.uk/vol1/fastq/ERR134/001/ERR1346861/ERR1346861_2.fastq.gz	ftp.sra.ebi.ac.uk/vol1/run/ERR134/ERR1346861/BLO1_13C.R1.fastq.gz;ftp.sra.ebi.ac.uk/vol1/run/ERR134/ERR1346861/BLO1_13C.R2.fastq.gz	ftp.sra.ebi.ac.uk/vol1/err/ERR134/001/ERR1346861
PRJEB12502	SAMEA3914849	ERX1418516	ERR1346862	256318	metagenome	ftp.sra.ebi.ac.uk/vol1/fastq/ERR134/002/ERR1346862/ERR1346862_1.fastq.gz;ftp.sra.ebi.ac.uk/vol1/fastq/ERR134/002/ERR1346862/ERR1346862_2.fastq.gz	ftp.sra.ebi.ac.uk/vol1/run/ERR134/ERR1346862/BLO3_12C.R1.fastq.gz;ftp.sra.ebi.ac.uk/vol1/run/ERR134/ERR1346862/BLO3_12C.R2.fastq.gz	ftp.sra.ebi.ac.uk/vol1/err/ERR134/002/ERR1346862
PRJEB12502	SAMEA3914850	ERX1418517	ERR1346863	256318	metagenome	ftp.sra.ebi.ac.uk/vol1/fastq/ERR134/003/ERR1346863/ERR1346863_1.fastq.gz;ftp.sra.ebi.ac.uk/vol1/fastq/ERR134/003/ERR1346863/ERR1346863_2.fastq.gz	ftp.sra.ebi.ac.uk/vol1/run/ERR134/ERR1346863/BRM1_12C.R1.fastq.gz;ftp.sra.ebi.ac.uk/vol1/run/ERR134/ERR1346863/BRM1_12C.R2.fastq.gz	ftp.sra.ebi.ac.uk/vol1/err/ERR134/003/ERR1346863
PRJEB12502	SAMEA3914851	ERX1418518	ERR1346864	256318	metagenome	ftp.sra.ebi.ac.uk/vol1/fastq/ERR134/004/ERR1346864/ERR1346864_1.fastq.gz;ftp.sra.ebi.ac.uk/vol1/fastq/ERR134/004/ERR1346864/ERR1346864_2.fastq.gz	ftp.sra.ebi.ac.uk/vol1/run/ERR134/ERR1346864/BRM1_13C.R1.fastq.gz;ftp.sra.ebi.ac.uk/vol1/run/ERR134/ERR1346864/BRM1_13C.R2.fastq.gz	ftp.sra.ebi.ac.uk/vol1/err/ERR134/004/ERR1346864
PRJEB12502	SAMEA3914852	ERX1418519	ERR1346865	256318	metagenome	ftp.sra.ebi.ac.uk/vol1/fastq/ERR134/005/ERR1346865/ERR1346865_1.fastq.gz;ftp.sra.ebi.ac.uk/vol1/fastq/ERR134/005/ERR1346865/ERR1346865_2.fastq.gz	ftp.sra.ebi.ac.uk/vol1/run/ERR134/ERR1346865/BRM2_13C.R1.fastq.gz;ftp.sra.ebi.ac.uk/vol1/run/ERR134/ERR1346865/BRM2_13C.R2.fastq.gz	ftp.sra.ebi.ac.uk/vol1/err/ERR134/005/ERR1346865
PRJEB12502	SAMEA3914853	ERX1418520	ERR1346866	256318	metagenome	ftp.sra.ebi.ac.uk/vol1/fastq/ERR134/006/ERR1346866/ERR1346866_1.fastq.gz;ftp.sra.ebi.ac.uk/vol1/fastq/ERR134/006/ERR1346866/ERR1346866_2.fastq.gz	ftp.sra.ebi.ac.uk/vol1/run/ERR134/ERR1346866/BRM3_13C.R1.fastq.gz;ftp.sra.ebi.ac.uk/vol1/run/ERR134/ERR1346866/BRM3_13C.R2.fastq.gz	ftp.sra.ebi.ac.uk/vol1/err/ERR134/006/ERR1346866
PRJEB12502	SAMEA3914854	ERX1418521	ERR1346867	256318	metagenome	ftp.sra.ebi.ac.uk/vol1/fastq/ERR134/007/ERR1346867/ERR1346867_1.fastq.gz;ftp.sra.ebi.ac.uk/vol1/fastq/ERR134/007/ERR1346867/ERR1346867_2.fastq.gz	ftp.sra.ebi.ac.uk/vol1/run/ERR134/ERR1346867/BRO1_13C.R1.fastq.gz;ftp.sra.ebi.ac.uk/vol1/run/ERR134/ERR1346867/BRO1_13C.R2.fastq.gz	ftp.sra.ebi.ac.uk/vol1/err/ERR134/007/ERR1346867
PRJEB12502	SAMEA3914855	ERX1418522	ERR1346868	256318	metagenome	ftp.sra.ebi.ac.uk/vol1/fastq/ERR134/008/ERR1346868/ERR1346868_1.fastq.gz;ftp.sra.ebi.ac.uk/vol1/fastq/ERR134/008/ERR1346868/ERR1346868_2.fastq.gz	ftp.sra.ebi.ac.uk/vol1/run/ERR134/ERR1346868/BRO2_13C.R1.fastq.gz;ftp.sra.ebi.ac.uk/vol1/run/ERR134/ERR1346868/BRO2_13C.R2.fastq.gz	ftp.sra.ebi.ac.uk/vol1/err/ERR134/008/ERR1346868
PRJEB12502	SAMEA3914856	ERX1418523	ERR1346869	256318	metagenome	ftp.sra.ebi.ac.uk/vol1/fastq/ERR134/009/ERR1346869/ERR1346869_1.fastq.gz;ftp.sra.ebi.ac.uk/vol1/fastq/ERR134/009/ERR1346869/ERR1346869_2.fastq.gz	ftp.sra.ebi.ac.uk/vol1/run/ERR134/ERR1346869/BRO3_12C.R1.fastq.gz;ftp.sra.ebi.ac.uk/vol1/run/ERR134/ERR1346869/BRO3_12C.R2.fastq.gz	ftp.sra.ebi.ac.uk/vol1/err/ERR134/009/ERR1346869
PRJEB12502	SAMEA3914857	ERX1418524	ERR1346870	256318	metagenome	ftp.sra.ebi.ac.uk/vol1/fastq/ERR134/000/ERR1346870/ERR1346870_1.fastq.gz;ftp.sra.ebi.ac.uk/vol1/fastq/ERR134/000/ERR1346870/ERR1346870_2.fastq.gz	ftp.sra.ebi.ac.uk/vol1/run/ERR134/ERR1346870/BRO3_13C.R1.fastq.gz;ftp.sra.ebi.ac.uk/vol1/run/ERR134/ERR1346870/BRO3_13C.R2.fastq.gz	ftp.sra.ebi.ac.uk/vol1/err/ERR134/000/ERR1346870
PRJEB12502	SAMEA3914858	ERX1418525	ERR1346871	256318	metagenome	ftp.sra.ebi.ac.uk/vol1/fastq/ERR134/001/ERR1346871/ERR1346871_1.fastq.gz;ftp.sra.ebi.ac.uk/vol1/fastq/ERR134/001/ERR1346871/ERR1346871_2.fastq.gz	ftp.sra.ebi.ac.uk/vol1/run/ERR134/ERR1346871/LHM1_12C.R1.fastq.gz;ftp.sra.ebi.ac.uk/vol1/run/ERR134/ERR1346871/LHM1_12C.R2.fastq.gz	ftp.sra.ebi.ac.uk/vol1/err/ERR134/001/ERR1346871
PRJEB12502	SAMEA3914859	ERX1418526	ERR1346872	256318	metagenome	ftp.sra.ebi.ac.uk/vol1/fastq/ERR134/002/ERR1346872/ERR1346872_1.fastq.gz;ftp.sra.ebi.ac.uk/vol1/fastq/ERR134/002/ERR1346872/ERR1346872_2.fastq.gz	ftp.sra.ebi.ac.uk/vol1/run/ERR134/ERR1346872/LHM1_13C.R1.fastq.gz;ftp.sra.ebi.ac.uk/vol1/run/ERR134/ERR1346872/LHM1_13C.R2.fastq.gz	ftp.sra.ebi.ac.uk/vol1/err/ERR134/002/ERR1346872
PRJEB12502	SAMEA3914860	ERX1418527	ERR1346873	256318	metagenome	ftp.sra.ebi.ac.uk/vol1/fastq/ERR134/003/ERR1346873/ERR1346873_1.fastq.gz;ftp.sra.ebi.ac.uk/vol1/fastq/ERR134/003/ERR1346873/ERR1346873_2.fastq.gz	ftp.sra.ebi.ac.uk/vol1/run/ERR134/ERR1346873/LHM2_13C.R1.full.fastq.gz;ftp.sra.ebi.ac.uk/vol1/run/ERR134/ERR1346873/LHM2_13C.R2.full.fastq.gz	ftp.sra.ebi.ac.uk/vol1/err/ERR134/003/ERR1346873
PRJEB12502	SAMEA3914861	ERX1418528	ERR1346874	256318	metagenome	ftp.sra.ebi.ac.uk/vol1/fastq/ERR134/004/ERR1346874/ERR1346874_1.fastq.gz;ftp.sra.ebi.ac.uk/vol1/fastq/ERR134/004/ERR1346874/ERR1346874_2.fastq.gz	ftp.sra.ebi.ac.uk/vol1/run/ERR134/ERR1346874/LHM3_13C.R1.fastq.gz;ftp.sra.ebi.ac.uk/vol1/run/ERR134/ERR1346874/LHM3_13C.R2.fastq.gz	ftp.sra.ebi.ac.uk/vol1/err/ERR134/004/ERR1346874
PRJEB12502	SAMEA3914862	ERX1418529	ERR1346875	256318	metagenome	ftp.sra.ebi.ac.uk/vol1/fastq/ERR134/005/ERR1346875/ERR1346875_1.fastq.gz;ftp.sra.ebi.ac.uk/vol1/fastq/ERR134/005/ERR1346875/ERR1346875_2.fastq.gz	ftp.sra.ebi.ac.uk/vol1/run/ERR134/ERR1346875/LHO3_12C.R1.fastq.gz;ftp.sra.ebi.ac.uk/vol1/run/ERR134/ERR1346875/LHO3_12C.R2.fastq.gz	ftp.sra.ebi.ac.uk/vol1/err/ERR134/005/ERR1346875
PRJEB12502	SAMEA3914863	ERX1418530	ERR1346876	256318	metagenome	ftp.sra.ebi.ac.uk/vol1/fastq/ERR134/006/ERR1346876/ERR1346876_1.fastq.gz;ftp.sra.ebi.ac.uk/vol1/fastq/ERR134/006/ERR1346876/ERR1346876_2.fastq.gz	ftp.sra.ebi.ac.uk/vol1/run/ERR134/ERR1346876/LHO3_13C.R1.full.fastq.gz;ftp.sra.ebi.ac.uk/vol1/run/ERR134/ERR1346876/LHO3_13C.R2.full.fastq.gz	ftp.sra.ebi.ac.uk/vol1/err/ERR134/006/ERR1346876
PRJEB12502	SAMEA3914864	ERX1418531	ERR1346877	256318	metagenome	ftp.sra.ebi.ac.uk/vol1/fastq/ERR134/007/ERR1346877/ERR1346877_1.fastq.gz;ftp.sra.ebi.ac.uk/vol1/fastq/ERR134/007/ERR1346877/ERR1346877_2.fastq.gz	ftp.sra.ebi.ac.uk/vol1/run/ERR134/ERR1346877/TXAM1_13C.R1.fastq.gz;ftp.sra.ebi.ac.uk/vol1/run/ERR134/ERR1346877/TXAM1_13C.R2.fastq.gz	ftp.sra.ebi.ac.uk/vol1/err/ERR134/007/ERR1346877
PRJEB12502	SAMEA3914865	ERX1418532	ERR1346878	256318	metagenome	ftp.sra.ebi.ac.uk/vol1/fastq/ERR134/008/ERR1346878/ERR1346878_1.fastq.gz;ftp.sra.ebi.ac.uk/vol1/fastq/ERR134/008/ERR1346878/ERR1346878_2.fastq.gz	ftp.sra.ebi.ac.uk/vol1/run/ERR134/ERR1346878/TXAM2_12C.R1.fastq.gz;ftp.sra.ebi.ac.uk/vol1/run/ERR134/ERR1346878/TXAM2_12C.R2.fastq.gz	ftp.sra.ebi.ac.uk/vol1/err/ERR134/008/ERR1346878
PRJEB12502	SAMEA3914866	ERX1418533	ERR1346879	256318	metagenome	ftp.sra.ebi.ac.uk/vol1/fastq/ERR134/009/ERR1346879/ERR1346879_1.fastq.gz;ftp.sra.ebi.ac.uk/vol1/fastq/ERR134/009/ERR1346879/ERR1346879_2.fastq.gz	ftp.sra.ebi.ac.uk/vol1/run/ERR134/ERR1346879/TXAM2_13C.R1.fastq.gz;ftp.sra.ebi.ac.uk/vol1/run/ERR134/ERR1346879/TXAM2_13C.R2.fastq.gz	ftp.sra.ebi.ac.uk/vol1/err/ERR134/009/ERR1346879
PRJEB12502	SAMEA3914867	ERX1418534	ERR1346880	256318	metagenome	ftp.sra.ebi.ac.uk/vol1/fastq/ERR134/000/ERR1346880/ERR1346880_1.fastq.gz;ftp.sra.ebi.ac.uk/vol1/fastq/ERR134/000/ERR1346880/ERR1346880_2.fastq.gz	ftp.sra.ebi.ac.uk/vol1/run/ERR134/ERR1346880/TXAM3_12C.R1.fastq.gz;ftp.sra.ebi.ac.uk/vol1/run/ERR134/ERR1346880/TXAM3_12C.R2.fastq.gz	ftp.sra.ebi.ac.uk/vol1/err/ERR134/000/ERR1346880
PRJEB12502	SAMEA3914868	ERX1418535	ERR1346881	256318	metagenome	ftp.sra.ebi.ac.uk/vol1/fastq/ERR134/001/ERR1346881/ERR1346881_1.fastq.gz;ftp.sra.ebi.ac.uk/vol1/fastq/ERR134/001/ERR1346881/ERR1346881_2.fastq.gz	ftp.sra.ebi.ac.uk/vol1/run/ERR134/ERR1346881/TXAM3_13C.R1.fastq.gz;ftp.sra.ebi.ac.uk/vol1/run/ERR134/ERR1346881/TXAM3_13C.R2.fastq.gz	ftp.sra.ebi.ac.uk/vol1/err/ERR134/001/ERR1346881
PRJEB12502	SAMEA3914869	ERX1418536	ERR1346882	256318	metagenome	ftp.sra.ebi.ac.uk/vol1/fastq/ERR134/002/ERR1346882/ERR1346882_1.fastq.gz;ftp.sra.ebi.ac.uk/vol1/fastq/ERR134/002/ERR1346882/ERR1346882_2.fastq.gz	ftp.sra.ebi.ac.uk/vol1/run/ERR134/ERR1346882/TXAO1_13C.R1.fastq.gz;ftp.sra.ebi.ac.uk/vol1/run/ERR134/ERR1346882/TXAO1_13C.R2.fastq.gz	ftp.sra.ebi.ac.uk/vol1/err/ERR134/002/ERR1346882
PRJEB12502	SAMEA3914870	ERX1418537	ERR1346883	256318	metagenome	ftp.sra.ebi.ac.uk/vol1/fastq/ERR134/003/ERR1346883/ERR1346883_1.fastq.gz;ftp.sra.ebi.ac.uk/vol1/fastq/ERR134/003/ERR1346883/ERR1346883_2.fastq.gz	ftp.sra.ebi.ac.uk/vol1/run/ERR134/ERR1346883/BRM2_12C.R1.fastq.gz;ftp.sra.ebi.ac.uk/vol1/run/ERR134/ERR1346883/BRM2_12C.R2.fastq.gz	ftp.sra.ebi.ac.uk/vol1/err/ERR134/003/ERR1346883
PRJEB12502	SAMEA3914871	ERX1418538	ERR1346884	256318	metagenome	ftp.sra.ebi.ac.uk/vol1/fastq/ERR134/004/ERR1346884/ERR1346884_1.fastq.gz;ftp.sra.ebi.ac.uk/vol1/fastq/ERR134/004/ERR1346884/ERR1346884_2.fastq.gz	ftp.sra.ebi.ac.uk/vol1/run/ERR134/ERR1346884/A8M3_12C.R1.fastq.gz;ftp.sra.ebi.ac.uk/vol1/run/ERR134/ERR1346884/A8M3_12C.R2.fastq.gz	ftp.sra.ebi.ac.uk/vol1/err/ERR134/004/ERR1346884
PRJEB12502	SAMEA3914872	ERX1418539	ERR1346885	256318	metagenome	ftp.sra.ebi.ac.uk/vol1/fastq/ERR134/005/ERR1346885/ERR1346885.fastq.gz	ftp.sra.ebi.ac.uk/vol1/run/ERR134/ERR1346885/A7_Antibiotic.N704.N501.R1.fastq.gz;ftp.sra.ebi.ac.uk/vol1/run/ERR134/ERR1346885/A7_Control.N704.N504.R2.fastq.gz	
PRJEB12502	SAMEA3914873	ERX1418540	ERR1346886	256318	metagenome	ftp.sra.ebi.ac.uk/vol1/fastq/ERR134/006/ERR1346886/ERR1346886.fastq.gz	ftp.sra.ebi.ac.uk/vol1/run/ERR134/ERR1346886/A7_Antibiotic.N704.N501.R2.fastq.gz;ftp.sra.ebi.ac.uk/vol1/run/ERR134/ERR1346886/A7_Control.N704.N504.R1.fastq.gz	
PRJEB12502	SAMEA3914874	ERX1418541	ERR1346887	256318	metagenome	ftp.sra.ebi.ac.uk/vol1/fastq/ERR134/007/ERR1346887/ERR1346887_1.fastq.gz;ftp.sra.ebi.ac.uk/vol1/fastq/ERR134/007/ERR1346887/ERR1346887_2.fastq.gz	ftp.sra.ebi.ac.uk/vol1/run/ERR134/ERR1346887/A8_Antibiotic.N705.N517.R1.fastq.gz;ftp.sra.ebi.ac.uk/vol1/run/ERR134/ERR1346887/A8_Antibiotic.N705.N517.R2.fastq.gz	ftp.sra.ebi.ac.uk/vol1/err/ERR134/007/ERR1346887
PRJEB12502	SAMEA3914875	ERX1418542	ERR1346888	256318	metagenome	ftp.sra.ebi.ac.uk/vol1/fastq/ERR134/008/ERR1346888/ERR1346888_1.fastq.gz;ftp.sra.ebi.ac.uk/vol1/fastq/ERR134/008/ERR1346888/ERR1346888_2.fastq.gz	ftp.sra.ebi.ac.uk/vol1/run/ERR134/ERR1346888/A8_Control.N706.N502.R1.fastq.gz;ftp.sra.ebi.ac.uk/vol1/run/ERR134/ERR1346888/A8_Control.N706.N502.R2.fastq.gz	ftp.sra.ebi.ac.uk/vol1/err/ERR134/008/ERR1346888
PRJEB12502	SAMEA3914876	ERX1418543	ERR1346889	256318	metagenome	ftp.sra.ebi.ac.uk/vol1/fastq/ERR134/009/ERR1346889/ERR1346889_1.fastq.gz;ftp.sra.ebi.ac.uk/vol1/fastq/ERR134/009/ERR1346889/ERR1346889_2.fastq.gz	ftp.sra.ebi.ac.uk/vol1/run/ERR134/ERR1346889/BR_Antibiotic_N701.N503.R1.fastq.gz;ftp.sra.ebi.ac.uk/vol1/run/ERR134/ERR1346889/BR_Antibiotic_N701.N503.R2.fastq.gz	ftp.sra.ebi.ac.uk/vol1/err/ERR134/009/ERR1346889
PRJEB12502	SAMEA3914877	ERX1418544	ERR1346890	256318	metagenome	ftp.sra.ebi.ac.uk/vol1/fastq/ERR134/000/ERR1346890/ERR1346890_1.fastq.gz;ftp.sra.ebi.ac.uk/vol1/fastq/ERR134/000/ERR1346890/ERR1346890_2.fastq.gz	ftp.sra.ebi.ac.uk/vol1/run/ERR134/ERR1346890/BR_Control.N702.N504.R1.fastq.gz;ftp.sra.ebi.ac.uk/vol1/run/ERR134/ERR1346890/BR_Control.N702.N504.R2.fastq.gz	ftp.sra.ebi.ac.uk/vol1/err/ERR134/000/ERR1346890
PRJEB12502	SAMEA3914878	ERX1418545	ERR1346891	256318	metagenome	ftp.sra.ebi.ac.uk/vol1/fastq/ERR134/001/ERR1346891/ERR1346891_1.fastq.gz;ftp.sra.ebi.ac.uk/vol1/fastq/ERR134/001/ERR1346891/ERR1346891_2.fastq.gz	ftp.sra.ebi.ac.uk/vol1/run/ERR134/ERR1346891/TXA_Antibiotic.N701.N517.R1.fastq.gz;ftp.sra.ebi.ac.uk/vol1/run/ERR134/ERR1346891/TXA_Antibiotic.N701.N517.R2.fastq.gz	ftp.sra.ebi.ac.uk/vol1/err/ERR134/001/ERR1346891
PRJEB12502	SAMEA3914879	ERX1418546	ERR1346892	256318	metagenome	ftp.sra.ebi.ac.uk/vol1/fastq/ERR134/002/ERR1346892/ERR1346892_1.fastq.gz;ftp.sra.ebi.ac.uk/vol1/fastq/ERR134/002/ERR1346892/ERR1346892_2.fastq.gz	ftp.sra.ebi.ac.uk/vol1/run/ERR134/ERR1346892/TXA_Control_N702.N502.R1.fastq.gz;ftp.sra.ebi.ac.uk/vol1/run/ERR134/ERR1346892/TXA_Control_N702.N502.R2.fastq.gz	ftp.sra.ebi.ac.uk/vol1/err/ERR134/002/ERR1346892
