ID	reSRR16235394_taxonomic_profile	reSRR16235395_taxonomic_profile	reSRR16235396_taxonomic_profile	reSRR16235397_taxonomic_profile	reSRR16235398_taxonomic_profile	reSRR16235399_taxonomic_profile	reSRR16235400_taxonomic_profile	reSRR16235401_taxonomic_profile	reSRR16235402_taxonomic_profile	reSRR16235403_taxonomic_profile	reSRR16235404_taxonomic_profile	reSRR16235405_taxonomic_profile	reSRR16235406_taxonomic_profile	reSRR16235407_taxonomic_profile	reSRR16235408_taxonomic_profile	reSRR16235409_taxonomic_profile
#SampleID	Metaphlan2_Analysis	Metaphlan2_Analysis	Metaphlan2_Analysis	Metaphlan2_Analysis	Metaphlan2_Analysis	Metaphlan2_Analysis	Metaphlan2_Analysis	Metaphlan2_Analysis	Metaphlan2_Analysis	Metaphlan2_Analysis	Metaphlan2_Analysis	Metaphlan2_Analysis	Metaphlan2_Analysis	Metaphlan2_Analysis	Metaphlan2_Analysis	Metaphlan2_Analysis
k__Archaea	0.0	0.0	0.0	0.0	0.0	0.0	0.0	0.0	0.0	0.0	0.0	0.0	0.003	0.0	0.0	0.0
k__Archaea|p__Euryarchaeota	0.0	0.0	0.0	0.0	0.0	0.0	0.0	0.0	0.0	0.0	0.0	0.0	0.003	0.0	0.0	0.0
k__Archaea|p__Euryarchaeota|c__Methanobacteria	0.0	0.0	0.0	0.0	0.0	0.0	0.0	0.0	0.0	0.0	0.0	0.0	0.003	0.0	0.0	0.0
k__Archaea|p__Euryarchaeota|c__Methanobacteria|o__Methanobacteriales	0.0	0.0	0.0	0.0	0.0	0.0	0.0	0.0	0.0	0.0	0.0	0.0	0.003	0.0	0.0	0.0
k__Archaea|p__Euryarchaeota|c__Methanobacteria|o__Methanobacteriales|f__Methanobacteriaceae	0.0	0.0	0.0	0.0	0.0	0.0	0.0	0.0	0.0	0.0	0.0	0.0	0.003	0.0	0.0	0.0
k__Archaea|p__Euryarchaeota|c__Methanobacteria|o__Methanobacteriales|f__Methanobacteriaceae|g__Methanobrevibacter	0.0	0.0	0.0	0.0	0.0	0.0	0.0	0.0	0.0	0.0	0.0	0.0	0.003	0.0	0.0	0.0
k__Archaea|p__Euryarchaeota|c__Methanobacteria|o__Methanobacteriales|f__Methanobacteriaceae|g__Methanobrevibacter|s__Methanobrevibacter_unclassified	0.0	0.0	0.0	0.0	0.0	0.0	0.0	0.0	0.0	0.0	0.0	0.0	0.003	0.0	0.0	0.0
k__Bacteria	99.9733	100.0	100.0	100.0	99.94499	100.0	100.0	100.0	99.9922	99.99244	99.97947	99.99127	99.997	99.99007	99.99303	100.0
k__Bacteria|p__Actinobacteria	47.04691	50.4779	34.50289	16.66225	44.48544	25.44347	8.16443	63.35102	55.47826	11.62228	16.98147	24.47561	46.76233	55.49994	11.25734	27.42789
k__Bacteria|p__Actinobacteria|c__Actinobacteria	47.04691	50.4779	34.50289	16.66225	44.48544	25.44347	8.16443	63.35102	55.47826	11.62228	16.98147	24.47561	46.76233	55.49994	11.25734	27.42789
k__Bacteria|p__Actinobacteria|c__Actinobacteria|o__Actinomycetales	0.0	0.0	0.0	0.01486	0.05436	0.0	0.0	0.0	0.0006	0.0	0.01003	0.0	0.02402	0.04331	0.0	0.0
k__Bacteria|p__Actinobacteria|c__Actinobacteria|o__Actinomycetales|f__Corynebacteriaceae	0.0	0.0	0.0	0.0	0.0	0.0	0.0	0.0	0.0006	0.0	0.0	0.0	0.02402	0.04331	0.0	0.0
k__Bacteria|p__Actinobacteria|c__Actinobacteria|o__Actinomycetales|f__Corynebacteriaceae|g__Corynebacterium	0.0	0.0	0.0	0.0	0.0	0.0	0.0	0.0	0.0006	0.0	0.0	0.0	0.02402	0.04331	0.0	0.0
k__Bacteria|p__Actinobacteria|c__Actinobacteria|o__Actinomycetales|f__Corynebacteriaceae|g__Corynebacterium|s__Corynebacterium_pyruviciproducens	0.0	0.0	0.0	0.0	0.0	0.0	0.0	0.0	0.0006	0.0	0.0	0.0	0.02402	0.04331	0.0	0.0
k__Bacteria|p__Actinobacteria|c__Actinobacteria|o__Actinomycetales|f__Corynebacteriaceae|g__Corynebacterium|s__Corynebacterium_pyruviciproducens|t__GCF_000411375	0.0	0.0	0.0	0.0	0.0	0.0	0.0	0.0	0.0006	0.0	0.0	0.0	0.02402	0.04331	0.0	0.0
k__Bacteria|p__Actinobacteria|c__Actinobacteria|o__Actinomycetales|f__Micrococcaceae	0.0	0.0	0.0	0.00674	0.03977	0.0	0.0	0.0	0.0	0.0	0.0	0.0	0.0	0.0	0.0	0.0
k__Bacteria|p__Actinobacteria|c__Actinobacteria|o__Actinomycetales|f__Micrococcaceae|g__Kocuria	0.0	0.0	0.0	0.00674	0.03977	0.0	0.0	0.0	0.0	0.0	0.0	0.0	0.0	0.0	0.0	0.0
k__Bacteria|p__Actinobacteria|c__Actinobacteria|o__Actinomycetales|f__Micrococcaceae|g__Kocuria|s__Kocuria_rhizophila	0.0	0.0	0.0	0.00413	0.03977	0.0	0.0	0.0	0.0	0.0	0.0	0.0	0.0	0.0	0.0	0.0
k__Bacteria|p__Actinobacteria|c__Actinobacteria|o__Actinomycetales|f__Micrococcaceae|g__Kocuria|s__Kocuria_rhizophila|t__Kocuria_rhizophila_unclassified	0.0	0.0	0.0	0.00413	0.03977	0.0	0.0	0.0	0.0	0.0	0.0	0.0	0.0	0.0	0.0	0.0
k__Bacteria|p__Actinobacteria|c__Actinobacteria|o__Actinomycetales|f__Micrococcaceae|g__Kocuria|s__Kocuria_unclassified	0.0	0.0	0.0	0.00261	0.0	0.0	0.0	0.0	0.0	0.0	0.0	0.0	0.0	0.0	0.0	0.0
k__Bacteria|p__Actinobacteria|c__Actinobacteria|o__Actinomycetales|f__Propionibacteriaceae	0.0	0.0	0.0	0.00812	0.01459	0.0	0.0	0.0	0.0	0.0	0.01003	0.0	0.0	0.0	0.0	0.0
k__Bacteria|p__Actinobacteria|c__Actinobacteria|o__Actinomycetales|f__Propionibacteriaceae|g__Propionibacteriaceae_unclassified	0.0	0.0	0.0	0.00687	0.01459	0.0	0.0	0.0	0.0	0.0	0.01003	0.0	0.0	0.0	0.0	0.0
k__Bacteria|p__Actinobacteria|c__Actinobacteria|o__Actinomycetales|f__Propionibacteriaceae|g__Propionibacterium	0.0	0.0	0.0	0.00125	0.0	0.0	0.0	0.0	0.0	0.0	0.0	0.0	0.0	0.0	0.0	0.0
k__Bacteria|p__Actinobacteria|c__Actinobacteria|o__Actinomycetales|f__Propionibacteriaceae|g__Propionibacterium|s__Propionibacterium_acnes	0.0	0.0	0.0	0.00125	0.0	0.0	0.0	0.0	0.0	0.0	0.0	0.0	0.0	0.0	0.0	0.0
k__Bacteria|p__Actinobacteria|c__Actinobacteria|o__Actinomycetales|f__Propionibacteriaceae|g__Propionibacterium|s__Propionibacterium_acnes|t__Propionibacterium_acnes_unclassified	0.0	0.0	0.0	0.00125	0.0	0.0	0.0	0.0	0.0	0.0	0.0	0.0	0.0	0.0	0.0	0.0
k__Bacteria|p__Actinobacteria|c__Actinobacteria|o__Bifidobacteriales	24.98208	15.55728	0.0	0.00019	0.96639	0.48554	0.0	2.34639	0.54154	0.39895	3.06618	14.43206	2.1937	22.44701	0.00323	0.01591
k__Bacteria|p__Actinobacteria|c__Actinobacteria|o__Bifidobacteriales|f__Bifidobacteriaceae	24.98208	15.55728	0.0	0.00019	0.96639	0.48554	0.0	2.34639	0.54154	0.39895	3.06618	14.43206	2.1937	22.44701	0.00323	0.01591
k__Bacteria|p__Actinobacteria|c__Actinobacteria|o__Bifidobacteriales|f__Bifidobacteriaceae|g__Bifidobacterium	24.98208	15.55728	0.0	0.00019	0.96639	0.48554	0.0	2.34639	0.54154	0.39895	3.06618	14.43206	2.1937	22.44701	0.00323	0.01591
k__Bacteria|p__Actinobacteria|c__Actinobacteria|o__Bifidobacteriales|f__Bifidobacteriaceae|g__Bifidobacterium|s__Bifidobacterium_adolescentis	24.47128	14.89352	0.0	0.0	0.0	0.0	0.0	0.0	0.54154	0.33902	2.6156	13.07511	0.0	21.83806	0.0	0.0
k__Bacteria|p__Actinobacteria|c__Actinobacteria|o__Bifidobacteriales|f__Bifidobacteriaceae|g__Bifidobacterium|s__Bifidobacterium_adolescentis|t__Bifidobacterium_adolescentis_unclassified	24.47128	14.89352	0.0	0.0	0.0	0.0	0.0	0.0	0.54154	0.33902	2.6156	13.07511	0.0	21.83806	0.0	0.0
k__Bacteria|p__Actinobacteria|c__Actinobacteria|o__Bifidobacteriales|f__Bifidobacteriaceae|g__Bifidobacterium|s__Bifidobacterium_animalis	0.0	0.0	0.0	0.0	0.00018	0.0	0.0	0.0	0.0	0.0	0.0	0.0	0.0	0.0	0.00275	0.0088
k__Bacteria|p__Actinobacteria|c__Actinobacteria|o__Bifidobacteriales|f__Bifidobacteriaceae|g__Bifidobacterium|s__Bifidobacterium_animalis|t__Bifidobacterium_animalis_unclassified	0.0	0.0	0.0	0.0	0.00018	0.0	0.0	0.0	0.0	0.0	0.0	0.0	0.0	0.0	0.00275	0.0088
k__Bacteria|p__Actinobacteria|c__Actinobacteria|o__Bifidobacteriales|f__Bifidobacteriaceae|g__Bifidobacterium|s__Bifidobacterium_longum	0.51081	0.66375	0.0	0.0	0.0	0.0	0.0	0.0	0.0	0.05993	0.45058	0.43086	0.01158	0.60896	0.0	0.0
k__Bacteria|p__Actinobacteria|c__Actinobacteria|o__Bifidobacteriales|f__Bifidobacteriaceae|g__Bifidobacterium|s__Bifidobacterium_longum|t__Bifidobacterium_longum_unclassified	0.51081	0.66375	0.0	0.0	0.0	0.0	0.0	0.0	0.0	0.05993	0.45058	0.43086	0.01158	0.60896	0.0	0.0
k__Bacteria|p__Actinobacteria|c__Actinobacteria|o__Bifidobacteriales|f__Bifidobacteriaceae|g__Bifidobacterium|s__Bifidobacterium_pseudocatenulatum	0.0	0.0	0.0	0.0	0.96267	0.48554	0.0	2.34639	0.0	0.0	0.0	0.92608	0.0	0.0	0.0	0.0
k__Bacteria|p__Actinobacteria|c__Actinobacteria|o__Bifidobacteriales|f__Bifidobacteriaceae|g__Bifidobacterium|s__Bifidobacterium_pseudocatenulatum|t__GCF_000173435	0.0	0.0	0.0	0.0	0.96267	0.48554	0.0	2.34639	0.0	0.0	0.0	0.92608	0.0	0.0	0.0	0.0
k__Bacteria|p__Actinobacteria|c__Actinobacteria|o__Bifidobacteriales|f__Bifidobacteriaceae|g__Bifidobacterium|s__Bifidobacterium_pseudolongum	0.0	0.0	0.0	0.00019	0.00354	0.0	0.0	0.0	0.0	0.0	0.0	0.0	2.18212	0.0	0.00048	0.00711
k__Bacteria|p__Actinobacteria|c__Actinobacteria|o__Bifidobacteriales|f__Bifidobacteriaceae|g__Bifidobacterium|s__Bifidobacterium_pseudolongum|t__GCF_000421365	0.0	0.0	0.0	0.00019	0.00354	0.0	0.0	0.0	0.0	0.0	0.0	0.0	2.18212	0.0	0.00048	0.00711
k__Bacteria|p__Actinobacteria|c__Actinobacteria|o__Coriobacteriales	22.06483	34.92062	34.50289	16.64721	43.46469	24.95793	8.16443	61.00463	54.93613	11.22333	13.90525	10.04355	44.54461	33.00961	11.25411	27.41199
k__Bacteria|p__Actinobacteria|c__Actinobacteria|o__Coriobacteriales|f__Coriobacteriaceae	22.06483	34.92062	34.50289	16.64721	43.46469	24.95793	8.16443	61.00463	54.93613	11.22333	13.90525	10.04355	44.54461	33.00961	11.25411	27.41199
k__Bacteria|p__Actinobacteria|c__Actinobacteria|o__Coriobacteriales|f__Coriobacteriaceae|g__Collinsella	21.53414	33.61216	34.20486	15.35224	41.7888	23.93944	7.64446	60.407	52.37807	10.25796	13.6763	9.39489	42.86614	31.18078	10.7013	24.97183
k__Bacteria|p__Actinobacteria|c__Actinobacteria|o__Coriobacteriales|f__Coriobacteriaceae|g__Collinsella|s__Collinsella_aerofaciens	1.53816	0.82594	27.78697	3.6911	21.25284	8.12604	1.87271	12.72614	1.34363	0.99788	11.81275	1.75359	0.0	1.10423	1.85142	3.79951
k__Bacteria|p__Actinobacteria|c__Actinobacteria|o__Coriobacteriales|f__Coriobacteriaceae|g__Collinsella|s__Collinsella_aerofaciens|t__GCF_000169035	1.53816	0.82594	27.78697	3.6911	21.25284	8.12604	1.87271	12.72614	1.34363	0.99788	11.81275	1.75359	0.0	1.10423	1.85142	3.79951
k__Bacteria|p__Actinobacteria|c__Actinobacteria|o__Coriobacteriales|f__Coriobacteriaceae|g__Collinsella|s__Collinsella_intestinalis	0.02444	0.07689	0.04409	1.11568	0.30711	1.09482	0.76333	3.61518	0.16879	0.11793	0.00275	0.04586	0.0	0.09963	0.30655	0.70419
k__Bacteria|p__Actinobacteria|c__Actinobacteria|o__Coriobacteriales|f__Coriobacteriaceae|g__Collinsella|s__Collinsella_intestinalis|t__GCF_000156175	0.02444	0.07689	0.04409	1.11568	0.30711	1.09482	0.76333	3.61518	0.16879	0.11793	0.00275	0.04586	0.0	0.09963	0.30655	0.70419
k__Bacteria|p__Actinobacteria|c__Actinobacteria|o__Coriobacteriales|f__Coriobacteriaceae|g__Collinsella|s__Collinsella_stercoris	4.80092	8.26135	1.91025	1.44648	6.73371	2.43129	0.99312	6.31035	10.26812	1.65993	0.36181	1.52275	11.04035	7.48558	0.74869	2.58502
k__Bacteria|p__Actinobacteria|c__Actinobacteria|o__Coriobacteriales|f__Coriobacteriaceae|g__Collinsella|s__Collinsella_stercoris|t__GCF_000156215	4.80092	8.26135	1.91025	1.44648	6.73371	2.43129	0.99312	6.31035	10.26812	1.65993	0.36181	1.52275	11.04035	7.48558	0.74869	2.58502
k__Bacteria|p__Actinobacteria|c__Actinobacteria|o__Coriobacteriales|f__Coriobacteriaceae|g__Collinsella|s__Collinsella_tanakaei	2.95634	4.93682	4.46354	5.92832	6.69526	9.9847	1.62139	15.97009	14.09319	6.55058	1.49899	4.6461	0.0	5.38828	7.07008	16.06576
k__Bacteria|p__Actinobacteria|c__Actinobacteria|o__Coriobacteriales|f__Coriobacteriaceae|g__Collinsella|s__Collinsella_tanakaei|t__GCF_000225705	2.95634	4.93682	4.46354	5.92832	6.69526	9.9847	1.62139	15.97009	14.09319	6.55058	1.49899	4.6461	0.0	5.38828	7.07008	16.06576
k__Bacteria|p__Actinobacteria|c__Actinobacteria|o__Coriobacteriales|f__Coriobacteriaceae|g__Collinsella|s__Collinsella_unclassified	12.21427	19.51116	0.0	3.17065	6.79988	2.30259	2.39391	21.78524	26.50434	0.93164	0.0	1.42661	31.82578	17.10306	0.72457	1.81734
k__Bacteria|p__Actinobacteria|c__Actinobacteria|o__Coriobacteriales|f__Coriobacteriaceae|g__Coriobacteriaceae_noname	0.04099	0.11237	0.0	0.0	0.0	0.0	0.0	0.0	0.34899	0.12559	0.00078	0.30536	0.0	0.63925	0.0	0.0
k__Bacteria|p__Actinobacteria|c__Actinobacteria|o__Coriobacteriales|f__Coriobacteriaceae|g__Coriobacteriaceae_noname|s__Coriobacteriaceae_bacterium_phI	0.04099	0.11237	0.0	0.0	0.0	0.0	0.0	0.0	0.34899	0.12559	0.00078	0.30536	0.0	0.63925	0.0	0.0
k__Bacteria|p__Actinobacteria|c__Actinobacteria|o__Coriobacteriales|f__Coriobacteriaceae|g__Coriobacteriaceae_noname|s__Coriobacteriaceae_bacterium_phI|t__GCF_000311845	0.04099	0.11237	0.0	0.0	0.0	0.0	0.0	0.0	0.34899	0.12559	0.00078	0.30536	0.0	0.63925	0.0	0.0
k__Bacteria|p__Actinobacteria|c__Actinobacteria|o__Coriobacteriales|f__Coriobacteriaceae|g__Olsenella	0.0	0.00544	0.0	0.01476	0.01316	0.01125	0.00127	0.05141	0.0126	0.0132	0.00259	0.03861	0.09976	0.01345	0.01059	0.00509
k__Bacteria|p__Actinobacteria|c__Actinobacteria|o__Coriobacteriales|f__Coriobacteriaceae|g__Olsenella|s__Olsenella_unclassified	0.0	0.00544	0.0	0.01476	0.01316	0.01125	0.00127	0.05141	0.0126	0.0132	0.00259	0.03861	0.09976	0.01345	0.01059	0.00509
k__Bacteria|p__Actinobacteria|c__Actinobacteria|o__Coriobacteriales|f__Coriobacteriaceae|g__Slackia	0.4897	1.19065	0.29803	1.28022	1.66273	1.00723	0.51871	0.54622	2.19648	0.82658	0.22559	0.30468	1.57872	1.17614	0.54222	2.43506
k__Bacteria|p__Actinobacteria|c__Actinobacteria|o__Coriobacteriales|f__Coriobacteriaceae|g__Slackia|s__Slackia_piriformis	0.4897	1.19065	0.29803	1.28022	1.66273	1.00723	0.51871	0.54622	2.19648	0.82658	0.22559	0.30468	1.57872	1.17614	0.54222	2.43506
k__Bacteria|p__Actinobacteria|c__Actinobacteria|o__Coriobacteriales|f__Coriobacteriaceae|g__Slackia|s__Slackia_piriformis|t__GCF_000296445	0.4897	1.19065	0.29803	1.28022	1.66273	1.00723	0.51871	0.54622	2.19648	0.82658	0.22559	0.30468	1.57872	1.17614	0.54222	2.43506
k__Bacteria|p__Bacteroidetes	24.06717	31.02802	14.95184	43.4147	20.37809	22.65692	58.02008	13.22436	19.69583	50.98489	64.68051	50.03254	32.93584	20.80176	49.88755	25.70149
k__Bacteria|p__Bacteroidetes|c__Bacteroidia	24.06717	31.02802	14.95184	43.4147	20.37809	22.65692	58.02008	13.22436	19.69583	50.98489	64.68051	50.03254	32.93584	20.80176	49.88755	25.70149
k__Bacteria|p__Bacteroidetes|c__Bacteroidia|o__Bacteroidales	24.06717	31.02802	14.95184	43.4147	20.37809	22.65692	58.02008	13.22436	19.69583	50.98489	64.68051	50.03254	32.93584	20.80176	49.88755	25.70149
k__Bacteria|p__Bacteroidetes|c__Bacteroidia|o__Bacteroidales|f__Bacteroidaceae	5.82987	13.57563	0.29046	7.10348	2.04394	5.72016	6.57623	4.8087	18.90502	5.9652	5.28954	4.00537	32.92373	8.30826	5.34239	12.08099
k__Bacteria|p__Bacteroidetes|c__Bacteroidia|o__Bacteroidales|f__Bacteroidaceae|g__Bacteroides	5.82987	13.57563	0.29046	7.10348	2.04394	5.72016	6.57623	4.8087	18.90502	5.9652	5.28954	4.00537	32.92373	8.30826	5.34239	12.08099
k__Bacteria|p__Bacteroidetes|c__Bacteroidia|o__Bacteroidales|f__Bacteroidaceae|g__Bacteroides|s__Bacteroides_coprocola	1.16008	2.40163	0.12134	0.90085	0.26611	1.83611	2.83387	0.83844	0.39315	2.42278	1.07117	0.96093	0.0	1.71285	2.29642	2.18044
k__Bacteria|p__Bacteroidetes|c__Bacteroidia|o__Bacteroidales|f__Bacteroidaceae|g__Bacteroides|s__Bacteroides_coprocola|t__GCF_000154845	1.16008	2.40163	0.12134	0.90085	0.26611	1.83611	2.83387	0.83844	0.39315	2.42278	1.07117	0.96093	0.0	1.71285	2.29642	2.18044
k__Bacteria|p__Bacteroidetes|c__Bacteroidia|o__Bacteroidales|f__Bacteroidaceae|g__Bacteroides|s__Bacteroides_coprophilus	2.25362	2.62368	0.0	0.25651	0.0366	0.07464	0.28739	0.0	1.60051	0.67906	3.39511	0.42933	0.0	1.73723	0.00076	0.24609
k__Bacteria|p__Bacteroidetes|c__Bacteroidia|o__Bacteroidales|f__Bacteroidaceae|g__Bacteroides|s__Bacteroides_coprophilus|t__GCF_000157915	2.25362	2.62368	0.0	0.25651	0.0366	0.07464	0.28739	0.0	1.60051	0.67906	3.39511	0.42933	0.0	1.73723	0.00076	0.24609
k__Bacteria|p__Bacteroidetes|c__Bacteroidia|o__Bacteroidales|f__Bacteroidaceae|g__Bacteroides|s__Bacteroides_finegoldii	0.0	0.0	0.0	0.34484	0.0	0.22177	0.18908	0.0	0.0	0.06524	0.0	0.18113	0.0	0.02646	0.0	0.96293
k__Bacteria|p__Bacteroidetes|c__Bacteroidia|o__Bacteroidales|f__Bacteroidaceae|g__Bacteroides|s__Bacteroides_finegoldii|t__Bacteroides_finegoldii_unclassified	0.0	0.0	0.0	0.34484	0.0	0.22177	0.18908	0.0	0.0	0.06524	0.0	0.18113	0.0	0.02646	0.0	0.96293
k__Bacteria|p__Bacteroidetes|c__Bacteroidia|o__Bacteroidales|f__Bacteroidaceae|g__Bacteroides|s__Bacteroides_fragilis	0.03141	0.01909	0.03809	0.0	0.00225	0.0	0.00111	0.0	0.99028	0.0	0.00465	0.00125	0.0186	0.04882	0.0	0.00166
k__Bacteria|p__Bacteroidetes|c__Bacteroidia|o__Bacteroidales|f__Bacteroidaceae|g__Bacteroides|s__Bacteroides_fragilis|t__Bacteroides_fragilis_unclassified	0.03141	0.01909	0.03809	0.0	0.00225	0.0	0.00111	0.0	0.99028	0.0	0.00465	0.00125	0.0186	0.04882	0.0	0.00166
k__Bacteria|p__Bacteroidetes|c__Bacteroidia|o__Bacteroidales|f__Bacteroidaceae|g__Bacteroides|s__Bacteroides_massiliensis	0.0	0.0	0.0	0.0	0.0	0.0	0.0	0.0	0.0	0.0	0.0	0.0	0.0	0.0	0.00605	0.0
k__Bacteria|p__Bacteroidetes|c__Bacteroidia|o__Bacteroidales|f__Bacteroidaceae|g__Bacteroides|s__Bacteroides_massiliensis|t__Bacteroides_massiliensis_unclassified	0.0	0.0	0.0	0.0	0.0	0.0	0.0	0.0	0.0	0.0	0.0	0.0	0.0	0.0	0.00605	0.0
k__Bacteria|p__Bacteroidetes|c__Bacteroidia|o__Bacteroidales|f__Bacteroidaceae|g__Bacteroides|s__Bacteroides_ovatus	0.0	0.0	0.0	0.0	0.0	0.0	0.0	0.0	0.55522	0.04731	0.0	0.05245	1.63455	0.0	0.0	0.0
k__Bacteria|p__Bacteroidetes|c__Bacteroidia|o__Bacteroidales|f__Bacteroidaceae|g__Bacteroides|s__Bacteroides_ovatus|t__Bacteroides_ovatus_unclassified	0.0	0.0	0.0	0.0	0.0	0.0	0.0	0.0	0.55522	0.04731	0.0	0.05245	1.63455	0.0	0.0	0.0
k__Bacteria|p__Bacteroidetes|c__Bacteroidia|o__Bacteroidales|f__Bacteroidaceae|g__Bacteroides|s__Bacteroides_plebeius	1.7797	4.69963	0.09701	0.68055	0.51241	1.20014	1.78146	0.67472	0.82434	2.0094	0.75483	1.75184	0.0	3.75762	1.42751	1.03423
k__Bacteria|p__Bacteroidetes|c__Bacteroidia|o__Bacteroidales|f__Bacteroidaceae|g__Bacteroides|s__Bacteroides_plebeius|t__GCF_000187895	1.7797	4.69963	0.09701	0.68055	0.51241	1.20014	1.78146	0.67472	0.82434	2.0094	0.75483	1.75184	0.0	3.75762	1.42751	1.03423
k__Bacteria|p__Bacteroidetes|c__Bacteroidia|o__Bacteroidales|f__Bacteroidaceae|g__Bacteroides|s__Bacteroides_sp_4_3_47FAA	0.0	0.0	0.0	2.67484	0.0	0.0	0.0	0.0	0.0	0.0	0.0	0.0	0.0	0.0	0.0	0.0
k__Bacteria|p__Bacteroidetes|c__Bacteroidia|o__Bacteroidales|f__Bacteroidaceae|g__Bacteroides|s__Bacteroides_sp_4_3_47FAA|t__GCF_000158515	0.0	0.0	0.0	2.67484	0.0	0.0	0.0	0.0	0.0	0.0	0.0	0.0	0.0	0.0	0.0	0.0
k__Bacteria|p__Bacteroidetes|c__Bacteroidia|o__Bacteroidales|f__Bacteroidaceae|g__Bacteroides|s__Bacteroides_stercoris	0.58482	3.78475	0.03402	1.96352	1.09545	2.12472	1.22659	3.25264	12.03871	0.61201	0.06111	0.30058	24.26895	0.98207	1.07082	6.72279
k__Bacteria|p__Bacteroidetes|c__Bacteroidia|o__Bacteroidales|f__Bacteroidaceae|g__Bacteroides|s__Bacteroides_stercoris|t__Bacteroides_stercoris_unclassified	0.58482	2.10009	0.03402	0.68256	0.41426	0.76891	1.22659	1.16868	12.03871	0.61201	0.06111	0.30058	24.26895	0.57204	0.49318	5.12626
k__Bacteria|p__Bacteroidetes|c__Bacteroidia|o__Bacteroidales|f__Bacteroidaceae|g__Bacteroides|s__Bacteroides_stercoris|t__GCF_000413395	0.0	1.68465	0.0	1.28095	0.68118	1.35581	0.0	2.08396	0.0	0.0	0.0	0.0	0.0	0.41003	0.57764	1.59653
k__Bacteria|p__Bacteroidetes|c__Bacteroidia|o__Bacteroidales|f__Bacteroidaceae|g__Bacteroides|s__Bacteroides_uniformis	0.0	0.0	0.0	0.0	0.02044	0.03534	0.02636	0.03162	0.15196	0.02328	0.0	0.02919	2.67954	0.00203	0.03607	0.19126
k__Bacteria|p__Bacteroidetes|c__Bacteroidia|o__Bacteroidales|f__Bacteroidaceae|g__Bacteroides|s__Bacteroides_uniformis|t__Bacteroides_uniformis_unclassified	0.0	0.0	0.0	0.0	0.02044	0.03534	0.02636	0.03162	0.15196	0.02328	0.0	0.02919	2.67954	0.00203	0.03607	0.19126
k__Bacteria|p__Bacteroidetes|c__Bacteroidia|o__Bacteroidales|f__Bacteroidaceae|g__Bacteroides|s__Bacteroides_vulgatus	0.02024	0.04685	0.0	0.28235	0.11068	0.22744	0.22528	0.01127	2.35086	0.10612	0.00267	0.29867	4.3221	0.04117	0.45576	0.74134
k__Bacteria|p__Bacteroidetes|c__Bacteroidia|o__Bacteroidales|f__Bacteroidaceae|g__Bacteroides|s__Bacteroides_vulgatus|t__Bacteroides_vulgatus_unclassified	0.02024	0.04685	0.0	0.28235	0.11068	0.22744	0.22528	0.01127	2.35086	0.10612	0.00267	0.29867	4.3221	0.04117	0.45576	0.74134
k__Bacteria|p__Bacteroidetes|c__Bacteroidia|o__Bacteroidales|f__Bacteroidaceae|g__Bacteroides|s__Bacteroides_xylanisolvens	0.0	0.0	0.0	0.0	0.0	0.0	0.0051	0.0	0.0	0.0	0.0	0.0	0.0	0.0	0.04899	0.00026
k__Bacteria|p__Bacteroidetes|c__Bacteroidia|o__Bacteroidales|f__Bacteroidaceae|g__Bacteroides|s__Bacteroides_xylanisolvens|t__Bacteroides_xylanisolvens_unclassified	0.0	0.0	0.0	0.0	0.0	0.0	0.0051	0.0	0.0	0.0	0.0	0.0	0.0	0.0	0.04899	0.00026
k__Bacteria|p__Bacteroidetes|c__Bacteroidia|o__Bacteroidales|f__Bacteroidales_noname	0.0	0.0	0.0	0.0	0.0	0.14523	0.0	0.0	0.0	0.0	0.0	0.14812	0.0	0.0	0.0	0.0
k__Bacteria|p__Bacteroidetes|c__Bacteroidia|o__Bacteroidales|f__Bacteroidales_noname|g__Bacteroidales_noname	0.0	0.0	0.0	0.0	0.0	0.14523	0.0	0.0	0.0	0.0	0.0	0.14812	0.0	0.0	0.0	0.0
k__Bacteria|p__Bacteroidetes|c__Bacteroidia|o__Bacteroidales|f__Bacteroidales_noname|g__Bacteroidales_noname|s__Bacteroidales_bacterium_ph8	0.0	0.0	0.0	0.0	0.0	0.14523	0.0	0.0	0.0	0.0	0.0	0.14812	0.0	0.0	0.0	0.0
k__Bacteria|p__Bacteroidetes|c__Bacteroidia|o__Bacteroidales|f__Bacteroidales_noname|g__Bacteroidales_noname|s__Bacteroidales_bacterium_ph8|t__GCF_000311925	0.0	0.0	0.0	0.0	0.0	0.14523	0.0	0.0	0.0	0.0	0.0	0.14812	0.0	0.0	0.0	0.0
k__Bacteria|p__Bacteroidetes|c__Bacteroidia|o__Bacteroidales|f__Porphyromonadaceae	0.08419	0.0	0.00785	0.54118	0.33489	0.72822	0.88536	0.00227	0.64017	0.26195	0.00027	0.17129	0.01211	0.22138	1.1007	1.47278
k__Bacteria|p__Bacteroidetes|c__Bacteroidia|o__Bacteroidales|f__Porphyromonadaceae|g__Odoribacter	0.0	0.0	0.0	0.01518	0.00578	0.08444	0.05351	0.0	0.0	0.0	0.0	0.00496	0.0	0.02558	0.10447	0.03232
k__Bacteria|p__Bacteroidetes|c__Bacteroidia|o__Bacteroidales|f__Porphyromonadaceae|g__Odoribacter|s__Odoribacter_unclassified	0.0	0.0	0.0	0.01518	0.00578	0.08444	0.05351	0.0	0.0	0.0	0.0	0.00496	0.0	0.02558	0.10447	0.03232
k__Bacteria|p__Bacteroidetes|c__Bacteroidia|o__Bacteroidales|f__Porphyromonadaceae|g__Parabacteroides	0.01912	0.0	0.00785	0.526	0.32911	0.64378	0.83185	0.00227	0.64017	0.24692	0.0	0.16632	0.0	0.17872	0.99623	1.44046
k__Bacteria|p__Bacteroidetes|c__Bacteroidia|o__Bacteroidales|f__Porphyromonadaceae|g__Parabacteroides|s__Parabacteroides_johnsonii	0.0	0.0	0.0	0.0	0.0	0.0	0.00256	0.00227	0.0	0.0	0.0	0.0	0.0	0.0	0.0	0.00047
k__Bacteria|p__Bacteroidetes|c__Bacteroidia|o__Bacteroidales|f__Porphyromonadaceae|g__Parabacteroides|s__Parabacteroides_johnsonii|t__Parabacteroides_johnsonii_unclassified	0.0	0.0	0.0	0.0	0.0	0.0	0.00256	0.00227	0.0	0.0	0.0	0.0	0.0	0.0	0.0	0.00047
k__Bacteria|p__Bacteroidetes|c__Bacteroidia|o__Bacteroidales|f__Porphyromonadaceae|g__Parabacteroides|s__Parabacteroides_merdae	0.01912	0.0	0.00785	0.526	0.32911	0.64378	0.82929	0.0	0.64017	0.24692	0.0	0.16632	0.0	0.17872	0.99623	1.43999
k__Bacteria|p__Bacteroidetes|c__Bacteroidia|o__Bacteroidales|f__Porphyromonadaceae|g__Parabacteroides|s__Parabacteroides_merdae|t__Parabacteroides_merdae_unclassified	0.01912	0.0	0.00785	0.526	0.32911	0.64378	0.82929	0.0	0.64017	0.24692	0.0	0.16632	0.0	0.17872	0.99623	1.43999
k__Bacteria|p__Bacteroidetes|c__Bacteroidia|o__Bacteroidales|f__Porphyromonadaceae|g__Porphyromonas	0.06507	0.0	0.0	0.0	0.0	0.0	0.0	0.0	0.0	0.01504	0.00027	0.0	0.01211	0.01708	0.0	0.0
k__Bacteria|p__Bacteroidetes|c__Bacteroidia|o__Bacteroidales|f__Porphyromonadaceae|g__Porphyromonas|s__Porphyromonas_bennonis	0.06507	0.0	0.0	0.0	0.0	0.0	0.0	0.0	0.0	0.01504	0.00027	0.0	0.01211	0.01708	0.0	0.0
k__Bacteria|p__Bacteroidetes|c__Bacteroidia|o__Bacteroidales|f__Porphyromonadaceae|g__Porphyromonas|s__Porphyromonas_bennonis|t__GCF_000375645	0.06507	0.0	0.0	0.0	0.0	0.0	0.0	0.0	0.0	0.01504	0.00027	0.0	0.01211	0.01708	0.0	0.0
k__Bacteria|p__Bacteroidetes|c__Bacteroidia|o__Bacteroidales|f__Prevotellaceae	18.15311	17.45239	14.65354	35.75488	17.99926	15.71541	50.52515	8.4134	0.15064	44.75774	59.39071	45.6498	0.0	12.23113	43.37265	11.416
k__Bacteria|p__Bacteroidetes|c__Bacteroidia|o__Bacteroidales|f__Prevotellaceae|g__Alloprevotella	0.0	0.0	0.0	0.0	0.0	0.00318	0.0	0.0	0.0	0.0	0.0	0.0	0.0	0.0	0.0	0.0
k__Bacteria|p__Bacteroidetes|c__Bacteroidia|o__Bacteroidales|f__Prevotellaceae|g__Alloprevotella|s__Alloprevotella_unclassified	0.0	0.0	0.0	0.0	0.0	0.00318	0.0	0.0	0.0	0.0	0.0	0.0	0.0	0.0	0.0	0.0
k__Bacteria|p__Bacteroidetes|c__Bacteroidia|o__Bacteroidales|f__Prevotellaceae|g__Paraprevotella	0.0	0.0	0.0	0.0	0.0	0.10703	0.0	0.25418	0.0	0.0	0.0	0.22632	0.0	0.12534	0.0	0.0
k__Bacteria|p__Bacteroidetes|c__Bacteroidia|o__Bacteroidales|f__Prevotellaceae|g__Paraprevotella|s__Paraprevotella_unclassified	0.0	0.0	0.0	0.0	0.0	0.07725	0.0	0.18106	0.0	0.0	0.0	0.15402	0.0	0.09615	0.0	0.0
k__Bacteria|p__Bacteroidetes|c__Bacteroidia|o__Bacteroidales|f__Prevotellaceae|g__Paraprevotella|s__Paraprevotella_xylaniphila	0.0	0.0	0.0	0.0	0.0	0.02978	0.0	0.07312	0.0	0.0	0.0	0.0723	0.0	0.02919	0.0	0.0
k__Bacteria|p__Bacteroidetes|c__Bacteroidia|o__Bacteroidales|f__Prevotellaceae|g__Paraprevotella|s__Paraprevotella_xylaniphila|t__GCF_000205165	0.0	0.0	0.0	0.0	0.0	0.02978	0.0	0.07312	0.0	0.0	0.0	0.0723	0.0	0.02919	0.0	0.0
k__Bacteria|p__Bacteroidetes|c__Bacteroidia|o__Bacteroidales|f__Prevotellaceae|g__Prevotella	18.15311	17.45239	14.65354	35.75488	17.99926	15.6052	50.52515	8.15922	0.15064	44.75774	59.39071	45.42348	0.0	12.1058	43.37265	11.416
k__Bacteria|p__Bacteroidetes|c__Bacteroidia|o__Bacteroidales|f__Prevotellaceae|g__Prevotella|s__Prevotella_copri	18.15311	17.45239	14.65354	35.75488	17.99926	15.6052	50.52515	8.15922	0.15064	44.75774	59.39071	45.42348	0.0	12.1058	43.37265	11.416
k__Bacteria|p__Bacteroidetes|c__Bacteroidia|o__Bacteroidales|f__Prevotellaceae|g__Prevotella|s__Prevotella_copri|t__GCF_000157935	18.15311	17.45239	14.65354	35.75488	17.99926	15.6052	50.52515	8.15922	0.15064	44.75774	59.39071	45.42348	0.0	12.1058	43.37265	11.416
k__Bacteria|p__Bacteroidetes|c__Bacteroidia|o__Bacteroidales|f__Rikenellaceae	0.0	0.0	0.0	0.01517	0.0	0.3479	0.03335	0.0	0.0	0.0	0.0	0.05796	0.0	0.04098	0.07182	0.73171
k__Bacteria|p__Bacteroidetes|c__Bacteroidia|o__Bacteroidales|f__Rikenellaceae|g__Alistipes	0.0	0.0	0.0	0.01517	0.0	0.3479	0.03335	0.0	0.0	0.0	0.0	0.05796	0.0	0.04098	0.07182	0.73171
k__Bacteria|p__Bacteroidetes|c__Bacteroidia|o__Bacteroidales|f__Rikenellaceae|g__Alistipes|s__Alistipes_putredinis	0.0	0.0	0.0	0.0	0.0	0.16482	0.00589	0.0	0.0	0.0	0.0	0.01803	0.0	0.0	0.0	0.73171
k__Bacteria|p__Bacteroidetes|c__Bacteroidia|o__Bacteroidales|f__Rikenellaceae|g__Alistipes|s__Alistipes_putredinis|t__GCF_000154465	0.0	0.0	0.0	0.0	0.0	0.16482	0.00589	0.0	0.0	0.0	0.0	0.01803	0.0	0.0	0.0	0.73171
k__Bacteria|p__Bacteroidetes|c__Bacteroidia|o__Bacteroidales|f__Rikenellaceae|g__Alistipes|s__Alistipes_shahii	0.0	0.0	0.0	0.0	0.0	0.0	0.0	0.0	0.0	0.0	0.0	0.00624	0.0	0.0	0.0	0.0
k__Bacteria|p__Bacteroidetes|c__Bacteroidia|o__Bacteroidales|f__Rikenellaceae|g__Alistipes|s__Alistipes_shahii|t__GCF_000210575	0.0	0.0	0.0	0.0	0.0	0.0	0.0	0.0	0.0	0.0	0.0	0.00624	0.0	0.0	0.0	0.0
k__Bacteria|p__Bacteroidetes|c__Bacteroidia|o__Bacteroidales|f__Rikenellaceae|g__Alistipes|s__Alistipes_unclassified	0.0	0.0	0.0	0.01517	0.0	0.18308	0.02746	0.0	0.0	0.0	0.0	0.0337	0.0	0.04098	0.07182	0.0
k__Bacteria|p__Firmicutes	18.98568	14.81278	49.56342	32.58047	28.40728	38.31987	22.22651	17.72629	20.84778	29.83299	11.94267	20.18037	10.02607	19.40366	22.97501	39.24418
k__Bacteria|p__Firmicutes|c__Bacilli	0.00194	0.03744	5.16374	7.95439	0.33583	0.0	0.00955	0.02006	0.0	0.00663	0.01426	0.00293	0.00508	0.03142	0.06891	0.05833
k__Bacteria|p__Firmicutes|c__Bacilli|o__Lactobacillales	0.00194	0.03744	5.16374	7.95439	0.33583	0.0	0.00955	0.02006	0.0	0.00663	0.01426	0.00293	0.00508	0.03142	0.06891	0.05833
k__Bacteria|p__Firmicutes|c__Bacilli|o__Lactobacillales|f__Aerococcaceae	0.0	0.001	0.00152	0.0	0.0	0.0	0.0	0.0	0.0	0.0	0.0	0.0	0.0	0.0	0.0	0.0
k__Bacteria|p__Firmicutes|c__Bacilli|o__Lactobacillales|f__Aerococcaceae|g__Facklamia	0.0	0.001	0.00152	0.0	0.0	0.0	0.0	0.0	0.0	0.0	0.0	0.0	0.0	0.0	0.0	0.0
k__Bacteria|p__Firmicutes|c__Bacilli|o__Lactobacillales|f__Aerococcaceae|g__Facklamia|s__Facklamia_unclassified	0.0	0.001	0.00152	0.0	0.0	0.0	0.0	0.0	0.0	0.0	0.0	0.0	0.0	0.0	0.0	0.0
k__Bacteria|p__Firmicutes|c__Bacilli|o__Lactobacillales|f__Enterococcaceae	0.00194	0.03594	0.01501	0.02432	0.01479	0.0	0.0	0.0	0.0	0.00663	0.0	0.0	0.00508	0.03142	0.00167	0.05295
k__Bacteria|p__Firmicutes|c__Bacilli|o__Lactobacillales|f__Enterococcaceae|g__Enterococcus	0.00194	0.03594	0.01501	0.02432	0.01479	0.0	0.0	0.0	0.0	0.00663	0.0	0.0	0.00508	0.03142	0.00167	0.05295
k__Bacteria|p__Firmicutes|c__Bacilli|o__Lactobacillales|f__Enterococcaceae|g__Enterococcus|s__Enterococcus_cecorum	0.0	0.027	0.00356	0.02432	0.01479	0.0	0.0	0.0	0.0	0.00663	0.0	0.0	0.0	0.03142	0.00167	0.05295
k__Bacteria|p__Firmicutes|c__Bacilli|o__Lactobacillales|f__Enterococcaceae|g__Enterococcus|s__Enterococcus_cecorum|t__Enterococcus_cecorum_unclassified	0.0	0.027	0.00356	0.02432	0.01479	0.0	0.0	0.0	0.0	0.00663	0.0	0.0	0.0	0.03142	0.00167	0.05295
k__Bacteria|p__Firmicutes|c__Bacilli|o__Lactobacillales|f__Enterococcaceae|g__Enterococcus|s__Enterococcus_faecalis	0.00194	0.0058	0.01145	0.0	0.0	0.0	0.0	0.0	0.0	0.0	0.0	0.0	0.00354	0.0	0.0	0.0
k__Bacteria|p__Firmicutes|c__Bacilli|o__Lactobacillales|f__Enterococcaceae|g__Enterococcus|s__Enterococcus_faecalis|t__Enterococcus_faecalis_unclassified	0.00194	0.0058	0.01145	0.0	0.0	0.0	0.0	0.0	0.0	0.0	0.0	0.0	0.00354	0.0	0.0	0.0
k__Bacteria|p__Firmicutes|c__Bacilli|o__Lactobacillales|f__Enterococcaceae|g__Enterococcus|s__Enterococcus_raffinosus	0.0	0.00313	0.0	0.0	0.0	0.0	0.0	0.0	0.0	0.0	0.0	0.0	0.00154	0.0	0.0	0.0
k__Bacteria|p__Firmicutes|c__Bacilli|o__Lactobacillales|f__Enterococcaceae|g__Enterococcus|s__Enterococcus_raffinosus|t__Enterococcus_raffinosus_unclassified	0.0	0.00313	0.0	0.0	0.0	0.0	0.0	0.0	0.0	0.0	0.0	0.0	0.00154	0.0	0.0	0.0
k__Bacteria|p__Firmicutes|c__Bacilli|o__Lactobacillales|f__Lactobacillaceae	0.0	0.0005	5.10234	7.59574	0.02244	0.0	0.0	0.0	0.0	0.0	0.0	0.00293	0.0	0.0	0.01367	0.00538
k__Bacteria|p__Firmicutes|c__Bacilli|o__Lactobacillales|f__Lactobacillaceae|g__Lactobacillus	0.0	0.0005	5.08956	7.59574	0.02101	0.0	0.0	0.0	0.0	0.0	0.0	0.00293	0.0	0.0	0.00387	0.00538
k__Bacteria|p__Firmicutes|c__Bacilli|o__Lactobacillales|f__Lactobacillaceae|g__Lactobacillus|s__Lactobacillus_acidophilus	0.0	0.0	0.60387	0.0	0.0	0.0	0.0	0.0	0.0	0.0	0.0	0.0	0.0	0.0	0.0	0.00345
k__Bacteria|p__Firmicutes|c__Bacilli|o__Lactobacillales|f__Lactobacillaceae|g__Lactobacillus|s__Lactobacillus_acidophilus|t__Lactobacillus_acidophilus_unclassified	0.0	0.0	0.60387	0.0	0.0	0.0	0.0	0.0	0.0	0.0	0.0	0.0	0.0	0.0	0.0	0.00345
k__Bacteria|p__Firmicutes|c__Bacilli|o__Lactobacillales|f__Lactobacillaceae|g__Lactobacillus|s__Lactobacillus_amylovorus	0.0	0.0	0.0	0.00661	0.01495	0.0	0.0	0.0	0.0	0.0	0.0	0.0	0.0	0.0	0.00055	0.00037
k__Bacteria|p__Firmicutes|c__Bacilli|o__Lactobacillales|f__Lactobacillaceae|g__Lactobacillus|s__Lactobacillus_amylovorus|t__Lactobacillus_amylovorus_unclassified	0.0	0.0	0.0	0.00661	0.01495	0.0	0.0	0.0	0.0	0.0	0.0	0.0	0.0	0.0	0.00055	0.00037
k__Bacteria|p__Firmicutes|c__Bacilli|o__Lactobacillales|f__Lactobacillaceae|g__Lactobacillus|s__Lactobacillus_animalis	0.0	0.0	0.0	0.0	0.00606	0.0	0.0	0.0	0.0	0.0	0.0	0.0	0.0	0.0	0.0	0.0
k__Bacteria|p__Firmicutes|c__Bacilli|o__Lactobacillales|f__Lactobacillaceae|g__Lactobacillus|s__Lactobacillus_animalis|t__GCF_000183825	0.0	0.0	0.0	0.0	0.00606	0.0	0.0	0.0	0.0	0.0	0.0	0.0	0.0	0.0	0.0	0.0
k__Bacteria|p__Firmicutes|c__Bacilli|o__Lactobacillales|f__Lactobacillaceae|g__Lactobacillus|s__Lactobacillus_delbrueckii	0.0	0.00026	0.0	0.0	0.0	0.0	0.0	0.0	0.0	0.0	0.0	0.0	0.0	0.0	0.0	0.0
k__Bacteria|p__Firmicutes|c__Bacilli|o__Lactobacillales|f__Lactobacillaceae|g__Lactobacillus|s__Lactobacillus_delbrueckii|t__Lactobacillus_delbrueckii_unclassified	0.0	0.00026	0.0	0.0	0.0	0.0	0.0	0.0	0.0	0.0	0.0	0.0	0.0	0.0	0.0	0.0
k__Bacteria|p__Firmicutes|c__Bacilli|o__Lactobacillales|f__Lactobacillaceae|g__Lactobacillus|s__Lactobacillus_johnsonii	0.0	0.00024	0.0	0.0	0.0	0.0	0.0	0.0	0.0	0.0	0.0	0.00293	0.0	0.0	0.0	0.0
k__Bacteria|p__Firmicutes|c__Bacilli|o__Lactobacillales|f__Lactobacillaceae|g__Lactobacillus|s__Lactobacillus_johnsonii|t__Lactobacillus_johnsonii_unclassified	0.0	0.00024	0.0	0.0	0.0	0.0	0.0	0.0	0.0	0.0	0.0	0.00293	0.0	0.0	0.0	0.0
k__Bacteria|p__Firmicutes|c__Bacilli|o__Lactobacillales|f__Lactobacillaceae|g__Lactobacillus|s__Lactobacillus_mucosae	0.0	0.0	4.48569	0.0	0.0	0.0	0.0	0.0	0.0	0.0	0.0	0.0	0.0	0.0	0.0	0.0
k__Bacteria|p__Firmicutes|c__Bacilli|o__Lactobacillales|f__Lactobacillaceae|g__Lactobacillus|s__Lactobacillus_mucosae|t__GCF_000248095	0.0	0.0	4.48569	0.0	0.0	0.0	0.0	0.0	0.0	0.0	0.0	0.0	0.0	0.0	0.0	0.0
k__Bacteria|p__Firmicutes|c__Bacilli|o__Lactobacillales|f__Lactobacillaceae|g__Lactobacillus|s__Lactobacillus_reuteri	0.0	0.0	0.0	7.58913	0.0	0.0	0.0	0.0	0.0	0.0	0.0	0.0	0.0	0.0	0.00296	0.00157
k__Bacteria|p__Firmicutes|c__Bacilli|o__Lactobacillales|f__Lactobacillaceae|g__Lactobacillus|s__Lactobacillus_reuteri|t__Lactobacillus_reuteri_unclassified	0.0	0.0	0.0	7.58913	0.0	0.0	0.0	0.0	0.0	0.0	0.0	0.0	0.0	0.0	0.00296	0.00157
k__Bacteria|p__Firmicutes|c__Bacilli|o__Lactobacillales|f__Lactobacillaceae|g__Lactobacillus|s__Lactobacillus_ruminis	0.0	0.0	0.0	0.0	0.0	0.0	0.0	0.0	0.0	0.0	0.0	0.0	0.0	0.0	0.00036	0.0
k__Bacteria|p__Firmicutes|c__Bacilli|o__Lactobacillales|f__Lactobacillaceae|g__Lactobacillus|s__Lactobacillus_ruminis|t__Lactobacillus_ruminis_unclassified	0.0	0.0	0.0	0.0	0.0	0.0	0.0	0.0	0.0	0.0	0.0	0.0	0.0	0.0	0.00036	0.0
k__Bacteria|p__Firmicutes|c__Bacilli|o__Lactobacillales|f__Lactobacillaceae|g__Pediococcus	0.0	0.0	0.01277	0.0	0.00143	0.0	0.0	0.0	0.0	0.0	0.0	0.0	0.0	0.0	0.0098	0.0
k__Bacteria|p__Firmicutes|c__Bacilli|o__Lactobacillales|f__Lactobacillaceae|g__Pediococcus|s__Pediococcus_acidilactici	0.0	0.0	0.00856	0.0	0.00112	0.0	0.0	0.0	0.0	0.0	0.0	0.0	0.0	0.0	0.0098	0.0
k__Bacteria|p__Firmicutes|c__Bacilli|o__Lactobacillales|f__Lactobacillaceae|g__Pediococcus|s__Pediococcus_acidilactici|t__Pediococcus_acidilactici_unclassified	0.0	0.0	0.00856	0.0	0.00112	0.0	0.0	0.0	0.0	0.0	0.0	0.0	0.0	0.0	0.0098	0.0
k__Bacteria|p__Firmicutes|c__Bacilli|o__Lactobacillales|f__Lactobacillaceae|g__Pediococcus|s__Pediococcus_unclassified	0.0	0.0	0.00422	0.0	0.0003	0.0	0.0	0.0	0.0	0.0	0.0	0.0	0.0	0.0	0.0	0.0
k__Bacteria|p__Firmicutes|c__Bacilli|o__Lactobacillales|f__Streptococcaceae	0.0	0.0	0.04487	0.33433	0.29859	0.0	0.00955	0.02006	0.0	0.0	0.01426	0.0	0.0	0.0	0.05357	0.0
k__Bacteria|p__Firmicutes|c__Bacilli|o__Lactobacillales|f__Streptococcaceae|g__Streptococcus	0.0	0.0	0.04487	0.33433	0.29859	0.0	0.00955	0.02006	0.0	0.0	0.01426	0.0	0.0	0.0	0.05357	0.0
k__Bacteria|p__Firmicutes|c__Bacilli|o__Lactobacillales|f__Streptococcaceae|g__Streptococcus|s__Streptococcus_infantarius	0.0	0.0	0.0	0.0	0.0	0.0	0.0	0.0	0.0	0.0	0.00375	0.0	0.0	0.0	0.0	0.0
k__Bacteria|p__Firmicutes|c__Bacilli|o__Lactobacillales|f__Streptococcaceae|g__Streptococcus|s__Streptococcus_infantarius|t__Streptococcus_infantarius_unclassified	0.0	0.0	0.0	0.0	0.0	0.0	0.0	0.0	0.0	0.0	0.00375	0.0	0.0	0.0	0.0	0.0
k__Bacteria|p__Firmicutes|c__Bacilli|o__Lactobacillales|f__Streptococcaceae|g__Streptococcus|s__Streptococcus_lutetiensis	0.0	0.0	0.03716	0.0	0.0	0.0	0.0	0.0	0.0	0.0	0.0105	0.0	0.0	0.0	0.0	0.0
k__Bacteria|p__Firmicutes|c__Bacilli|o__Lactobacillales|f__Streptococcaceae|g__Streptococcus|s__Streptococcus_lutetiensis|t__GCF_000441535	0.0	0.0	0.03716	0.0	0.0	0.0	0.0	0.0	0.0	0.0	0.0105	0.0	0.0	0.0	0.0	0.0
k__Bacteria|p__Firmicutes|c__Bacilli|o__Lactobacillales|f__Streptococcaceae|g__Streptococcus|s__Streptococcus_minor	0.0	0.0	0.0	0.00062	0.00045	0.0	0.0	0.0	0.0	0.0	0.0	0.0	0.0	0.0	0.0	0.0
k__Bacteria|p__Firmicutes|c__Bacilli|o__Lactobacillales|f__Streptococcaceae|g__Streptococcus|s__Streptococcus_minor|t__GCF_000377005	0.0	0.0	0.0	0.00062	0.00045	0.0	0.0	0.0	0.0	0.0	0.0	0.0	0.0	0.0	0.0	0.0
k__Bacteria|p__Firmicutes|c__Bacilli|o__Lactobacillales|f__Streptococcaceae|g__Streptococcus|s__Streptococcus_orisratti	0.0	0.0	0.0	0.3147	0.2922	0.0	0.0	0.0	0.0	0.0	0.0	0.0	0.0	0.0	0.0	0.0
k__Bacteria|p__Firmicutes|c__Bacilli|o__Lactobacillales|f__Streptococcaceae|g__Streptococcus|s__Streptococcus_orisratti|t__GCF_000380105	0.0	0.0	0.0	0.3147	0.2922	0.0	0.0	0.0	0.0	0.0	0.0	0.0	0.0	0.0	0.0	0.0
k__Bacteria|p__Firmicutes|c__Bacilli|o__Lactobacillales|f__Streptococcaceae|g__Streptococcus|s__Streptococcus_parauberis	0.0	0.0	0.00772	0.0	0.0	0.0	0.0	0.02006	0.0	0.0	0.0	0.0	0.0	0.0	0.0	0.0
k__Bacteria|p__Firmicutes|c__Bacilli|o__Lactobacillales|f__Streptococcaceae|g__Streptococcus|s__Streptococcus_parauberis|t__Streptococcus_parauberis_unclassified	0.0	0.0	0.00772	0.0	0.0	0.0	0.0	0.02006	0.0	0.0	0.0	0.0	0.0	0.0	0.0	0.0
k__Bacteria|p__Firmicutes|c__Bacilli|o__Lactobacillales|f__Streptococcaceae|g__Streptococcus|s__Streptococcus_suis	0.0	0.0	0.0	0.019	0.00594	0.0	0.00955	0.0	0.0	0.0	0.0	0.0	0.0	0.0	0.05357	0.0
k__Bacteria|p__Firmicutes|c__Bacilli|o__Lactobacillales|f__Streptococcaceae|g__Streptococcus|s__Streptococcus_suis|t__Streptococcus_suis_unclassified	0.0	0.0	0.0	0.019	0.00594	0.0	0.00955	0.0	0.0	0.0	0.0	0.0	0.0	0.0	0.05357	0.0
k__Bacteria|p__Firmicutes|c__Clostridia	4.13339	5.23706	6.67137	18.69485	6.95223	24.06528	16.61715	9.59239	20.37564	12.67003	3.06175	3.59565	9.82613	7.52289	16.84956	23.75541
k__Bacteria|p__Firmicutes|c__Clostridia|o__Clostridiales	4.13339	5.23706	6.67137	18.69485	6.95223	24.06528	16.61715	9.59239	20.37564	12.67003	3.06175	3.59565	9.82613	7.52289	16.84956	23.75541
k__Bacteria|p__Firmicutes|c__Clostridia|o__Clostridiales|f__Clostridiaceae	0.0884	0.00484	0.44456	4.61112	0.87815	1.66148	0.99709	0.10862	3.31279	0.18943	0.1521	0.05589	0.66004	0.06997	0.7596	2.32806
k__Bacteria|p__Firmicutes|c__Clostridia|o__Clostridiales|f__Clostridiaceae|g__Butyricicoccus	0.0844	0.0	0.19868	1.33648	0.68	0.72611	0.49785	0.10862	0.03419	0.18943	0.09752	0.0526	0.0	0.06752	0.39664	1.1283
k__Bacteria|p__Firmicutes|c__Clostridia|o__Clostridiales|f__Clostridiaceae|g__Butyricicoccus|s__Butyricicoccus_pullicaecorum	0.0844	0.0	0.19868	1.33648	0.68	0.72611	0.49785	0.10862	0.03419	0.18943	0.09752	0.0526	0.0	0.06752	0.39664	1.1283
k__Bacteria|p__Firmicutes|c__Clostridia|o__Clostridiales|f__Clostridiaceae|g__Butyricicoccus|s__Butyricicoccus_pullicaecorum|t__GCF_000398925	0.0844	0.0	0.19868	1.33648	0.68	0.72611	0.49785	0.10862	0.03419	0.18943	0.09752	0.0526	0.0	0.06752	0.39664	1.1283
k__Bacteria|p__Firmicutes|c__Clostridia|o__Clostridiales|f__Clostridiaceae|g__Clostridium	0.004	0.00484	0.24588	3.27464	0.19816	0.93537	0.49924	0.0	3.27861	0.0	0.05458	0.00329	0.66004	0.00245	0.36296	1.19976
k__Bacteria|p__Firmicutes|c__Clostridia|o__Clostridiales|f__Clostridiaceae|g__Clostridium|s__Clostridium_asparagiforme	0.0	0.0	0.0	0.0	0.0	0.0	0.0	0.0	0.0	0.0	0.0	0.0	0.0	0.0	0.0	0.00046
k__Bacteria|p__Firmicutes|c__Clostridia|o__Clostridiales|f__Clostridiaceae|g__Clostridium|s__Clostridium_asparagiforme|t__GCF_000158075	0.0	0.0	0.0	0.0	0.0	0.0	0.0	0.0	0.0	0.0	0.0	0.0	0.0	0.0	0.0	0.00046
k__Bacteria|p__Firmicutes|c__Clostridia|o__Clostridiales|f__Clostridiaceae|g__Clostridium|s__Clostridium_bolteae	0.0	0.0	0.0	0.0	0.0	0.0	0.0	0.0	0.00232	0.0	0.0	0.0	0.66004	0.0	0.0018	0.00015
k__Bacteria|p__Firmicutes|c__Clostridia|o__Clostridiales|f__Clostridiaceae|g__Clostridium|s__Clostridium_bolteae|t__Clostridium_bolteae_unclassified	0.0	0.0	0.0	0.0	0.0	0.0	0.0	0.0	0.00232	0.0	0.0	0.0	0.66004	0.0	0.0018	0.00015
k__Bacteria|p__Firmicutes|c__Clostridia|o__Clostridiales|f__Clostridiaceae|g__Clostridium|s__Clostridium_colicanis	0.0	0.0	0.17739	0.00756	0.0	0.0	0.45558	0.0	0.0	0.0	0.0	0.0	0.0	0.0	0.02286	0.60403
k__Bacteria|p__Firmicutes|c__Clostridia|o__Clostridiales|f__Clostridiaceae|g__Clostridium|s__Clostridium_colicanis|t__GCF_000371465	0.0	0.0	0.17739	0.00756	0.0	0.0	0.45558	0.0	0.0	0.0	0.0	0.0	0.0	0.0	0.02286	0.60403
k__Bacteria|p__Firmicutes|c__Clostridia|o__Clostridiales|f__Clostridiaceae|g__Clostridium|s__Clostridium_leptum	0.0	0.0	0.0	0.0358	0.0	0.91579	0.01674	0.0	0.0	0.0	0.0	0.0	0.0	0.0	0.02499	0.0
k__Bacteria|p__Firmicutes|c__Clostridia|o__Clostridiales|f__Clostridiaceae|g__Clostridium|s__Clostridium_leptum|t__GCF_000154345	0.0	0.0	0.0	0.0358	0.0	0.91579	0.01674	0.0	0.0	0.0	0.0	0.0	0.0	0.0	0.02499	0.0
k__Bacteria|p__Firmicutes|c__Clostridia|o__Clostridiales|f__Clostridiaceae|g__Clostridium|s__Clostridium_nexile	0.0	0.0	0.0	0.00061	0.08689	0.01958	0.0	0.0	3.27311	0.0	0.0	0.0	0.0	0.0	0.0	0.0
k__Bacteria|p__Firmicutes|c__Clostridia|o__Clostridiales|f__Clostridiaceae|g__Clostridium|s__Clostridium_nexile|t__GCF_000156035	0.0	0.0	0.0	0.00061	0.08689	0.01958	0.0	0.0	3.27311	0.0	0.0	0.0	0.0	0.0	0.0	0.0
k__Bacteria|p__Firmicutes|c__Clostridia|o__Clostridiales|f__Clostridiaceae|g__Clostridium|s__Clostridium_perfringens	0.004	0.00484	0.06849	3.23066	0.11127	0.0	0.02692	0.0	0.00318	0.0	0.05458	0.00329	0.0	0.00245	0.3133	0.59511
k__Bacteria|p__Firmicutes|c__Clostridia|o__Clostridiales|f__Clostridiaceae|g__Clostridium|s__Clostridium_perfringens|t__Clostridium_perfringens_unclassified	0.004	0.00484	0.06849	3.23066	0.11127	0.0	0.02692	0.0	0.00318	0.0	0.05458	0.00329	0.0	0.00245	0.3133	0.59511
k__Bacteria|p__Firmicutes|c__Clostridia|o__Clostridiales|f__Clostridiales_Family_XI_Incertae_Sedis	0.02245	0.02699	0.0	0.0	0.0	0.0	0.0	0.0	0.0	0.0	0.0	0.0	0.0	0.00572	0.0	0.0
k__Bacteria|p__Firmicutes|c__Clostridia|o__Clostridiales|f__Clostridiales_Family_XI_Incertae_Sedis|g__Anaerococcus	0.01724	0.0	0.0	0.0	0.0	0.0	0.0	0.0	0.0	0.0	0.0	0.0	0.0	0.0	0.0	0.0
k__Bacteria|p__Firmicutes|c__Clostridia|o__Clostridiales|f__Clostridiales_Family_XI_Incertae_Sedis|g__Anaerococcus|s__Anaerococcus_prevotii	0.01724	0.0	0.0	0.0	0.0	0.0	0.0	0.0	0.0	0.0	0.0	0.0	0.0	0.0	0.0	0.0
k__Bacteria|p__Firmicutes|c__Clostridia|o__Clostridiales|f__Clostridiales_Family_XI_Incertae_Sedis|g__Anaerococcus|s__Anaerococcus_prevotii|t__Anaerococcus_prevotii_unclassified	0.01724	0.0	0.0	0.0	0.0	0.0	0.0	0.0	0.0	0.0	0.0	0.0	0.0	0.0	0.0	0.0
k__Bacteria|p__Firmicutes|c__Clostridia|o__Clostridiales|f__Clostridiales_Family_XI_Incertae_Sedis|g__Finegoldia	0.00521	0.02699	0.0	0.0	0.0	0.0	0.0	0.0	0.0	0.0	0.0	0.0	0.0	0.00572	0.0	0.0
k__Bacteria|p__Firmicutes|c__Clostridia|o__Clostridiales|f__Clostridiales_Family_XI_Incertae_Sedis|g__Finegoldia|s__Finegoldia_magna	0.00521	0.02699	0.0	0.0	0.0	0.0	0.0	0.0	0.0	0.0	0.0	0.0	0.0	0.00572	0.0	0.0
k__Bacteria|p__Firmicutes|c__Clostridia|o__Clostridiales|f__Clostridiales_Family_XI_Incertae_Sedis|g__Finegoldia|s__Finegoldia_magna|t__Finegoldia_magna_unclassified	0.00521	0.02699	0.0	0.0	0.0	0.0	0.0	0.0	0.0	0.0	0.0	0.0	0.0	0.00572	0.0	0.0
k__Bacteria|p__Firmicutes|c__Clostridia|o__Clostridiales|f__Clostridiales_noname	0.0859	0.08076	0.0	0.23756	0.05198	0.28115	0.14974	0.25661	0.14188	0.08958	0.00556	0.11073	0.25189	0.16026	0.00367	0.054
k__Bacteria|p__Firmicutes|c__Clostridia|o__Clostridiales|f__Clostridiales_noname|g__Flavonifractor	0.0859	0.08076	0.0	0.19565	0.05198	0.25981	0.13477	0.2525	0.14188	0.08958	0.00556	0.1005	0.25189	0.16026	0.00367	0.0402
k__Bacteria|p__Firmicutes|c__Clostridia|o__Clostridiales|f__Clostridiales_noname|g__Flavonifractor|s__Flavonifractor_plautii	0.0859	0.08076	0.0	0.19565	0.05198	0.25981	0.13477	0.2525	0.14188	0.08958	0.00556	0.1005	0.25189	0.16026	0.00367	0.0402
k__Bacteria|p__Firmicutes|c__Clostridia|o__Clostridiales|f__Clostridiales_noname|g__Flavonifractor|s__Flavonifractor_plautii|t__GCF_000239295	0.0859	0.08076	0.0	0.19565	0.05198	0.25981	0.13477	0.2525	0.14188	0.08958	0.00556	0.1005	0.25189	0.16026	0.00367	0.0402
k__Bacteria|p__Firmicutes|c__Clostridia|o__Clostridiales|f__Clostridiales_noname|g__Pseudoflavonifractor	0.0	0.0	0.0	0.04191	0.0	0.02134	0.01497	0.00412	0.0	0.0	0.0	0.01023	0.0	0.0	0.0	0.0138
k__Bacteria|p__Firmicutes|c__Clostridia|o__Clostridiales|f__Clostridiales_noname|g__Pseudoflavonifractor|s__Pseudoflavonifractor_capillosus	0.0	0.0	0.0	0.04191	0.0	0.02134	0.01497	0.00412	0.0	0.0	0.0	0.01023	0.0	0.0	0.0	0.0138
k__Bacteria|p__Firmicutes|c__Clostridia|o__Clostridiales|f__Clostridiales_noname|g__Pseudoflavonifractor|s__Pseudoflavonifractor_capillosus|t__GCF_000169255	0.0	0.0	0.0	0.04191	0.0	0.02134	0.01497	0.00412	0.0	0.0	0.0	0.01023	0.0	0.0	0.0	0.0138
k__Bacteria|p__Firmicutes|c__Clostridia|o__Clostridiales|f__Eubacteriaceae	0.0	0.0	0.0	0.10863	0.07196	0.22874	0.0	0.0	0.0	0.0	0.0	0.0	1.92233	0.0	0.0	0.0
k__Bacteria|p__Firmicutes|c__Clostridia|o__Clostridiales|f__Eubacteriaceae|g__Eubacterium	0.0	0.0	0.0	0.10863	0.07196	0.22874	0.0	0.0	0.0	0.0	0.0	0.0	1.92233	0.0	0.0	0.0
k__Bacteria|p__Firmicutes|c__Clostridia|o__Clostridiales|f__Eubacteriaceae|g__Eubacterium|s__Eubacterium_hallii	0.0	0.0	0.0	0.10863	0.07196	0.22874	0.0	0.0	0.0	0.0	0.0	0.0	0.0	0.0	0.0	0.0
k__Bacteria|p__Firmicutes|c__Clostridia|o__Clostridiales|f__Eubacteriaceae|g__Eubacterium|s__Eubacterium_hallii|t__GCF_000173975	0.0	0.0	0.0	0.10863	0.07196	0.22874	0.0	0.0	0.0	0.0	0.0	0.0	0.0	0.0	0.0	0.0
k__Bacteria|p__Firmicutes|c__Clostridia|o__Clostridiales|f__Eubacteriaceae|g__Eubacterium|s__Eubacterium_limosum	0.0	0.0	0.0	0.0	0.0	0.0	0.0	0.0	0.0	0.0	0.0	0.0	1.92233	0.0	0.0	0.0
k__Bacteria|p__Firmicutes|c__Clostridia|o__Clostridiales|f__Eubacteriaceae|g__Eubacterium|s__Eubacterium_limosum|t__GCF_000152245	0.0	0.0	0.0	0.0	0.0	0.0	0.0	0.0	0.0	0.0	0.0	0.0	1.92233	0.0	0.0	0.0
k__Bacteria|p__Firmicutes|c__Clostridia|o__Clostridiales|f__Lachnospiraceae	0.51061	1.47707	2.14681	4.65771	1.22097	3.91799	4.98427	4.86733	10.29245	1.15132	0.99463	0.28446	5.57835	1.2327	0.73101	10.36123
k__Bacteria|p__Firmicutes|c__Clostridia|o__Clostridiales|f__Lachnospiraceae|g__Anaerostipes	0.0	0.0	0.0	0.0	0.0	0.0	0.0	0.0	0.0	0.0	0.0	0.0	0.0	0.0	0.0	0.002
k__Bacteria|p__Firmicutes|c__Clostridia|o__Clostridiales|f__Lachnospiraceae|g__Anaerostipes|s__Anaerostipes_unclassified	0.0	0.0	0.0	0.0	0.0	0.0	0.0	0.0	0.0	0.0	0.0	0.0	0.0	0.0	0.0	0.002
k__Bacteria|p__Firmicutes|c__Clostridia|o__Clostridiales|f__Lachnospiraceae|g__Blautia	0.3772	1.1141	1.23215	2.41461	0.76827	2.68436	4.05294	4.05065	8.85961	1.05659	0.89847	0.12288	5.03973	0.9215	0.42045	7.61091
k__Bacteria|p__Firmicutes|c__Clostridia|o__Clostridiales|f__Lachnospiraceae|g__Blautia|s__Blautia_hansenii	0.0	0.00559	0.00935	0.03372	0.06264	0.17158	0.04053	0.00861	0.0035	0.0	0.0019	0.00122	0.0	0.00103	0.11903	0.04654
k__Bacteria|p__Firmicutes|c__Clostridia|o__Clostridiales|f__Lachnospiraceae|g__Blautia|s__Blautia_hansenii|t__GCF_000156675	0.0	0.00559	0.00935	0.03372	0.06264	0.17158	0.04053	0.00861	0.0035	0.0	0.0019	0.00122	0.0	0.00103	0.11903	0.04654
k__Bacteria|p__Firmicutes|c__Clostridia|o__Clostridiales|f__Lachnospiraceae|g__Blautia|s__Blautia_hydrogenotrophica	0.0	0.0	0.0	0.00476	0.0	0.00229	0.00374	0.01038	1.47638	0.04034	0.00017	0.00674	0.0	0.09936	0.0	0.00059
k__Bacteria|p__Firmicutes|c__Clostridia|o__Clostridiales|f__Lachnospiraceae|g__Blautia|s__Blautia_hydrogenotrophica|t__GCF_000157975	0.0	0.0	0.0	0.00476	0.0	0.00229	0.00374	0.01038	1.47638	0.04034	0.00017	0.00674	0.0	0.09936	0.0	0.00059
k__Bacteria|p__Firmicutes|c__Clostridia|o__Clostridiales|f__Lachnospiraceae|g__Blautia|s__Blautia_producta	0.0	0.0	0.0	0.0	0.0	0.0	0.0	0.0	0.0	0.0	0.0	0.0	0.16939	0.0	0.0	0.0
k__Bacteria|p__Firmicutes|c__Clostridia|o__Clostridiales|f__Lachnospiraceae|g__Blautia|s__Blautia_producta|t__GCF_000373885	0.0	0.0	0.0	0.0	0.0	0.0	0.0	0.0	0.0	0.0	0.0	0.0	0.16939	0.0	0.0	0.0
k__Bacteria|p__Firmicutes|c__Clostridia|o__Clostridiales|f__Lachnospiraceae|g__Blautia|s__Ruminococcus_gnavus	0.33523	1.08054	1.15966	1.47624	0.56038	0.70554	2.62424	3.85448	0.51073	0.42031	0.63278	0.04615	4.02538	0.62599	0.15602	1.12613
k__Bacteria|p__Firmicutes|c__Clostridia|o__Clostridiales|f__Lachnospiraceae|g__Blautia|s__Ruminococcus_gnavus|t__Ruminococcus_gnavus_unclassified	0.33523	1.08054	1.15966	1.47624	0.56038	0.70554	2.62424	3.85448	0.51073	0.42031	0.63278	0.04615	4.02538	0.62599	0.15602	1.12613
k__Bacteria|p__Firmicutes|c__Clostridia|o__Clostridiales|f__Lachnospiraceae|g__Blautia|s__Ruminococcus_obeum	0.0	0.0	0.0	0.02922	0.00615	0.05865	0.0	0.0	0.00128	0.0	0.0006	0.00018	0.0	0.0	0.01559	0.01838
k__Bacteria|p__Firmicutes|c__Clostridia|o__Clostridiales|f__Lachnospiraceae|g__Blautia|s__Ruminococcus_obeum|t__Ruminococcus_obeum_unclassified	0.0	0.0	0.0	0.02922	0.00615	0.05865	0.0	0.0	0.00128	0.0	0.0006	0.00018	0.0	0.0	0.01559	0.01838
k__Bacteria|p__Firmicutes|c__Clostridia|o__Clostridiales|f__Lachnospiraceae|g__Blautia|s__Ruminococcus_torques	0.04197	0.02798	0.06314	0.87067	0.1391	1.74629	1.38443	0.17717	6.86771	0.59595	0.26302	0.06859	0.84497	0.19511	0.12982	6.41926
k__Bacteria|p__Firmicutes|c__Clostridia|o__Clostridiales|f__Lachnospiraceae|g__Blautia|s__Ruminococcus_torques|t__Ruminococcus_torques_unclassified	0.04197	0.02798	0.06314	0.87067	0.1391	1.74629	1.38443	0.17717	6.86771	0.59595	0.26302	0.06859	0.84497	0.19511	0.12982	6.41926
k__Bacteria|p__Firmicutes|c__Clostridia|o__Clostridiales|f__Lachnospiraceae|g__Dorea	0.0	0.0	0.77068	1.04321	0.23335	0.0	0.00332	0.0	0.0	0.0	0.0037	0.0	0.0	0.0	0.01323	0.0
k__Bacteria|p__Firmicutes|c__Clostridia|o__Clostridiales|f__Lachnospiraceae|g__Dorea|s__Dorea_formicigenerans	0.0	0.0	0.77068	1.04321	0.23335	0.0	0.0	0.0	0.0	0.0	0.0	0.0	0.0	0.0	0.0	0.0
k__Bacteria|p__Firmicutes|c__Clostridia|o__Clostridiales|f__Lachnospiraceae|g__Dorea|s__Dorea_formicigenerans|t__Dorea_formicigenerans_unclassified	0.0	0.0	0.77068	1.04321	0.23335	0.0	0.0	0.0	0.0	0.0	0.0	0.0	0.0	0.0	0.0	0.0
k__Bacteria|p__Firmicutes|c__Clostridia|o__Clostridiales|f__Lachnospiraceae|g__Dorea|s__Dorea_unclassified	0.0	0.0	0.0	0.0	0.0	0.0	0.00332	0.0	0.0	0.0	0.0037	0.0	0.0	0.0	0.01323	0.0
k__Bacteria|p__Firmicutes|c__Clostridia|o__Clostridiales|f__Lachnospiraceae|g__Lachnospiraceae_noname	0.13341	0.36297	0.13928	1.19989	0.21935	1.23284	0.92801	0.81343	1.43285	0.09473	0.09246	0.16158	0.53862	0.3112	0.29733	2.74833
k__Bacteria|p__Firmicutes|c__Clostridia|o__Clostridiales|f__Lachnospiraceae|g__Lachnospiraceae_noname|s__Lachnospiraceae_bacterium_1_1_57FAA	0.02717	0.00713	0.04993	0.0	0.0	0.0	0.0	0.08258	0.0	0.0	0.07097	0.0	0.0	0.0	0.0	0.13201
k__Bacteria|p__Firmicutes|c__Clostridia|o__Clostridiales|f__Lachnospiraceae|g__Lachnospiraceae_noname|s__Lachnospiraceae_bacterium_1_1_57FAA|t__GCF_000218445	0.02717	0.00713	0.04993	0.0	0.0	0.0	0.0	0.08258	0.0	0.0	0.07097	0.0	0.0	0.0	0.0	0.13201
k__Bacteria|p__Firmicutes|c__Clostridia|o__Clostridiales|f__Lachnospiraceae|g__Lachnospiraceae_noname|s__Lachnospiraceae_bacterium_1_4_56FAA	0.07059	0.21527	0.03142	0.74625	0.1263	0.73784	0.47323	0.56134	1.16881	0.06075	0.00408	0.08422	0.0	0.18276	0.13386	2.26984
k__Bacteria|p__Firmicutes|c__Clostridia|o__Clostridiales|f__Lachnospiraceae|g__Lachnospiraceae_noname|s__Lachnospiraceae_bacterium_1_4_56FAA|t__GCF_000218385	0.07059	0.21527	0.03142	0.74625	0.1263	0.73784	0.47323	0.56134	1.16881	0.06075	0.00408	0.08422	0.0	0.18276	0.13386	2.26984
k__Bacteria|p__Firmicutes|c__Clostridia|o__Clostridiales|f__Lachnospiraceae|g__Lachnospiraceae_noname|s__Lachnospiraceae_bacterium_2_1_46FAA	0.0	0.0	0.0	0.01616	0.0	0.0	0.06021	0.0	0.0	0.0	0.0	0.0	0.27649	0.0	0.00086	0.07765
k__Bacteria|p__Firmicutes|c__Clostridia|o__Clostridiales|f__Lachnospiraceae|g__Lachnospiraceae_noname|s__Lachnospiraceae_bacterium_2_1_46FAA|t__GCF_000209385	0.0	0.0	0.0	0.01616	0.0	0.0	0.06021	0.0	0.0	0.0	0.0	0.0	0.27649	0.0	0.00086	0.07765
k__Bacteria|p__Firmicutes|c__Clostridia|o__Clostridiales|f__Lachnospiraceae|g__Lachnospiraceae_noname|s__Lachnospiraceae_bacterium_2_1_58FAA	0.0	0.0	0.00567	0.0	0.0	0.0	0.0	0.0	0.10643	0.00317	0.00155	0.0	0.19905	0.01659	0.00342	0.00107
k__Bacteria|p__Firmicutes|c__Clostridia|o__Clostridiales|f__Lachnospiraceae|g__Lachnospiraceae_noname|s__Lachnospiraceae_bacterium_2_1_58FAA|t__GCF_000218465	0.0	0.0	0.00567	0.0	0.0	0.0	0.0	0.0	0.10643	0.00317	0.00155	0.0	0.19905	0.01659	0.00342	0.00107
k__Bacteria|p__Firmicutes|c__Clostridia|o__Clostridiales|f__Lachnospiraceae|g__Lachnospiraceae_noname|s__Lachnospiraceae_bacterium_3_1_46FAA	0.0	0.0	0.0	0.03449	0.0	0.181	0.0	0.0023	0.0	0.00806	0.00338	0.02304	0.0	0.01229	0.0	0.01566
k__Bacteria|p__Firmicutes|c__Clostridia|o__Clostridiales|f__Lachnospiraceae|g__Lachnospiraceae_noname|s__Lachnospiraceae_bacterium_3_1_46FAA|t__GCF_000209405	0.0	0.0	0.0	0.03449	0.0	0.181	0.0	0.0023	0.0	0.00806	0.00338	0.02304	0.0	0.01229	0.0	0.01566
k__Bacteria|p__Firmicutes|c__Clostridia|o__Clostridiales|f__Lachnospiraceae|g__Lachnospiraceae_noname|s__Lachnospiraceae_bacterium_4_1_37FAA	0.0	0.0	0.0	0.01159	0.0	0.00508	0.00524	0.0	0.0	0.0	0.0	0.0	0.0	0.0	0.00559	0.00116
k__Bacteria|p__Firmicutes|c__Clostridia|o__Clostridiales|f__Lachnospiraceae|g__Lachnospiraceae_noname|s__Lachnospiraceae_bacterium_4_1_37FAA|t__GCF_000191805	0.0	0.0	0.0	0.01159	0.0	0.00508	0.00524	0.0	0.0	0.0	0.0	0.0	0.0	0.0	0.00559	0.00116
k__Bacteria|p__Firmicutes|c__Clostridia|o__Clostridiales|f__Lachnospiraceae|g__Lachnospiraceae_noname|s__Lachnospiraceae_bacterium_6_1_63FAA	0.0054	0.04341	0.04519	0.16853	0.0047	0.06258	0.26592	0.04958	0.12529	0.0011	0.01129	0.0	0.0	0.00522	0.04903	0.12078
k__Bacteria|p__Firmicutes|c__Clostridia|o__Clostridiales|f__Lachnospiraceae|g__Lachnospiraceae_noname|s__Lachnospiraceae_bacterium_6_1_63FAA|t__GCF_000209425	0.0054	0.04341	0.04519	0.16853	0.0047	0.06258	0.26592	0.04958	0.12529	0.0011	0.01129	0.0	0.0	0.00522	0.04903	0.12078
k__Bacteria|p__Firmicutes|c__Clostridia|o__Clostridiales|f__Lachnospiraceae|g__Lachnospiraceae_noname|s__Lachnospiraceae_bacterium_7_1_58FAA	0.01101	0.07178	0.0	0.16211	0.06464	0.18013	0.08829	0.08628	0.02247	0.01801	0.0	0.01336	0.06308	0.08544	0.04181	0.06549
k__Bacteria|p__Firmicutes|c__Clostridia|o__Clostridiales|f__Lachnospiraceae|g__Lachnospiraceae_noname|s__Lachnospiraceae_bacterium_7_1_58FAA|t__GCF_000242155	0.01101	0.07178	0.0	0.16211	0.06464	0.18013	0.08829	0.08628	0.02247	0.01801	0.0	0.01336	0.06308	0.08544	0.04181	0.06549
k__Bacteria|p__Firmicutes|c__Clostridia|o__Clostridiales|f__Lachnospiraceae|g__Lachnospiraceae_noname|s__Lachnospiraceae_bacterium_8_1_57FAA	0.01643	0.01324	0.00352	0.0	0.0	0.0	0.0	0.02198	0.0	0.0	0.0	0.03674	0.0	0.0	0.0	0.0
k__Bacteria|p__Firmicutes|c__Clostridia|o__Clostridiales|f__Lachnospiraceae|g__Lachnospiraceae_noname|s__Lachnospiraceae_bacterium_8_1_57FAA|t__GCF_000185545	0.01643	0.01324	0.00352	0.0	0.0	0.0	0.0	0.02198	0.0	0.0	0.0	0.03674	0.0	0.0	0.0	0.0
k__Bacteria|p__Firmicutes|c__Clostridia|o__Clostridiales|f__Lachnospiraceae|g__Lachnospiraceae_noname|s__Lachnospiraceae_bacterium_9_1_43BFAA	0.00282	0.01214	0.00356	0.06075	0.02372	0.06621	0.03511	0.00938	0.00985	0.00364	0.00119	0.00423	0.0	0.0089	0.06276	0.06466
k__Bacteria|p__Firmicutes|c__Clostridia|o__Clostridiales|f__Lachnospiraceae|g__Lachnospiraceae_noname|s__Lachnospiraceae_bacterium_9_1_43BFAA|t__GCF_000209445	0.00282	0.01214	0.00356	0.06075	0.02372	0.06621	0.03511	0.00938	0.00985	0.00364	0.00119	0.00423	0.0	0.0089	0.06276	0.06466
k__Bacteria|p__Firmicutes|c__Clostridia|o__Clostridiales|f__Lachnospiraceae|g__Roseburia	0.0	0.0	0.0047	0.0	0.0	0.0008	0.0	0.00325	0.0	0.0	0.0	0.0	0.0	0.0	0.0	0.0
k__Bacteria|p__Firmicutes|c__Clostridia|o__Clostridiales|f__Lachnospiraceae|g__Roseburia|s__Roseburia_unclassified	0.0	0.0	0.0047	0.0	0.0	0.0008	0.0	0.00325	0.0	0.0	0.0	0.0	0.0	0.0	0.0	0.0
k__Bacteria|p__Firmicutes|c__Clostridia|o__Clostridiales|f__Oscillospiraceae	0.95493	0.55766	0.0026	1.58185	0.73338	3.048	0.95824	0.61501	1.28293	1.87144	0.19541	1.74488	0.0	0.68925	1.44505	0.63604
k__Bacteria|p__Firmicutes|c__Clostridia|o__Clostridiales|f__Oscillospiraceae|g__Oscillibacter	0.95493	0.55766	0.0026	1.58185	0.73338	3.048	0.95824	0.61501	1.28293	1.87144	0.19541	1.74488	0.0	0.68925	1.44505	0.63604
k__Bacteria|p__Firmicutes|c__Clostridia|o__Clostridiales|f__Oscillospiraceae|g__Oscillibacter|s__Oscillibacter_unclassified	0.95493	0.55766	0.0026	1.58185	0.73338	3.048	0.95824	0.61501	1.28293	1.87144	0.19541	1.74488	0.0	0.68925	1.44505	0.63604
k__Bacteria|p__Firmicutes|c__Clostridia|o__Clostridiales|f__Peptostreptococcaceae	0.14629	0.60322	0.95872	1.33477	0.91728	2.45468	2.82858	0.91541	1.31174	0.23924	0.27467	0.2384	0.20891	0.33249	1.04876	3.42565
k__Bacteria|p__Firmicutes|c__Clostridia|o__Clostridiales|f__Peptostreptococcaceae|g__Peptostreptococcaceae_noname	0.14629	0.60322	0.95872	1.33477	0.91728	2.45468	2.82858	0.91541	1.31174	0.23924	0.27467	0.2384	0.20891	0.33249	1.04876	3.42565
k__Bacteria|p__Firmicutes|c__Clostridia|o__Clostridiales|f__Peptostreptococcaceae|g__Peptostreptococcaceae_noname|s__Clostridium_difficile	0.0	0.0	0.0	0.0	0.0	0.0	0.0	0.0	0.0	0.0	0.0	0.0	0.20891	0.0	0.0	0.0
k__Bacteria|p__Firmicutes|c__Clostridia|o__Clostridiales|f__Peptostreptococcaceae|g__Peptostreptococcaceae_noname|s__Clostridium_difficile|t__Clostridium_difficile_unclassified	0.0	0.0	0.0	0.0	0.0	0.0	0.0	0.0	0.0	0.0	0.0	0.0	0.20891	0.0	0.0	0.0
k__Bacteria|p__Firmicutes|c__Clostridia|o__Clostridiales|f__Peptostreptococcaceae|g__Peptostreptococcaceae_noname|s__Clostridium_hiranonis	0.14629	0.60322	0.95872	1.33477	0.91728	2.45468	2.82858	0.91541	1.31174	0.23924	0.05427	0.2384	0.0	0.33249	1.04876	3.42565
k__Bacteria|p__Firmicutes|c__Clostridia|o__Clostridiales|f__Peptostreptococcaceae|g__Peptostreptococcaceae_noname|s__Clostridium_hiranonis|t__GCF_000156055	0.14629	0.60322	0.95872	1.33477	0.91728	2.45468	2.82858	0.91541	1.31174	0.23924	0.05427	0.2384	0.0	0.33249	1.04876	3.42565
k__Bacteria|p__Firmicutes|c__Clostridia|o__Clostridiales|f__Peptostreptococcaceae|g__Peptostreptococcaceae_noname|s__Peptostreptococcaceae_noname_unclassified	0.0	0.0	0.0	0.0	0.0	0.0	0.0	0.0	0.0	0.0	0.22039	0.0	0.0	0.0	0.0	0.0
k__Bacteria|p__Firmicutes|c__Clostridia|o__Clostridiales|f__Ruminococcaceae	2.32481	2.48652	3.11868	6.16321	3.0785	12.47324	6.69924	2.8294	4.03384	9.12901	1.43938	1.16129	1.20461	5.0325	12.86148	6.95043
k__Bacteria|p__Firmicutes|c__Clostridia|o__Clostridiales|f__Ruminococcaceae|g__Anaerotruncus	0.0	0.0	0.0	0.00284	0.0	0.08011	0.0	0.0	1.42239	0.0	0.0	0.0	0.0	0.0	0.09857	0.05347
k__Bacteria|p__Firmicutes|c__Clostridia|o__Clostridiales|f__Ruminococcaceae|g__Anaerotruncus|s__Anaerotruncus_colihominis	0.0	0.0	0.0	0.00284	0.0	0.08011	0.0	0.0	1.42239	0.0	0.0	0.0	0.0	0.0	0.05463	0.05347
k__Bacteria|p__Firmicutes|c__Clostridia|o__Clostridiales|f__Ruminococcaceae|g__Anaerotruncus|s__Anaerotruncus_colihominis|t__GCF_000154565	0.0	0.0	0.0	0.00284	0.0	0.08011	0.0	0.0	1.42239	0.0	0.0	0.0	0.0	0.0	0.05463	0.05347
k__Bacteria|p__Firmicutes|c__Clostridia|o__Clostridiales|f__Ruminococcaceae|g__Anaerotruncus|s__Anaerotruncus_unclassified	0.0	0.0	0.0	0.0	0.0	0.0	0.0	0.0	0.0	0.0	0.0	0.0	0.0	0.0	0.04394	0.0
k__Bacteria|p__Firmicutes|c__Clostridia|o__Clostridiales|f__Ruminococcaceae|g__Faecalibacterium	0.0	0.0	0.01698	1.20014	0.37013	0.21502	0.52646	0.06654	0.0	0.01103	0.03569	0.0	0.0	0.0	1.6701	0.52405
k__Bacteria|p__Firmicutes|c__Clostridia|o__Clostridiales|f__Ruminococcaceae|g__Faecalibacterium|s__Faecalibacterium_prausnitzii	0.0	0.0	0.01698	1.20014	0.37013	0.21502	0.52646	0.06654	0.0	0.01103	0.03569	0.0	0.0	0.0	1.6701	0.52405
k__Bacteria|p__Firmicutes|c__Clostridia|o__Clostridiales|f__Ruminococcaceae|g__Faecalibacterium|s__Faecalibacterium_prausnitzii|t__Faecalibacterium_prausnitzii_unclassified	0.0	0.0	0.01698	1.20014	0.37013	0.21502	0.52646	0.06654	0.0	0.01103	0.03569	0.0	0.0	0.0	1.6701	0.52405
k__Bacteria|p__Firmicutes|c__Clostridia|o__Clostridiales|f__Ruminococcaceae|g__Ruminococcaceae_noname	0.8625	1.53392	0.05514	2.0541	0.58548	8.62683	3.10806	2.1292	1.74179	0.27738	0.39002	0.4158	0.0	1.47524	7.7656	5.91697
k__Bacteria|p__Firmicutes|c__Clostridia|o__Clostridiales|f__Ruminococcaceae|g__Ruminococcaceae_noname|s__Ruminococcaceae_bacterium_D16	0.8625	1.53392	0.05514	2.0541	0.58548	8.62683	3.10806	2.1292	1.74179	0.27738	0.39002	0.4158	0.0	1.47524	7.7656	5.91697
k__Bacteria|p__Firmicutes|c__Clostridia|o__Clostridiales|f__Ruminococcaceae|g__Ruminococcaceae_noname|s__Ruminococcaceae_bacterium_D16|t__GCF_000177015	0.8625	1.53392	0.05514	2.0541	0.58548	8.62683	3.10806	2.1292	1.74179	0.27738	0.39002	0.4158	0.0	1.47524	7.7656	5.91697
k__Bacteria|p__Firmicutes|c__Clostridia|o__Clostridiales|f__Ruminococcaceae|g__Subdoligranulum	1.4623	0.9526	3.04656	2.90613	2.12288	3.55129	3.06471	0.63365	0.86966	8.84061	1.01368	0.74549	1.20461	3.55726	3.3272	0.45594
k__Bacteria|p__Firmicutes|c__Clostridia|o__Clostridiales|f__Ruminococcaceae|g__Subdoligranulum|s__Subdoligranulum_unclassified	1.38515	0.81925	3.02575	2.88461	2.11469	3.53775	3.06471	0.62815	0.85209	7.97828	0.79087	0.71871	1.20461	3.1896	3.29284	0.44529
k__Bacteria|p__Firmicutes|c__Clostridia|o__Clostridiales|f__Ruminococcaceae|g__Subdoligranulum|s__Subdoligranulum_variabile	0.07715	0.13335	0.02081	0.02152	0.0082	0.01354	0.0	0.0055	0.01757	0.86232	0.22281	0.02678	0.0	0.36766	0.03436	0.01065
k__Bacteria|p__Firmicutes|c__Clostridia|o__Clostridiales|f__Ruminococcaceae|g__Subdoligranulum|s__Subdoligranulum_variabile|t__GCF_000157955	0.07715	0.13335	0.02081	0.02152	0.0082	0.01354	0.0	0.0055	0.01757	0.86232	0.22281	0.02678	0.0	0.36766	0.03436	0.01065
k__Bacteria|p__Firmicutes|c__Erysipelotrichia	0.93127	0.26254	1.82132	4.94917	1.53819	7.76156	3.54679	2.05222	0.09535	1.39629	2.00088	1.04998	0.19486	0.46395	1.63564	4.80917
k__Bacteria|p__Firmicutes|c__Erysipelotrichia|o__Erysipelotrichales	0.93127	0.26254	1.82132	4.94917	1.53819	7.76156	3.54679	2.05222	0.09535	1.39629	2.00088	1.04998	0.19486	0.46395	1.63564	4.80917
k__Bacteria|p__Firmicutes|c__Erysipelotrichia|o__Erysipelotrichales|f__Erysipelotrichaceae	0.93127	0.26254	1.82132	4.94917	1.53819	7.76156	3.54679	2.05222	0.09535	1.39629	2.00088	1.04998	0.19486	0.46395	1.63564	4.80917
k__Bacteria|p__Firmicutes|c__Erysipelotrichia|o__Erysipelotrichales|f__Erysipelotrichaceae|g__Allobaculum	0.0	0.0	0.0	0.01915	0.0021	0.0	0.00113	0.0	0.0	0.0	0.0	0.00286	0.0	0.0	0.0	0.00018
k__Bacteria|p__Firmicutes|c__Erysipelotrichia|o__Erysipelotrichales|f__Erysipelotrichaceae|g__Allobaculum|s__Allobaculum_stercoricanis	0.0	0.0	0.0	0.01915	0.0021	0.0	0.00113	0.0	0.0	0.0	0.0	0.00286	0.0	0.0	0.0	0.00018
k__Bacteria|p__Firmicutes|c__Erysipelotrichia|o__Erysipelotrichales|f__Erysipelotrichaceae|g__Allobaculum|s__Allobaculum_stercoricanis|t__GCF_000384195	0.0	0.0	0.0	0.01915	0.0021	0.0	0.00113	0.0	0.0	0.0	0.0	0.00286	0.0	0.0	0.0	0.00018
k__Bacteria|p__Firmicutes|c__Erysipelotrichia|o__Erysipelotrichales|f__Erysipelotrichaceae|g__Catenibacterium	0.82906	0.26254	0.99088	0.42523	0.86838	2.69951	1.78874	2.03389	0.09535	1.02215	1.30655	1.04399	0.0	0.46395	0.76048	0.46894
k__Bacteria|p__Firmicutes|c__Erysipelotrichia|o__Erysipelotrichales|f__Erysipelotrichaceae|g__Catenibacterium|s__Catenibacterium_mitsuokai	0.82906	0.26254	0.99088	0.42523	0.86838	2.69951	1.78874	2.03389	0.09535	1.02215	1.30655	1.04399	0.0	0.46395	0.76048	0.46894
k__Bacteria|p__Firmicutes|c__Erysipelotrichia|o__Erysipelotrichales|f__Erysipelotrichaceae|g__Catenibacterium|s__Catenibacterium_mitsuokai|t__GCF_000173795	0.82906	0.26254	0.99088	0.42523	0.86838	2.69951	1.78874	2.03389	0.09535	1.02215	1.30655	1.04399	0.0	0.46395	0.76048	0.46894
k__Bacteria|p__Firmicutes|c__Erysipelotrichia|o__Erysipelotrichales|f__Erysipelotrichaceae|g__Coprobacillus	0.0	0.0	0.0	0.0	0.0	0.0	0.0	0.0	0.0	0.0	0.0	0.0	0.16916	0.0	0.0	0.0
k__Bacteria|p__Firmicutes|c__Erysipelotrichia|o__Erysipelotrichales|f__Erysipelotrichaceae|g__Coprobacillus|s__Coprobacillus_unclassified	0.0	0.0	0.0	0.0	0.0	0.0	0.0	0.0	0.0	0.0	0.0	0.0	0.16916	0.0	0.0	0.0
k__Bacteria|p__Firmicutes|c__Erysipelotrichia|o__Erysipelotrichales|f__Erysipelotrichaceae|g__Erysipelotrichaceae_noname	0.10221	0.0	0.81215	4.50479	0.65688	5.06205	1.70886	0.01833	0.0	0.37415	0.68921	0.00204	0.02569	0.0	0.87517	4.31464
k__Bacteria|p__Firmicutes|c__Erysipelotrichia|o__Erysipelotrichales|f__Erysipelotrichaceae|g__Erysipelotrichaceae_noname|s__Clostridium_ramosum	0.0	0.0	0.0	0.0	0.0	0.0	0.0	0.0	0.0	0.0	0.0	0.0	0.02569	0.0	0.0	0.0
k__Bacteria|p__Firmicutes|c__Erysipelotrichia|o__Erysipelotrichales|f__Erysipelotrichaceae|g__Erysipelotrichaceae_noname|s__Clostridium_ramosum|t__GCF_000154485	0.0	0.0	0.0	0.0	0.0	0.0	0.0	0.0	0.0	0.0	0.0	0.0	0.02569	0.0	0.0	0.0
k__Bacteria|p__Firmicutes|c__Erysipelotrichia|o__Erysipelotrichales|f__Erysipelotrichaceae|g__Erysipelotrichaceae_noname|s__Erysipelotrichaceae_bacterium_21_3	0.0	0.0	0.0	0.0	0.0	0.0	0.0	0.0	0.0	0.0	0.0	0.0	0.0	0.0	0.00056	0.00011
k__Bacteria|p__Firmicutes|c__Erysipelotrichia|o__Erysipelotrichales|f__Erysipelotrichaceae|g__Erysipelotrichaceae_noname|s__Erysipelotrichaceae_bacterium_21_3|t__GCF_000242195	0.0	0.0	0.0	0.0	0.0	0.0	0.0	0.0	0.0	0.0	0.0	0.0	0.0	0.0	0.00056	0.00011
k__Bacteria|p__Firmicutes|c__Erysipelotrichia|o__Erysipelotrichales|f__Erysipelotrichaceae|g__Erysipelotrichaceae_noname|s__Eubacterium_biforme	0.10221	0.0	0.81215	4.48746	0.65688	5.06205	1.70886	0.01833	0.0	0.37415	0.68921	0.00204	0.0	0.0	0.87217	4.18719
k__Bacteria|p__Firmicutes|c__Erysipelotrichia|o__Erysipelotrichales|f__Erysipelotrichaceae|g__Erysipelotrichaceae_noname|s__Eubacterium_biforme|t__GCF_000156655	0.10221	0.0	0.81215	4.48746	0.65688	5.06205	1.70886	0.01833	0.0	0.37415	0.68921	0.00204	0.0	0.0	0.87217	4.18719
k__Bacteria|p__Firmicutes|c__Erysipelotrichia|o__Erysipelotrichales|f__Erysipelotrichaceae|g__Erysipelotrichaceae_noname|s__Eubacterium_dolichum	0.0	0.0	0.0	0.01732	0.0	0.0	0.0	0.0	0.0	0.0	0.0	0.0	0.0	0.0	0.00244	0.12734
k__Bacteria|p__Firmicutes|c__Erysipelotrichia|o__Erysipelotrichales|f__Erysipelotrichaceae|g__Erysipelotrichaceae_noname|s__Eubacterium_dolichum|t__GCF_000154285	0.0	0.0	0.0	0.01732	0.0	0.0	0.0	0.0	0.0	0.0	0.0	0.0	0.0	0.0	0.00244	0.12734
k__Bacteria|p__Firmicutes|c__Erysipelotrichia|o__Erysipelotrichales|f__Erysipelotrichaceae|g__Holdemania	0.0	0.0	0.0	0.0	0.0	0.0	0.04779	0.0	0.0	0.0	0.0	0.0	0.0	0.0	0.0	0.02408
k__Bacteria|p__Firmicutes|c__Erysipelotrichia|o__Erysipelotrichales|f__Erysipelotrichaceae|g__Holdemania|s__Holdemania_filiformis	0.0	0.0	0.0	0.0	0.0	0.0	0.01115	0.0	0.0	0.0	0.0	0.0	0.0	0.0	0.0	0.00518
k__Bacteria|p__Firmicutes|c__Erysipelotrichia|o__Erysipelotrichales|f__Erysipelotrichaceae|g__Holdemania|s__Holdemania_filiformis|t__GCF_000157995	0.0	0.0	0.0	0.0	0.0	0.0	0.01115	0.0	0.0	0.0	0.0	0.0	0.0	0.0	0.0	0.00518
k__Bacteria|p__Firmicutes|c__Erysipelotrichia|o__Erysipelotrichales|f__Erysipelotrichaceae|g__Holdemania|s__Holdemania_unclassified	0.0	0.0	0.0	0.0	0.0	0.0	0.03664	0.0	0.0	0.0	0.0	0.0	0.0	0.0	0.0	0.0189
k__Bacteria|p__Firmicutes|c__Erysipelotrichia|o__Erysipelotrichales|f__Erysipelotrichaceae|g__Turicibacter	0.0	0.0	0.01829	0.0	0.01082	0.0	0.00027	0.0	0.0	0.0	0.00511	0.0011	0.0	0.0	0.0	0.00133
k__Bacteria|p__Firmicutes|c__Erysipelotrichia|o__Erysipelotrichales|f__Erysipelotrichaceae|g__Turicibacter|s__Turicibacter_sanguinis	0.0	0.0	0.01829	0.0	0.0088	0.0	0.00027	0.0	0.0	0.0	0.00511	0.0011	0.0	0.0	0.0	0.00133
k__Bacteria|p__Firmicutes|c__Erysipelotrichia|o__Erysipelotrichales|f__Erysipelotrichaceae|g__Turicibacter|s__Turicibacter_sanguinis|t__GCF_000178255	0.0	0.0	0.01829	0.0	0.0088	0.0	0.00027	0.0	0.0	0.0	0.00511	0.0011	0.0	0.0	0.0	0.00133
k__Bacteria|p__Firmicutes|c__Erysipelotrichia|o__Erysipelotrichales|f__Erysipelotrichaceae|g__Turicibacter|s__Turicibacter_unclassified	0.0	0.0	0.0	0.0	0.00202	0.0	0.0	0.0	0.0	0.0	0.0	0.0	0.0	0.0	0.0	0.0
k__Bacteria|p__Firmicutes|c__Negativicutes	13.91909	9.27574	35.907	0.98206	19.58104	6.49303	2.05302	6.06162	0.37679	15.76004	6.86579	15.53181	0.0	11.38539	4.42089	10.62127
k__Bacteria|p__Firmicutes|c__Negativicutes|o__Selenomonadales	13.91909	9.27574	35.907	0.98206	19.58104	6.49303	2.05302	6.06162	0.37679	15.76004	6.86579	15.53181	0.0	11.38539	4.42089	10.62127
k__Bacteria|p__Firmicutes|c__Negativicutes|o__Selenomonadales|f__Acidaminococcaceae	3.84607	0.1612	3.52271	0.02879	8.59131	1.52752	0.0	0.0	0.05174	0.43783	0.00084	1.72351	0.0	2.2205	2.28147	0.0
k__Bacteria|p__Firmicutes|c__Negativicutes|o__Selenomonadales|f__Acidaminococcaceae|g__Acidaminococcus	3.84607	0.1612	3.52271	0.02879	8.59131	1.52752	0.0	0.0	0.05174	0.43783	0.00084	1.72351	0.0	2.2205	2.28147	0.0
k__Bacteria|p__Firmicutes|c__Negativicutes|o__Selenomonadales|f__Acidaminococcaceae|g__Acidaminococcus|s__Acidaminococcus_fermentans	0.0	0.0	3.19718	0.02753	8.1543	1.36782	0.0	0.0	0.0	0.0	0.0	0.0	0.0	0.0	2.16498	0.0
k__Bacteria|p__Firmicutes|c__Negativicutes|o__Selenomonadales|f__Acidaminococcaceae|g__Acidaminococcus|s__Acidaminococcus_fermentans|t__GCF_000025305	0.0	0.0	3.19718	0.02753	8.1543	1.36782	0.0	0.0	0.0	0.0	0.0	0.0	0.0	0.0	2.16498	0.0
k__Bacteria|p__Firmicutes|c__Negativicutes|o__Selenomonadales|f__Acidaminococcaceae|g__Acidaminococcus|s__Acidaminococcus_intestini	0.0	0.1612	0.32553	0.00127	0.43701	0.1597	0.0	0.0	0.0	0.0	0.00084	0.0	0.0	0.0	0.11649	0.0
k__Bacteria|p__Firmicutes|c__Negativicutes|o__Selenomonadales|f__Acidaminococcaceae|g__Acidaminococcus|s__Acidaminococcus_intestini|t__GCF_000230275	0.0	0.1612	0.32553	0.00127	0.43701	0.1597	0.0	0.0	0.0	0.0	0.00084	0.0	0.0	0.0	0.11649	0.0
k__Bacteria|p__Firmicutes|c__Negativicutes|o__Selenomonadales|f__Acidaminococcaceae|g__Acidaminococcus|s__Acidaminococcus_unclassified	3.84607	0.0	0.0	0.0	0.0	0.0	0.0	0.0	0.05174	0.43783	0.0	1.72351	0.0	2.2205	0.0	0.0
k__Bacteria|p__Firmicutes|c__Negativicutes|o__Selenomonadales|f__Veillonellaceae	10.07302	9.11454	32.38428	0.95326	10.98974	4.9655	2.05302	6.06162	0.32505	15.32221	6.86495	13.8083	0.0	9.16489	2.13943	10.62127
k__Bacteria|p__Firmicutes|c__Negativicutes|o__Selenomonadales|f__Veillonellaceae|g__Megamonas	8.24609	8.21211	6.85448	0.25251	0.31491	1.33443	0.96182	0.25868	0.17722	14.11544	3.95358	10.18715	0.0	8.69016	2.13943	6.18054
k__Bacteria|p__Firmicutes|c__Negativicutes|o__Selenomonadales|f__Veillonellaceae|g__Megamonas|s__Megamonas_funiformis	0.29995	0.33351	0.59128	0.02949	0.02482	0.11341	0.06376	0.02344	0.01205	2.2172	0.27166	0.6466	0.0	0.309	0.13699	0.39079
k__Bacteria|p__Firmicutes|c__Negativicutes|o__Selenomonadales|f__Veillonellaceae|g__Megamonas|s__Megamonas_funiformis|t__GCF_000245775	0.29995	0.33351	0.59128	0.02949	0.02482	0.11341	0.06376	0.02344	0.01205	2.2172	0.27166	0.6466	0.0	0.309	0.13699	0.39079
k__Bacteria|p__Firmicutes|c__Negativicutes|o__Selenomonadales|f__Veillonellaceae|g__Megamonas|s__Megamonas_hypermegale	0.28725	0.23202	0.00211	0.05213	0.05862	0.31688	0.23589	0.04768	0.03046	1.96321	0.32312	0.947	0.0	0.20401	0.44532	1.30262
k__Bacteria|p__Firmicutes|c__Negativicutes|o__Selenomonadales|f__Veillonellaceae|g__Megamonas|s__Megamonas_hypermegale|t__GCF_000209975	0.28725	0.23202	0.00211	0.05213	0.05862	0.31688	0.23589	0.04768	0.03046	1.96321	0.32312	0.947	0.0	0.20401	0.44532	1.30262
k__Bacteria|p__Firmicutes|c__Negativicutes|o__Selenomonadales|f__Veillonellaceae|g__Megamonas|s__Megamonas_rupellensis	0.56783	0.63223	0.3999	0.01559	0.0202	0.08397	0.05412	0.01793	0.01815	0.2809	0.23393	0.73936	0.0	0.58803	0.12703	0.32358
k__Bacteria|p__Firmicutes|c__Negativicutes|o__Selenomonadales|f__Veillonellaceae|g__Megamonas|s__Megamonas_rupellensis|t__GCF_000378365	0.56783	0.63223	0.3999	0.01559	0.0202	0.08397	0.05412	0.01793	0.01815	0.2809	0.23393	0.73936	0.0	0.58803	0.12703	0.32358
k__Bacteria|p__Firmicutes|c__Negativicutes|o__Selenomonadales|f__Veillonellaceae|g__Megamonas|s__Megamonas_unclassified	7.09107	7.01436	5.86119	0.15529	0.21127	0.82017	0.60805	0.16962	0.11656	9.65413	3.12488	7.8542	0.0	7.58912	1.43008	4.16355
k__Bacteria|p__Firmicutes|c__Negativicutes|o__Selenomonadales|f__Veillonellaceae|g__Megasphaera	1.82693	0.8999	25.5298	0.70075	10.67483	3.63107	1.09119	5.80294	0.14783	1.20677	2.91137	3.62115	0.0	0.47473	0.0	4.44073
k__Bacteria|p__Firmicutes|c__Negativicutes|o__Selenomonadales|f__Veillonellaceae|g__Megasphaera|s__Megasphaera_elsdenii	0.6225	0.0	2.6313	0.03798	1.14504	0.29384	0.06518	0.39965	0.00811	0.36848	1.16402	0.27978	0.0	0.0	0.0	0.34089
k__Bacteria|p__Firmicutes|c__Negativicutes|o__Selenomonadales|f__Veillonellaceae|g__Megasphaera|s__Megasphaera_elsdenii|t__GCF_000283495	0.6225	0.0	2.6313	0.03798	1.14504	0.29384	0.06518	0.39965	0.00811	0.36848	1.16402	0.27978	0.0	0.0	0.0	0.34089
k__Bacteria|p__Firmicutes|c__Negativicutes|o__Selenomonadales|f__Veillonellaceae|g__Megasphaera|s__Megasphaera_unclassified	1.20442	0.8999	22.8985	0.66277	9.52979	3.33723	1.02601	5.40329	0.13972	0.83829	1.74735	3.34138	0.0	0.47473	0.0	4.09984
k__Bacteria|p__Firmicutes|c__Negativicutes|o__Selenomonadales|f__Veillonellaceae|g__Mitsuokella	0.0	0.00254	0.0	0.0	0.0	0.0	0.0	0.0	0.0	0.0	0.0	0.0	0.0	0.0	0.0	0.0
k__Bacteria|p__Firmicutes|c__Negativicutes|o__Selenomonadales|f__Veillonellaceae|g__Mitsuokella|s__Mitsuokella_unclassified	0.0	0.00254	0.0	0.0	0.0	0.0	0.0	0.0	0.0	0.0	0.0	0.0	0.0	0.0	0.0	0.0
k__Bacteria|p__Fusobacteria	0.0	0.00293	0.0	0.0	0.0	0.0	0.0	0.0	0.00605	0.0	0.0	0.0	0.0	0.0	0.0	0.0
k__Bacteria|p__Fusobacteria|c__Fusobacteriia	0.0	0.00293	0.0	0.0	0.0	0.0	0.0	0.0	0.00605	0.0	0.0	0.0	0.0	0.0	0.0	0.0
k__Bacteria|p__Fusobacteria|c__Fusobacteriia|o__Fusobacteriales	0.0	0.00293	0.0	0.0	0.0	0.0	0.0	0.0	0.00605	0.0	0.0	0.0	0.0	0.0	0.0	0.0
k__Bacteria|p__Fusobacteria|c__Fusobacteriia|o__Fusobacteriales|f__Fusobacteriaceae	0.0	0.00293	0.0	0.0	0.0	0.0	0.0	0.0	0.00605	0.0	0.0	0.0	0.0	0.0	0.0	0.0
k__Bacteria|p__Fusobacteria|c__Fusobacteriia|o__Fusobacteriales|f__Fusobacteriaceae|g__Fusobacterium	0.0	0.00293	0.0	0.0	0.0	0.0	0.0	0.0	0.00605	0.0	0.0	0.0	0.0	0.0	0.0	0.0
k__Bacteria|p__Fusobacteria|c__Fusobacteriia|o__Fusobacteriales|f__Fusobacteriaceae|g__Fusobacterium|s__Fusobacterium_mortiferum	0.0	0.00293	0.0	0.0	0.0	0.0	0.0	0.0	0.00605	0.0	0.0	0.0	0.0	0.0	0.0	0.0
k__Bacteria|p__Fusobacteria|c__Fusobacteriia|o__Fusobacteriales|f__Fusobacteriaceae|g__Fusobacterium|s__Fusobacterium_mortiferum|t__GCF_000158195	0.0	0.00293	0.0	0.0	0.0	0.0	0.0	0.0	0.00605	0.0	0.0	0.0	0.0	0.0	0.0	0.0
k__Bacteria|p__Proteobacteria	9.87354	3.67837	0.98184	7.34257	6.67417	13.57974	11.58898	5.69833	3.96427	7.55227	6.36654	5.30276	10.27276	4.2792	15.87312	7.62644
k__Bacteria|p__Proteobacteria|c__Betaproteobacteria	1.55567	2.62262	0.60211	1.3403	3.06199	11.92227	7.81165	0.14837	1.68925	4.81306	5.29213	4.46079	10.06952	2.70643	13.00826	3.56041
k__Bacteria|p__Proteobacteria|c__Betaproteobacteria|o__Burkholderiales	1.55567	2.62262	0.60211	1.3403	3.06199	11.92227	7.81165	0.14837	1.68925	4.81306	5.29213	4.46079	10.06952	2.70643	13.00826	3.56041
k__Bacteria|p__Proteobacteria|c__Betaproteobacteria|o__Burkholderiales|f__Burkholderiales_noname	0.0	0.0	0.0	0.0	0.0	0.0	0.0	0.0	0.0	0.0	0.0	0.0	0.0	0.0	0.0	0.00148
k__Bacteria|p__Proteobacteria|c__Betaproteobacteria|o__Burkholderiales|f__Burkholderiales_noname|g__Burkholderiales_noname	0.0	0.0	0.0	0.0	0.0	0.0	0.0	0.0	0.0	0.0	0.0	0.0	0.0	0.0	0.0	0.00148
k__Bacteria|p__Proteobacteria|c__Betaproteobacteria|o__Burkholderiales|f__Burkholderiales_noname|g__Burkholderiales_noname|s__Burkholderiales_bacterium_1_1_47	0.0	0.0	0.0	0.0	0.0	0.0	0.0	0.0	0.0	0.0	0.0	0.0	0.0	0.0	0.0	0.00148
k__Bacteria|p__Proteobacteria|c__Betaproteobacteria|o__Burkholderiales|f__Burkholderiales_noname|g__Burkholderiales_noname|s__Burkholderiales_bacterium_1_1_47|t__GCF_000144975	0.0	0.0	0.0	0.0	0.0	0.0	0.0	0.0	0.0	0.0	0.0	0.0	0.0	0.0	0.0	0.00148
k__Bacteria|p__Proteobacteria|c__Betaproteobacteria|o__Burkholderiales|f__Sutterellaceae	1.55567	2.62262	0.60211	1.3403	3.06199	11.92227	7.81165	0.14837	1.68925	4.81306	5.29213	4.46079	10.06952	2.70643	13.00826	3.55894
k__Bacteria|p__Proteobacteria|c__Betaproteobacteria|o__Burkholderiales|f__Sutterellaceae|g__Sutterella	1.55567	2.62262	0.60211	1.3403	3.06199	11.92227	7.81165	0.0	1.68925	4.81306	5.29213	4.46079	10.06952	2.70643	13.00826	3.55894
k__Bacteria|p__Proteobacteria|c__Betaproteobacteria|o__Burkholderiales|f__Sutterellaceae|g__Sutterellaceae_unclassified	0.0	0.0	0.0	0.0	0.0	0.0	0.0	0.14837	0.0	0.0	0.0	0.0	0.0	0.0	0.0	0.0
k__Bacteria|p__Proteobacteria|c__Betaproteobacteria|o__Burkholderiales|f__Sutterellaceae|g__Sutterella|s__Sutterella_wadsworthensis	1.55567	2.62262	0.60211	1.3403	3.06199	11.92227	7.81165	0.0	1.68925	4.81306	5.29213	4.46079	10.06952	2.70643	13.00826	3.55894
k__Bacteria|p__Proteobacteria|c__Betaproteobacteria|o__Burkholderiales|f__Sutterellaceae|g__Sutterella|s__Sutterella_wadsworthensis|t__GCF_000297775	1.55567	2.62262	0.60211	1.3403	3.06199	11.92227	7.81165	0.0	1.68925	4.81306	5.29213	4.46079	10.06952	2.70643	13.00826	3.55894
k__Bacteria|p__Proteobacteria|c__Deltaproteobacteria	0.0	0.0	0.0	0.00866	0.0	0.27393	0.02911	0.0	0.25552	0.0	0.0	0.03176	0.0	0.00199	2.4114	0.0
k__Bacteria|p__Proteobacteria|c__Deltaproteobacteria|o__Desulfovibrionales	0.0	0.0	0.0	0.00866	0.0	0.27393	0.02911	0.0	0.25552	0.0	0.0	0.03176	0.0	0.00199	2.4114	0.0
k__Bacteria|p__Proteobacteria|c__Deltaproteobacteria|o__Desulfovibrionales|f__Desulfovibrionaceae	0.0	0.0	0.0	0.00866	0.0	0.27393	0.02911	0.0	0.25552	0.0	0.0	0.03176	0.0	0.00199	2.4114	0.0
k__Bacteria|p__Proteobacteria|c__Deltaproteobacteria|o__Desulfovibrionales|f__Desulfovibrionaceae|g__Bilophila	0.0	0.0	0.0	0.0	0.0	0.0	0.0	0.0	0.25552	0.0	0.0	0.0	0.0	0.00199	0.0	0.0
k__Bacteria|p__Proteobacteria|c__Deltaproteobacteria|o__Desulfovibrionales|f__Desulfovibrionaceae|g__Bilophila|s__Bilophila_unclassified	0.0	0.0	0.0	0.0	0.0	0.0	0.0	0.0	0.2499	0.0	0.0	0.0	0.0	0.00199	0.0	0.0
k__Bacteria|p__Proteobacteria|c__Deltaproteobacteria|o__Desulfovibrionales|f__Desulfovibrionaceae|g__Bilophila|s__Bilophila_wadsworthia	0.0	0.0	0.0	0.0	0.0	0.0	0.0	0.0	0.00563	0.0	0.0	0.0	0.0	0.0	0.0	0.0
k__Bacteria|p__Proteobacteria|c__Deltaproteobacteria|o__Desulfovibrionales|f__Desulfovibrionaceae|g__Bilophila|s__Bilophila_wadsworthia|t__GCF_000185705	0.0	0.0	0.0	0.0	0.0	0.0	0.0	0.0	0.00563	0.0	0.0	0.0	0.0	0.0	0.0	0.0
k__Bacteria|p__Proteobacteria|c__Deltaproteobacteria|o__Desulfovibrionales|f__Desulfovibrionaceae|g__Desulfovibrio	0.0	0.0	0.0	0.00866	0.0	0.27393	0.02911	0.0	0.0	0.0	0.0	0.03176	0.0	0.0	2.4114	0.0
k__Bacteria|p__Proteobacteria|c__Deltaproteobacteria|o__Desulfovibrionales|f__Desulfovibrionaceae|g__Desulfovibrio|s__Desulfovibrio_desulfuricans	0.0	0.0	0.0	0.00866	0.0	0.0	0.02911	0.0	0.0	0.0	0.0	0.03176	0.0	0.0	0.00124	0.0
k__Bacteria|p__Proteobacteria|c__Deltaproteobacteria|o__Desulfovibrionales|f__Desulfovibrionaceae|g__Desulfovibrio|s__Desulfovibrio_desulfuricans|t__Desulfovibrio_desulfuricans_unclassified	0.0	0.0	0.0	0.00866	0.0	0.0	0.02911	0.0	0.0	0.0	0.0	0.03176	0.0	0.0	0.00124	0.0
k__Bacteria|p__Proteobacteria|c__Deltaproteobacteria|o__Desulfovibrionales|f__Desulfovibrionaceae|g__Desulfovibrio|s__Desulfovibrio_piger	0.0	0.0	0.0	0.0	0.0	0.27393	0.0	0.0	0.0	0.0	0.0	0.0	0.0	0.0	2.41016	0.0
k__Bacteria|p__Proteobacteria|c__Deltaproteobacteria|o__Desulfovibrionales|f__Desulfovibrionaceae|g__Desulfovibrio|s__Desulfovibrio_piger|t__GCF_000156375	0.0	0.0	0.0	0.0	0.0	0.27393	0.0	0.0	0.0	0.0	0.0	0.0	0.0	0.0	2.41016	0.0
k__Bacteria|p__Proteobacteria|c__Epsilonproteobacteria	8.11243	1.03293	0.34883	5.87129	3.40938	1.38354	3.43954	5.54995	1.98197	2.73921	1.06807	0.7969	0.0	1.56548	0.44558	3.97684
k__Bacteria|p__Proteobacteria|c__Epsilonproteobacteria|o__Campylobacterales	8.11243	1.03293	0.34883	5.87129	3.40938	1.38354	3.43954	5.54995	1.98197	2.73921	1.06807	0.7969	0.0	1.56548	0.44558	3.97684
k__Bacteria|p__Proteobacteria|c__Epsilonproteobacteria|o__Campylobacterales|f__Campylobacteraceae	8.11243	1.03293	0.21291	0.12052	0.00302	0.03023	0.18658	0.35533	1.98197	0.53387	1.06807	0.7969	0.0	1.56548	0.1283	0.13513
k__Bacteria|p__Proteobacteria|c__Epsilonproteobacteria|o__Campylobacterales|f__Campylobacteraceae|g__Campylobacter	8.11243	1.03293	0.21291	0.12052	0.00302	0.03023	0.18658	0.35533	1.98197	0.53387	1.06807	0.7969	0.0	1.56548	0.1283	0.13513
k__Bacteria|p__Proteobacteria|c__Epsilonproteobacteria|o__Campylobacterales|f__Campylobacteraceae|g__Campylobacter|s__Campylobacter_upsaliensis	8.11243	1.03293	0.21291	0.12052	0.00302	0.03023	0.18658	0.35533	1.98197	0.53387	1.06807	0.7969	0.0	1.56548	0.1283	0.13513
k__Bacteria|p__Proteobacteria|c__Epsilonproteobacteria|o__Campylobacterales|f__Campylobacteraceae|g__Campylobacter|s__Campylobacter_upsaliensis|t__Campylobacter_upsaliensis_unclassified	8.11243	1.03293	0.21291	0.12052	0.00302	0.03023	0.18658	0.35533	1.98197	0.53387	1.06807	0.7969	0.0	1.56548	0.1283	0.13513
k__Bacteria|p__Proteobacteria|c__Epsilonproteobacteria|o__Campylobacterales|f__Helicobacteraceae	0.0	0.0	0.13592	5.75077	3.40636	1.3533	3.25296	5.19462	0.0	2.20533	0.0	0.0	0.0	0.0	0.31728	3.8417
k__Bacteria|p__Proteobacteria|c__Epsilonproteobacteria|o__Campylobacterales|f__Helicobacteraceae|g__Helicobacter	0.0	0.0	0.13592	5.75077	3.40636	1.3533	3.25296	5.19462	0.0	2.20533	0.0	0.0	0.0	0.0	0.31728	3.8417
k__Bacteria|p__Proteobacteria|c__Epsilonproteobacteria|o__Campylobacterales|f__Helicobacteraceae|g__Helicobacter|s__Helicobacter_canis	0.0	0.0	0.02102	5.75077	1.32621	1.3533	3.25296	5.19462	0.0	2.20533	0.0	0.0	0.0	0.0	0.31683	3.8417
k__Bacteria|p__Proteobacteria|c__Epsilonproteobacteria|o__Campylobacterales|f__Helicobacteraceae|g__Helicobacter|s__Helicobacter_canis|t__GCF_000507865	0.0	0.0	0.02102	5.75077	1.32621	1.3533	3.25296	5.19462	0.0	2.20533	0.0	0.0	0.0	0.0	0.31683	3.8417
k__Bacteria|p__Proteobacteria|c__Epsilonproteobacteria|o__Campylobacterales|f__Helicobacteraceae|g__Helicobacter|s__Helicobacter_cinaedi	0.0	0.0	0.11489	0.0	2.08015	0.0	0.0	0.0	0.0	0.0	0.0	0.0	0.0	0.0	0.0	0.0
k__Bacteria|p__Proteobacteria|c__Epsilonproteobacteria|o__Campylobacterales|f__Helicobacteraceae|g__Helicobacter|s__Helicobacter_cinaedi|t__Helicobacter_cinaedi_unclassified	0.0	0.0	0.11489	0.0	2.08015	0.0	0.0	0.0	0.0	0.0	0.0	0.0	0.0	0.0	0.0	0.0
k__Bacteria|p__Proteobacteria|c__Epsilonproteobacteria|o__Campylobacterales|f__Helicobacteraceae|g__Helicobacter|s__Helicobacter_winghamensis	0.0	0.0	0.0	0.0	0.0	0.0	0.0	0.0	0.0	0.0	0.0	0.0	0.0	0.0	0.00045	0.0
k__Bacteria|p__Proteobacteria|c__Epsilonproteobacteria|o__Campylobacterales|f__Helicobacteraceae|g__Helicobacter|s__Helicobacter_winghamensis|t__GCF_000158455	0.0	0.0	0.0	0.0	0.0	0.0	0.0	0.0	0.0	0.0	0.0	0.0	0.0	0.0	0.00045	0.0
k__Bacteria|p__Proteobacteria|c__Gammaproteobacteria	0.20543	0.02282	0.0309	0.12232	0.2028	0.0	0.30868	0.0	0.03751	0.0	0.00634	0.01332	0.20324	0.00531	0.00789	0.08919
k__Bacteria|p__Proteobacteria|c__Gammaproteobacteria|o__Aeromonadales	0.0	0.0	0.0	0.0	0.01132	0.0	0.0	0.0	0.0	0.0	0.0	0.0	0.0	0.0	0.0	0.0
k__Bacteria|p__Proteobacteria|c__Gammaproteobacteria|o__Aeromonadales|f__Aeromonadaceae	0.0	0.0	0.0	0.0	0.01132	0.0	0.0	0.0	0.0	0.0	0.0	0.0	0.0	0.0	0.0	0.0
k__Bacteria|p__Proteobacteria|c__Gammaproteobacteria|o__Aeromonadales|f__Aeromonadaceae|g__Aeromonas	0.0	0.0	0.0	0.0	0.01132	0.0	0.0	0.0	0.0	0.0	0.0	0.0	0.0	0.0	0.0	0.0
k__Bacteria|p__Proteobacteria|c__Gammaproteobacteria|o__Aeromonadales|f__Aeromonadaceae|g__Aeromonas|s__Aeromonas_hydrophila	0.0	0.0	0.0	0.0	0.00567	0.0	0.0	0.0	0.0	0.0	0.0	0.0	0.0	0.0	0.0	0.0
k__Bacteria|p__Proteobacteria|c__Gammaproteobacteria|o__Aeromonadales|f__Aeromonadaceae|g__Aeromonas|s__Aeromonas_hydrophila|t__Aeromonas_hydrophila_unclassified	0.0	0.0	0.0	0.0	0.00567	0.0	0.0	0.0	0.0	0.0	0.0	0.0	0.0	0.0	0.0	0.0
k__Bacteria|p__Proteobacteria|c__Gammaproteobacteria|o__Aeromonadales|f__Aeromonadaceae|g__Aeromonas|s__Aeromonas_unclassified	0.0	0.0	0.0	0.0	0.00565	0.0	0.0	0.0	0.0	0.0	0.0	0.0	0.0	0.0	0.0	0.0
k__Bacteria|p__Proteobacteria|c__Gammaproteobacteria|o__Enterobacteriales	0.20543	0.02282	0.0309	0.12232	0.19148	0.0	0.30868	0.0	0.03751	0.0	0.00634	0.00933	0.20324	0.00531	0.00789	0.08919
k__Bacteria|p__Proteobacteria|c__Gammaproteobacteria|o__Enterobacteriales|f__Enterobacteriaceae	0.20543	0.02282	0.0309	0.12232	0.19148	0.0	0.30868	0.0	0.03751	0.0	0.00634	0.00933	0.20324	0.00531	0.00789	0.08919
k__Bacteria|p__Proteobacteria|c__Gammaproteobacteria|o__Enterobacteriales|f__Enterobacteriaceae|g__Escherichia	0.20543	0.02282	0.0309	0.12232	0.19148	0.0	0.30868	0.0	0.03751	0.0	0.00634	0.00933	0.20324	0.00531	0.00789	0.08919
k__Bacteria|p__Proteobacteria|c__Gammaproteobacteria|o__Enterobacteriales|f__Enterobacteriaceae|g__Escherichia|s__Escherichia_coli	0.08139	0.01061	0.0	0.06551	0.09798	0.0	0.21034	0.0	0.03169	0.0	0.00634	0.00294	0.09337	0.0	0.00457	0.03983
k__Bacteria|p__Proteobacteria|c__Gammaproteobacteria|o__Enterobacteriales|f__Enterobacteriaceae|g__Escherichia|s__Escherichia_coli|t__Escherichia_coli_unclassified	0.08139	0.01061	0.0	0.06551	0.09798	0.0	0.21034	0.0	0.03169	0.0	0.00634	0.00294	0.09337	0.0	0.00457	0.03983
k__Bacteria|p__Proteobacteria|c__Gammaproteobacteria|o__Enterobacteriales|f__Enterobacteriaceae|g__Escherichia|s__Escherichia_unclassified	0.12403	0.01222	0.0309	0.05681	0.0935	0.0	0.09833	0.0	0.00583	0.0	0.0	0.00638	0.10987	0.00531	0.00332	0.04936
k__Bacteria|p__Proteobacteria|c__Gammaproteobacteria|o__Pasteurellales	0.0	0.0	0.0	0.0	0.0	0.0	0.0	0.0	0.0	0.0	0.0	0.00399	0.0	0.0	0.0	0.0
k__Bacteria|p__Proteobacteria|c__Gammaproteobacteria|o__Pasteurellales|f__Pasteurellaceae	0.0	0.0	0.0	0.0	0.0	0.0	0.0	0.0	0.0	0.0	0.0	0.00399	0.0	0.0	0.0	0.0
k__Bacteria|p__Proteobacteria|c__Gammaproteobacteria|o__Pasteurellales|f__Pasteurellaceae|g__Actinobacillus	0.0	0.0	0.0	0.0	0.0	0.0	0.0	0.0	0.0	0.0	0.0	0.00399	0.0	0.0	0.0	0.0
k__Bacteria|p__Proteobacteria|c__Gammaproteobacteria|o__Pasteurellales|f__Pasteurellaceae|g__Actinobacillus|s__Actinobacillus_unclassified	0.0	0.0	0.0	0.0	0.0	0.0	0.0	0.0	0.0	0.0	0.0	0.00399	0.0	0.0	0.0	0.0
k__Bacteria|p__Verrucomicrobia	0.0	0.0	0.0	0.0	0.0	0.0	0.0	0.0	0.0	0.0	0.00828	0.0	0.0	0.00552	0.0	0.0
k__Bacteria|p__Verrucomicrobia|c__Verrucomicrobiae	0.0	0.0	0.0	0.0	0.0	0.0	0.0	0.0	0.0	0.0	0.00828	0.0	0.0	0.00552	0.0	0.0
k__Bacteria|p__Verrucomicrobia|c__Verrucomicrobiae|o__Verrucomicrobiales	0.0	0.0	0.0	0.0	0.0	0.0	0.0	0.0	0.0	0.0	0.00828	0.0	0.0	0.00552	0.0	0.0
k__Bacteria|p__Verrucomicrobia|c__Verrucomicrobiae|o__Verrucomicrobiales|f__Verrucomicrobiaceae	0.0	0.0	0.0	0.0	0.0	0.0	0.0	0.0	0.0	0.0	0.00828	0.0	0.0	0.00552	0.0	0.0
k__Bacteria|p__Verrucomicrobia|c__Verrucomicrobiae|o__Verrucomicrobiales|f__Verrucomicrobiaceae|g__Akkermansia	0.0	0.0	0.0	0.0	0.0	0.0	0.0	0.0	0.0	0.0	0.00828	0.0	0.0	0.00552	0.0	0.0
k__Bacteria|p__Verrucomicrobia|c__Verrucomicrobiae|o__Verrucomicrobiales|f__Verrucomicrobiaceae|g__Akkermansia|s__Akkermansia_muciniphila	0.0	0.0	0.0	0.0	0.0	0.0	0.0	0.0	0.0	0.0	0.00828	0.0	0.0	0.00552	0.0	0.0
k__Bacteria|p__Verrucomicrobia|c__Verrucomicrobiae|o__Verrucomicrobiales|f__Verrucomicrobiaceae|g__Akkermansia|s__Akkermansia_muciniphila|t__GCF_000020225	0.0	0.0	0.0	0.0	0.0	0.0	0.0	0.0	0.0	0.0	0.00828	0.0	0.0	0.00552	0.0	0.0
k__Viruses	0.0267	0.0	0.0	0.0	0.05501	0.0	0.0	0.0	0.0078	0.00756	0.02053	0.00873	0.0	0.00993	0.00697	0.0
k__Viruses|p__Viruses_noname	0.0267	0.0	0.0	0.0	0.05501	0.0	0.0	0.0	0.0078	0.00756	0.02053	0.00873	0.0	0.00993	0.00697	0.0
k__Viruses|p__Viruses_noname|c__Viruses_noname	0.0267	0.0	0.0	0.0	0.05501	0.0	0.0	0.0	0.0078	0.00756	0.02053	0.00873	0.0	0.00993	0.00697	0.0
k__Viruses|p__Viruses_noname|c__Viruses_noname|o__Caudovirales	0.0	0.0	0.0	0.0	0.0	0.0	0.0	0.0	0.0	0.00756	0.0	0.0	0.0	0.0	0.00697	0.0
k__Viruses|p__Viruses_noname|c__Viruses_noname|o__Caudovirales|f__Podoviridae	0.0	0.0	0.0	0.0	0.0	0.0	0.0	0.0	0.0	0.00756	0.0	0.0	0.0	0.0	0.00697	0.0
k__Viruses|p__Viruses_noname|c__Viruses_noname|o__Caudovirales|f__Podoviridae|g__Epsilon15likevirus	0.0	0.0	0.0	0.0	0.0	0.0	0.0	0.0	0.0	0.00756	0.0	0.0	0.0	0.0	0.00697	0.0
k__Viruses|p__Viruses_noname|c__Viruses_noname|o__Caudovirales|f__Podoviridae|g__Epsilon15likevirus|s__Epsilon15likevirus_unclassified	0.0	0.0	0.0	0.0	0.0	0.0	0.0	0.0	0.0	0.00756	0.0	0.0	0.0	0.0	0.00697	0.0
k__Viruses|p__Viruses_noname|c__Viruses_noname|o__Viruses_noname	0.0267	0.0	0.0	0.0	0.05501	0.0	0.0	0.0	0.0078	0.0	0.02053	0.00873	0.0	0.00993	0.0	0.0
k__Viruses|p__Viruses_noname|c__Viruses_noname|o__Viruses_noname|f__Parvoviridae	0.0	0.0	0.0	0.0	0.05501	0.0	0.0	0.0	0.0	0.0	0.0	0.0	0.0	0.0	0.0	0.0
k__Viruses|p__Viruses_noname|c__Viruses_noname|o__Viruses_noname|f__Parvoviridae|g__Bocavirus	0.0	0.0	0.0	0.0	0.05501	0.0	0.0	0.0	0.0	0.0	0.0	0.0	0.0	0.0	0.0	0.0
k__Viruses|p__Viruses_noname|c__Viruses_noname|o__Viruses_noname|f__Parvoviridae|g__Bocavirus|s__Canine_bocavirus	0.0	0.0	0.0	0.0	0.05501	0.0	0.0	0.0	0.0	0.0	0.0	0.0	0.0	0.0	0.0	0.0
k__Viruses|p__Viruses_noname|c__Viruses_noname|o__Viruses_noname|f__Parvoviridae|g__Bocavirus|s__Canine_bocavirus|t__PRJNA193977	0.0	0.0	0.0	0.0	0.05501	0.0	0.0	0.0	0.0	0.0	0.0	0.0	0.0	0.0	0.0	0.0
k__Viruses|p__Viruses_noname|c__Viruses_noname|o__Viruses_noname|f__Retroviridae	0.0267	0.0	0.0	0.0	0.0	0.0	0.0	0.0	0.0078	0.0	0.02053	0.00873	0.0	0.00993	0.0	0.0
k__Viruses|p__Viruses_noname|c__Viruses_noname|o__Viruses_noname|f__Retroviridae|g__Gammaretrovirus	0.0267	0.0	0.0	0.0	0.0	0.0	0.0	0.0	0.0078	0.0	0.02053	0.00873	0.0	0.00993	0.0	0.0
k__Viruses|p__Viruses_noname|c__Viruses_noname|o__Viruses_noname|f__Retroviridae|g__Gammaretrovirus|s__Porcine_type_C_oncovirus	0.0267	0.0	0.0	0.0	0.0	0.0	0.0	0.0	0.0078	0.0	0.02053	0.00873	0.0	0.00993	0.0	0.0
k__Viruses|p__Viruses_noname|c__Viruses_noname|o__Viruses_noname|f__Retroviridae|g__Gammaretrovirus|s__Porcine_type_C_oncovirus|t__PRJNA14126	0.0267	0.0	0.0	0.0	0.0	0.0	0.0	0.0	0.0078	0.0	0.02053	0.00873	0.0	0.00993	0.0	0.0
