clade_name	NCBI_tax_id	reERR5004807_taxonomic_profile	reERR5004806_taxonomic_profile	reERR5004804_taxonomic_profile	reERR5004803_taxonomic_profile	reERR5004799_taxonomic_profile	reERR5004798_taxonomic_profile	reERR5004796_taxonomic_profile	reERR5004793_taxonomic_profile	reERR5004790_taxonomic_profile	reERR5004789_taxonomic_profile	reERR5004787_taxonomic_profile	reERR5004410_taxonomic_profile	reERR5004409_taxonomic_profile	reERR5004408_taxonomic_profile	reERR5004407_taxonomic_profile	reERR5004406_taxonomic_profile	reERR5004405_taxonomic_profile	reERR5004404_taxonomic_profile	reERR5004403_taxonomic_profile	reERR5004402_taxonomic_profile
UNCLASSIFIED	-1	97.76454	0	97.63225	85.66519	89.3354	96.81639	97.97659	98.98973000000001	97.3075	95.74946	91.72665	98.78488	99.41219	99.35275	99.41901	99.53096	98.40511	99.0135	98.67205	98.88165
k__Archaea	2157	2.2354566922091657	0	0	10.552839542015963	9.638019260077911	2.93766379780876	1.4937480206895173	0	0.8213819479749619	2.8451261242019337	7.518000303895169	0	0	0	0	0	0	0.03046574780671828	0	0.02912509085228002
k__Archaea|p__Euryarchaeota	2157|28890	2.2354566922091657	0	0	10.552839542015963	9.638019260077911	2.93766379780876	1.4937480206895173	0	0.8213819479749619	2.8451261242019337	7.518000303895169	0	0	0	0	0	0	0	0	0
k__Archaea|p__Euryarchaeota|c__Halobacteria	2157|28890|183963	2.2354566922091657	0	0	10.552839542015963	9.638019260077911	2.93766379780876	1.4937480206895173	0	0.8213819479749619	2.8451261242019337	7.518000303895169	0	0	0	0	0	0	0	0	0
k__Archaea|p__Euryarchaeota|c__Halobacteria|o__Haloferacales	2157|28890|183963|1644055	2.2354566922091657	0	0	9.739737497511573	8.097153392988597	2.8104113728144102	1.328083329443796	0	0.8213819479749619	2.8451261242019337	6.034385170149464	0	0	0	0	0	0	0	0	0
k__Archaea|p__Euryarchaeota|c__Halobacteria|o__Haloferacales|f__Haloferacaceae	2157|28890|183963|1644055|1644056	2.2354566922091657	0	0	1.4507001249298777	0.5894397801291302	0	0.3102711449410411	0	0.8213819479749619	0	0.7880328144601663	0	0	0	0	0	0	0	0	0
k__Archaea|p__Euryarchaeota|c__Halobacteria|o__Haloferacales|f__Haloferacaceae|g__Halogeometricum	2157|28890|183963|1644055|1644056|60846	2.2354566922091657	0	0	0	0	0	0	0	0.8213819479749619	0	0	0	0	0	0	0	0	0	0	0
k__Archaea|p__Euryarchaeota|c__Halobacteria|o__Haloferacales|f__Haloferacaceae|g__Halogeometricum|s__Halogeometricum_pallidum	2157|28890|183963|1644055|1644056|60846|411361	2.2354566922091657	0	0	0	0	0	0	0	0.8213819479749619	0	0	0	0	0	0	0	0	0	0	0
k__Archaea|p__Euryarchaeota|c__Halobacteria|o__Haloferacales|f__Haloferacaceae|g__Halogeometricum|s__Halogeometricum_pallidum|t__SGB247	2157|28890|183963|1644055|1644056|60846|411361|SGB247	2.2354566922091657	0	0	0	0	0	0	0	0.8213819479749619	0	0	0	0	0	0	0	0	0	0	0
UNCLASSIFIED	-1	0	100.0	0	0	0	0	0	0	0	0	0	0	0	0	0	0	0	0	0	0
k__Archaea|p__Euryarchaeota|c__Halobacteria|o__Halobacteriales	2157|28890|183963|2235	0	0	0	0.8131020445043884	1.5408658670893127	0.12725242499434972	0.16566469124572142	0	0	0	1.4836151337457055	0	0	0	0	0	0	0	0	0
k__Archaea|p__Euryarchaeota|c__Halobacteria|o__Halobacteriales|f__Haloarculaceae	2157|28890|183963|2235|1963268	0	0	0	0.8131020445043884	0.9909352220615	0	0.03527815780185594	0	0	0	0.959063541696058	0	0	0	0	0	0	0	0	0
k__Archaea|p__Euryarchaeota|c__Halobacteria|o__Halobacteriales|f__Haloarculaceae|g__Halapricum	2157|28890|183963|2235|1963268|1542963	0	0	0	0.09098591551241407	0.5822049170490606	0	0.03527815780185594	0	0	0	0.5586063352809153	0	0	0	0	0	0	0	0	0
k__Archaea|p__Euryarchaeota|c__Halobacteria|o__Halobacteriales|f__Haloarculaceae|g__Halapricum|s__Halapricum_salinum	2157|28890|183963|2235|1963268|1542963|1457250	0	0	0	0.08827233569666855	0.01821726579212097	0	0	0	0	0	0.04291301386382133	0	0	0	0	0	0	0	0	0
k__Archaea|p__Euryarchaeota|c__Halobacteria|o__Halobacteriales|f__Haloarculaceae|g__Halapricum|s__Halapricum_salinum|t__SGB33489	2157|28890|183963|2235|1963268|1542963|1457250|SGB33489	0	0	0	0.08827233569666855	0.01821726579212097	0	0	0	0	0	0.04291301386382133	0	0	0	0	0	0	0	0	0
k__Archaea|p__Euryarchaeota|c__Halobacteria|o__Halobacteriales|f__Haloarculaceae|g__Halapricum|s__Halapricum_sp_CBA1109	2157|28890|183963|2235|1963268|1542963|2668068	0	0	0	0.002713579815745523	0.5639876512569396	0	0.03527815780185594	0	0	0	0.5156941487516072	0	0	0	0	0	0	0	0	0
k__Archaea|p__Euryarchaeota|c__Halobacteria|o__Halobacteriales|f__Haloarculaceae|g__Halapricum|s__Halapricum_sp_CBA1109|t__SGB86077	2157|28890|183963|2235|1963268|1542963|2668068|SGB86077	0	0	0	0.002713579815745523	0.5639876512569396	0	0.03527815780185594	0	0	0	0.5156941487516072	0	0	0	0	0	0	0	0	0
k__Archaea|p__Euryarchaeota|c__Halobacteria|o__Halobacteriales|f__Haloarculaceae|g__Haloarcula	2157|28890|183963|2235|1963268|2237	0	0	0	0	0	0	0	0	0	0	0.00022255298404380152	0	0	0	0	0	0	0	0	0
k__Archaea|p__Euryarchaeota|c__Halobacteria|o__Halobacteriales|f__Haloarculaceae|g__Haloarcula|s__Haloarcula_sp_CBA1129	2157|28890|183963|2235|1963268|2237|1853684	0	0	0	0	0	0	0	0	0	0	0.00022255298404380152	0	0	0	0	0	0	0	0	0
k__Archaea|p__Euryarchaeota|c__Halobacteria|o__Halobacteriales|f__Haloarculaceae|g__Haloarcula|s__Haloarcula_sp_CBA1129|t__SGB86068	2157|28890|183963|2235|1963268|2237|1853684|SGB86068	0	0	0	0	0	0	0	0	0	0	0.00022255298404380152	0	0	0	0	0	0	0	0	0
k__Archaea|p__Euryarchaeota|c__Halobacteria|o__Halobacteriales|f__Haloarculaceae|g__Natronomonas	2157|28890|183963|2235|1963268|63743	0	0	0	0.7221161289919742	0.4087303050124394	0	0	0	0	0	0.4002346534310988	0	0	0	0	0	0	0	0	0
k__Archaea|p__Euryarchaeota|c__Halobacteria|o__Halobacteriales|f__Haloarculaceae|g__Natronomonas|s__Natronomonas_salsuginis	2157|28890|183963|2235|1963268|63743|2217661	0	0	0	0	0	0	0	0	0	0	0.02111771344876592	0	0	0	0	0	0	0	0	0
k__Archaea|p__Euryarchaeota|c__Halobacteria|o__Halobacteriales|f__Haloarculaceae|g__Natronomonas|s__Natronomonas_salsuginis|t__SGB54765	2157|28890|183963|2235|1963268|63743|2217661|SGB54765	0	0	0	0	0	0	0	0	0	0	0.02111771344876592	0	0	0	0	0	0	0	0	0
k__Archaea|p__Euryarchaeota|c__Halobacteria|o__Halobacteriales|f__Haloarculaceae|g__Natronomonas|s__Natronomonas_sp_CBA1123	2157|28890|183963|2235|1963268|63743|2668070	0	0	0	0.7221161289919742	0.4087303050124394	0	0	0	0	0	0.3661327521325803	0	0	0	0	0	0	0	0	0
k__Archaea|p__Euryarchaeota|c__Halobacteria|o__Halobacteriales|f__Haloarculaceae|g__Natronomonas|s__Natronomonas_sp_CBA1123|t__SGB86048	2157|28890|183963|2235|1963268|63743|2668070|SGB86048	0	0	0	0.7221161289919742	0.4087303050124394	0	0	0	0	0	0.3661327521325803	0	0	0	0	0	0	0	0	0
k__Archaea|p__Euryarchaeota|c__Halobacteria|o__Halobacteriales|f__Haloarculaceae|g__Natronomonas|s__Natronomonas_sp_CBA1133	2157|28890|183963|2235|1963268|63743|2487041	0	0	0	0	0	0	0	0	0	0	0.012983360515239316	0	0	0	0	0	0	0	0	0
k__Archaea|p__Euryarchaeota|c__Halobacteria|o__Halobacteriales|f__Haloarculaceae|g__Natronomonas|s__Natronomonas_sp_CBA1133|t__SGB33490	2157|28890|183963|2235|1963268|63743|2487041|SGB33490	0	0	0	0	0	0	0	0	0	0	0.012983360515239316	0	0	0	0	0	0	0	0	0
k__Archaea|p__Euryarchaeota|c__Halobacteria|o__Halobacteriales|f__Halobacteriaceae	2157|28890|183963|2235|2236	0	0	0	0	0.5499306450278127	0.12725242499434972	0.13038633110283995	0	0	0	0.5245524193841611	0	0	0	0	0	0	0	0	0
k__Archaea|p__Euryarchaeota|c__Halobacteria|o__Halobacteriales|f__Halobacteriaceae|g__Haloarchaeobius	2157|28890|183963|2235|2236|1269031	0	0	0	0	0	0	0.012067214080797731	0	0	0	0.013429293817840094	0	0	0	0	0	0	0	0	0
k__Archaea|p__Euryarchaeota|c__Halobacteria|o__Halobacteriales|f__Halobacteriaceae|g__Haloarchaeobius|s__Haloarchaeobius_iranensis	2157|28890|183963|2235|2236|1269031|996166	0	0	0	0	0	0	0.012067214080797731	0	0	0	0.013429293817840094	0	0	0	0	0	0	0	0	0
k__Archaea|p__Euryarchaeota|c__Halobacteria|o__Halobacteriales|f__Halobacteriaceae|g__Haloarchaeobius|s__Haloarchaeobius_iranensis|t__SGB290	2157|28890|183963|2235|2236|1269031|996166|SGB290	0	0	0	0	0	0	0.012067214080797731	0	0	0	0.013429293817840094	0	0	0	0	0	0	0	0	0
k__Archaea|p__Euryarchaeota|c__Halobacteria|o__Halobacteriales|f__Halobacteriaceae|g__Halobacteriaceae_unclassified	2157|28890|183963|2235|2236|93814534	0	0	0	0	0	0	0	0	0	0	0.002552326973141738	0	0	0	0	0	0	0	0	0
k__Archaea|p__Euryarchaeota|c__Halobacteria|o__Halobacteriales|f__Halobacteriaceae|g__Halobacteriaceae_unclassified|s__Halobacteriaceae_archaeon_SHR40	2157|28890|183963|2235|2236|93814534|2500550	0	0	0	0	0	0	0	0	0	0	0.002552326973141738	0	0	0	0	0	0	0	0	0
k__Archaea|p__Euryarchaeota|c__Halobacteria|o__Halobacteriales|f__Halobacteriaceae|g__Halobacteriaceae_unclassified|s__Halobacteriaceae_archaeon_SHR40|t__SGB33542	2157|28890|183963|2235|2236|93814534|2500550|SGB33542	0	0	0	0	0	0	0	0	0	0	0.002552326973141738	0	0	0	0	0	0	0	0	0
k__Archaea|p__Euryarchaeota|c__Halobacteria|o__Halobacteriales|f__Halobacteriaceae|g__Halobacterium	2157|28890|183963|2235|2236|2239	0	0	0	0	0	0	0	0	0	0	0.0008844205945829881	0	0	0	0	0	0	0	0	0
k__Archaea|p__Euryarchaeota|c__Halobacteria|o__Halobacteriales|f__Halobacteriaceae|g__Halobacterium|s__Halobacterium_jilantaiense	2157|28890|183963|2235|2236|2239|355548	0	0	0	0	0	0	0	0	0	0	0.0008844205945829881	0	0	0	0	0	0	0	0	0
k__Archaea|p__Euryarchaeota|c__Halobacteria|o__Halobacteriales|f__Halobacteriaceae|g__Halobacterium|s__Halobacterium_jilantaiense|t__SGB259	2157|28890|183963|2235|2236|2239|355548|SGB259	0	0	0	0	0	0	0	0	0	0	0.0008844205945829881	0	0	0	0	0	0	0	0	0
k__Archaea|p__Euryarchaeota|c__Halobacteria|o__Halobacteriales|f__Halobacteriaceae|g__Salinirussus	2157|28890|183963|2235|2236|2036001	0	0	0	0	0.5499306450278127	0.12725242499434972	0.11831911702204223	0	0	0	0.5076863779985962	0	0	0	0	0	0	0	0	0
k__Archaea|p__Euryarchaeota|c__Halobacteria|o__Halobacteriales|f__Halobacteriaceae|g__Salinirussus|s__Salinirussus_salinus	2157|28890|183963|2235|2236|2036001|1198300	0	0	0	0	0.5499306450278127	0.12725242499434972	0.11831911702204223	0	0	0	0.5076863779985962	0	0	0	0	0	0	0	0	0
k__Archaea|p__Euryarchaeota|c__Halobacteria|o__Halobacteriales|f__Halobacteriaceae|g__Salinirussus|s__Salinirussus_salinus|t__SGB86059	2157|28890|183963|2235|2236|2036001|1198300|SGB86059	0	0	0	0	0.5499306450278127	0.12725242499434972	0.11831911702204223	0	0	0	0.5076863779985962	0	0	0	0	0	0	0	0	0
k__Archaea|p__Euryarchaeota|c__Halobacteria|o__Haloferacales|f__Haloferacaceae|g__Halobellus	2157|28890|183963|1644055|1644056|1073986	0	0	0	0.005196369166443487	0	0	0	0	0	0	0.03063702435734577	0	0	0	0	0	0	0	0	0
k__Archaea|p__Euryarchaeota|c__Halobacteria|o__Haloferacales|f__Haloferacaceae|g__Halobellus|s__Halobellus_limi	2157|28890|183963|1644055|1644056|1073986|699433	0	0	0	0.005196369166443487	0	0	0	0	0	0	0.02451392162534512	0	0	0	0	0	0	0	0	0
k__Archaea|p__Euryarchaeota|c__Halobacteria|o__Haloferacales|f__Haloferacaceae|g__Halobellus|s__Halobellus_limi|t__SGB262	2157|28890|183963|1644055|1644056|1073986|699433|SGB262	0	0	0	0.005196369166443487	0	0	0	0	0	0	0.02451392162534512	0	0	0	0	0	0	0	0	0
k__Archaea|p__Euryarchaeota|c__Halobacteria|o__Haloferacales|f__Haloferacaceae|g__Halobellus|s__Halobellus_salinus	2157|28890|183963|1644055|1644056|1073986|931585	0	0	0	0	0	0	0	0	0	0	0.003284518017300713	0	0	0	0	0	0	0	0	0
k__Archaea|p__Euryarchaeota|c__Halobacteria|o__Haloferacales|f__Haloferacaceae|g__Halobellus|s__Halobellus_salinus|t__SGB86011	2157|28890|183963|1644055|1644056|1073986|931585|SGB86011	0	0	0	0	0	0	0	0	0	0	0.003284518017300713	0	0	0	0	0	0	0	0	0
k__Archaea|p__Euryarchaeota|c__Halobacteria|o__Haloferacales|f__Haloferacaceae|g__Halobellus|s__Halobellus_sp_MBLA0160	2157|28890|183963|1644055|1644056|1073986|2761102	0	0	0	0	0	0	0	0	0	0	0.002837757380186762	0	0	0	0	0	0	0	0	0
k__Archaea|p__Euryarchaeota|c__Halobacteria|o__Haloferacales|f__Haloferacaceae|g__Halobellus|s__Halobellus_sp_MBLA0160|t__SGB86012	2157|28890|183963|1644055|1644056|1073986|2761102|SGB86012	0	0	0	0	0	0	0	0	0	0	0.002837757380186762	0	0	0	0	0	0	0	0	0
k__Archaea|p__Euryarchaeota|c__Halobacteria|o__Haloferacales|f__Haloferacaceae|g__Halogranum	2157|28890|183963|1644055|1644056|695982	0	0	0	1.3834956616854075	0	0	0	0	0	0	0	0	0	0	0	0	0	0	0	0
k__Archaea|p__Euryarchaeota|c__Halobacteria|o__Haloferacales|f__Haloferacaceae|g__Halogranum|s__Halogranum_gelatinilyticum	2157|28890|183963|1644055|1644056|695982|660521	0	0	0	1.3834956616854075	0	0	0	0	0	0	0	0	0	0	0	0	0	0	0	0
k__Archaea|p__Euryarchaeota|c__Halobacteria|o__Haloferacales|f__Haloferacaceae|g__Halogranum|s__Halogranum_gelatinilyticum|t__SGB251	2157|28890|183963|1644055|1644056|695982|660521|SGB251	0	0	0	1.3834956616854075	0	0	0	0	0	0	0	0	0	0	0	0	0	0	0	0
k__Archaea|p__Euryarchaeota|c__Halobacteria|o__Haloferacales|f__Haloferacaceae|g__Haloplanus	2157|28890|183963|1644055|1644056|376170	0	0	0	0.062008094078026474	0.5894397801291302	0	0.3102711449410411	0	0	0	0.7573957901028205	0	0	0	0	0	0	0	0	0
k__Archaea|p__Euryarchaeota|c__Halobacteria|o__Haloferacales|f__Haloferacaceae|g__Haloplanus|s__Haloplanus_aerogenes	2157|28890|183963|1644055|1644056|376170|660522	0	0	0	0	0	0	0	0	0	0	0.0011524769768513586	0	0	0	0	0	0	0	0	0
k__Archaea|p__Euryarchaeota|c__Halobacteria|o__Haloferacales|f__Haloferacaceae|g__Haloplanus|s__Haloplanus_aerogenes|t__SGB33528	2157|28890|183963|1644055|1644056|376170|660522|SGB33528	0	0	0	0	0	0	0	0	0	0	0.0011524769768513586	0	0	0	0	0	0	0	0	0
k__Archaea|p__Euryarchaeota|c__Halobacteria|o__Haloferacales|f__Haloferacaceae|g__Haloplanus|s__Haloplanus_natans	2157|28890|183963|1644055|1644056|376170|376171	0	0	0	0.0050659223818513895	0.0542785364568428	0	0	0	0	0	0.08421189809244023	0	0	0	0	0	0	0	0	0
k__Archaea|p__Euryarchaeota|c__Halobacteria|o__Haloferacales|f__Haloferacaceae|g__Haloplanus|s__Haloplanus_natans|t__SGB33529	2157|28890|183963|1644055|1644056|376170|376171|SGB33529	0	0	0	0.0050659223818513895	0.0542785364568428	0	0	0	0	0	0.08421189809244023	0	0	0	0	0	0	0	0	0
k__Archaea|p__Euryarchaeota|c__Halobacteria|o__Haloferacales|f__Haloferacaceae|g__Haloplanus|s__Haloplanus_rallus	2157|28890|183963|1644055|1644056|376170|1816183	0	0	0	0	0	0	0	0	0	0	0.0009266146547548613	0	0	0	0	0	0	0	0	0
k__Archaea|p__Euryarchaeota|c__Halobacteria|o__Haloferacales|f__Haloferacaceae|g__Haloplanus|s__Haloplanus_rallus|t__SGB86008	2157|28890|183963|1644055|1644056|376170|1816183|SGB86008	0	0	0	0	0	0	0	0	0	0	0.0009266146547548613	0	0	0	0	0	0	0	0	0
k__Archaea|p__Euryarchaeota|c__Halobacteria|o__Haloferacales|f__Haloferacaceae|g__Haloplanus|s__Haloplanus_rubicundus	2157|28890|183963|1644055|1644056|376170|1547898	0	0	0	0.056943605177324434	0.5351612436722875	0	0.3102711449410411	0	0	0	0.665022237037919	0	0	0	0	0	0	0	0	0
k__Archaea|p__Euryarchaeota|c__Halobacteria|o__Haloferacales|f__Haloferacaceae|g__Haloplanus|s__Haloplanus_rubicundus|t__SGB23427	2157|28890|183963|1644055|1644056|376170|1547898|SGB23427	0	0	0	0.056943605177324434	0.5351612436722875	0	0.3102711449410411	0	0	0	0.665022237037919	0	0	0	0	0	0	0	0	0
k__Archaea|p__Euryarchaeota|c__Halobacteria|o__Haloferacales|f__Haloferacaceae|g__Haloplanus|s__Haloplanus_salinus	2157|28890|183963|1644055|1644056|376170|1126245	0	0	0	0	0	0	0	0	0	0	0.006082563340855125	0	0	0	0	0	0	0	0	0
k__Archaea|p__Euryarchaeota|c__Halobacteria|o__Haloferacales|f__Haloferacaceae|g__Haloplanus|s__Haloplanus_salinus|t__SGB23428	2157|28890|183963|1644055|1644056|376170|1126245|SGB23428	0	0	0	0	0	0	0	0	0	0	0.006082563340855125	0	0	0	0	0	0	0	0	0
k__Archaea|p__Euryarchaeota|c__Halobacteria|o__Haloferacales|f__Halorubraceae	2157|28890|183963|1644055|1963271	0	0	0	8.289035939100545	7.507713612859467	2.8104113728144102	1.0178121845027548	0	0	2.8451261242019337	5.2463523556892975	0	0	0	0	0	0	0	0	0
k__Archaea|p__Euryarchaeota|c__Halobacteria|o__Haloferacales|f__Halorubraceae|g__Halohasta	2157|28890|183963|1644055|1963271|1450140	0	0	0	0.10257561060501977	0	0	0	0	0	0	0	0	0	0	0	0	0	0	0	0
k__Archaea|p__Euryarchaeota|c__Halobacteria|o__Haloferacales|f__Halorubraceae|g__Halohasta|s__Halohasta_SGB85995	2157|28890|183963|1644055|1963271|1450140|89766464	0	0	0	0.10257561060501977	0	0	0	0	0	0	0	0	0	0	0	0	0	0	0	0
k__Archaea|p__Euryarchaeota|c__Halobacteria|o__Haloferacales|f__Halorubraceae|g__Halohasta|s__Halohasta_SGB85995|t__SGB85995	2157|28890|183963|1644055|1963271|1450140|89766464|SGB85995	0	0	0	0.10257561060501977	0	0	0	0	0	0	0	0	0	0	0	0	0	0	0	0
k__Archaea|p__Euryarchaeota|c__Halobacteria|o__Haloferacales|f__Halorubraceae|g__Halolamina	2157|28890|183963|1644055|1963271|1075397	0	0	0	0	0.03354122622807613	0	0	0	0	0	0.05947211414499861	0	0	0	0	0	0	0	0	0
k__Archaea|p__Euryarchaeota|c__Halobacteria|o__Haloferacales|f__Halorubraceae|g__Halolamina|s__Halolamina_sediminis	2157|28890|183963|1644055|1963271|1075397|1480675	0	0	0	0	0.03354122622807613	0	0	0	0	0	0.05947211414499861	0	0	0	0	0	0	0	0	0
k__Archaea|p__Euryarchaeota|c__Halobacteria|o__Haloferacales|f__Halorubraceae|g__Halolamina|s__Halolamina_sediminis|t__SGB33503	2157|28890|183963|1644055|1963271|1075397|1480675|SGB33503	0	0	0	0	0.03354122622807613	0	0	0	0	0	0.05947211414499861	0	0	0	0	0	0	0	0	0
k__Archaea|p__Euryarchaeota|c__Halobacteria|o__Haloferacales|f__Halorubraceae|g__Halonotius	2157|28890|183963|1644055|1963271|869896	0	0	0	2.491100674401975	0.6524056978728608	0	0	0	0	0.4479928413208532	0.38833427379360425	0	0	0	0	0	0	0	0	0
k__Archaea|p__Euryarchaeota|c__Halobacteria|o__Haloferacales|f__Halorubraceae|g__Halonotius|s__Halonotius_roseus	2157|28890|183963|1644055|1963271|869896|2511997	0	0	0	2.491100674401975	0.6524056978728608	0	0	0	0	0.4479928413208532	0.3860988159390081	0	0	0	0	0	0	0	0	0
k__Archaea|p__Euryarchaeota|c__Halobacteria|o__Haloferacales|f__Halorubraceae|g__Halonotius|s__Halonotius_roseus|t__SGB85996	2157|28890|183963|1644055|1963271|869896|2511997|SGB85996	0	0	0	2.491100674401975	0.6524056978728608	0	0	0	0	0.4479928413208532	0.3860988159390081	0	0	0	0	0	0	0	0	0
k__Archaea|p__Euryarchaeota|c__Halobacteria|o__Haloferacales|f__Halorubraceae|g__Halonotius|s__Halonotius_sp_F13_13	2157|28890|183963|1644055|1963271|869896|2216978	0	0	0	0	0	0	0	0	0	0	0.0017158917803228413	0	0	0	0	0	0	0	0	0
k__Archaea|p__Euryarchaeota|c__Halobacteria|o__Haloferacales|f__Halorubraceae|g__Halonotius|s__Halonotius_sp_F13_13|t__SGB33460	2157|28890|183963|1644055|1963271|869896|2216978|SGB33460	0	0	0	0	0	0	0	0	0	0	0.0017158917803228413	0	0	0	0	0	0	0	0	0
k__Archaea|p__Euryarchaeota|c__Halobacteria|o__Haloferacales|f__Halorubraceae|g__Halonotius|s__Halonotius_terrestris	2157|28890|183963|1644055|1963271|869896|2487750	0	0	0	0	0	0	0	0	0	0	0.0005203934087864353	0	0	0	0	0	0	0	0	0
k__Archaea|p__Euryarchaeota|c__Halobacteria|o__Haloferacales|f__Halorubraceae|g__Halonotius|s__Halonotius_terrestris|t__SGB85997	2157|28890|183963|1644055|1963271|869896|2487750|SGB85997	0	0	0	0	0	0	0	0	0	0	0.0005203934087864353	0	0	0	0	0	0	0	0	0
k__Archaea|p__Euryarchaeota|c__Halobacteria|o__Haloferacales|f__Halorubraceae|g__Halorubrum	2157|28890|183963|1644055|1963271|56688	0	0	0	2.514558159930163	6.067903340661255	2.8104113728144102	1.0178121845027548	0	0	1.6431295131294514	4.074528988581879	0	0	0	0	0	0	0	0	0
k__Archaea|p__Euryarchaeota|c__Halobacteria|o__Haloferacales|f__Halorubraceae|g__Halorubrum|s__Halorubrum_aethiopicum	2157|28890|183963|1644055|1963271|56688|1758255	0	0	0	0	0	0	0	0	0	0	0.025746650049974357	0	0	0	0	0	0	0	0	0
k__Archaea|p__Euryarchaeota|c__Halobacteria|o__Haloferacales|f__Halorubraceae|g__Halorubrum|s__Halorubrum_aethiopicum|t__SGB33512	2157|28890|183963|1644055|1963271|56688|1758255|SGB33512	0	0	0	0	0	0	0	0	0	0	0.025746650049974357	0	0	0	0	0	0	0	0	0
k__Archaea|p__Euryarchaeota|c__Halobacteria|o__Haloferacales|f__Halorubraceae|g__Halorubrum|s__Halorubrum_aquaticum	2157|28890|183963|1644055|1963271|56688|387340	0	0	0	0	0	0	0	0	0	0	0.0036510272066367882	0	0	0	0	0	0	0	0	0
k__Archaea|p__Euryarchaeota|c__Halobacteria|o__Haloferacales|f__Halorubraceae|g__Halorubrum|s__Halorubrum_aquaticum|t__SGB86023	2157|28890|183963|1644055|1963271|56688|387340|SGB86023	0	0	0	0	0	0	0	0	0	0	0.0036510272066367882	0	0	0	0	0	0	0	0	0
k__Archaea|p__Euryarchaeota|c__Halobacteria|o__Haloferacales|f__Halorubraceae|g__Halorubrum|s__Halorubrum_cibi	2157|28890|183963|1644055|1963271|56688|413815	0	0	0	0	0	0	0	0	0	0	0.006074289995723384	0	0	0	0	0	0	0	0	0
k__Archaea|p__Euryarchaeota|c__Halobacteria|o__Haloferacales|f__Halorubraceae|g__Halorubrum|s__Halorubrum_cibi|t__SGB86022	2157|28890|183963|1644055|1963271|56688|413815|SGB86022	0	0	0	0	0	0	0	0	0	0	0.006074289995723384	0	0	0	0	0	0	0	0	0
k__Archaea|p__Euryarchaeota|c__Halobacteria|o__Haloferacales|f__Halorubraceae|g__Halorubrum|s__Halorubrum_depositum	2157|28890|183963|1644055|1963271|56688|2583992	0	0	0	0.12855028903149038	0.14099024744067207	0	0	0	0	0	0.09774212672088756	0	0	0	0	0	0	0	0	0
k__Archaea|p__Euryarchaeota|c__Halobacteria|o__Haloferacales|f__Halorubraceae|g__Halorubrum|s__Halorubrum_depositum|t__SGB86017	2157|28890|183963|1644055|1963271|56688|2583992|SGB86017	0	0	0	0.12855028903149038	0.14099024744067207	0	0	0	0	0	0.09774212672088756	0	0	0	0	0	0	0	0	0
k__Archaea|p__Euryarchaeota|c__Halobacteria|o__Haloferacales|f__Halorubraceae|g__Halorubrum|s__Halorubrum_ezzemoulense	2157|28890|183963|1644055|1963271|56688|337243	0	0	0	2.3483589219917844	4.405094197624496	2.8104113728144102	0.7630296260169839	0	0	1.6431295131294514	2.519092945747539	0	0	0	0	0	0	0	0	0
k__Archaea|p__Euryarchaeota|c__Halobacteria|o__Haloferacales|f__Halorubraceae|g__Halorubrum|s__Halorubrum_ezzemoulense|t__SGB272_group	2157|28890|183963|1644055|1963271|56688|337243|SGB272_group	0	0	0	2.3483589219917844	4.405094197624496	2.8104113728144102	0.7630296260169839	0	0	1.6431295131294514	2.519092945747539	0	0	0	0	0	0	0	0	0
k__Archaea|p__Euryarchaeota|c__Halobacteria|o__Haloferacales|f__Halorubraceae|g__Halorubrum|s__Halorubrum_halodurans	2157|28890|183963|1644055|1963271|56688|1383851	0	0	0	0	0	0	0	0	0	0	0.008393308636150058	0	0	0	0	0	0	0	0	0
k__Archaea|p__Euryarchaeota|c__Halobacteria|o__Haloferacales|f__Halorubraceae|g__Halorubrum|s__Halorubrum_halodurans|t__SGB287	2157|28890|183963|1644055|1963271|56688|1383851|SGB287	0	0	0	0	0	0	0	0	0	0	0.008393308636150058	0	0	0	0	0	0	0	0	0
k__Archaea|p__Euryarchaeota|c__Halobacteria|o__Haloferacales|f__Halorubraceae|g__Halorubrum|s__Halorubrum_kocurii	2157|28890|183963|1644055|1963271|56688|478441	0	0	0	0	0	0	0	0	0	0	0.0016794890617431856	0	0	0	0	0	0	0	0	0
k__Archaea|p__Euryarchaeota|c__Halobacteria|o__Haloferacales|f__Halorubraceae|g__Halorubrum|s__Halorubrum_kocurii|t__SGB279	2157|28890|183963|1644055|1963271|56688|478441|SGB279	0	0	0	0	0	0	0	0	0	0	0.0016794890617431856	0	0	0	0	0	0	0	0	0
k__Archaea|p__Euryarchaeota|c__Halobacteria|o__Haloferacales|f__Halorubraceae|g__Halorubrum|s__Halorubrum_saccharovorum	2157|28890|183963|1644055|1963271|56688|2248	0	0	0	0	0	0	0	0	0	0	0.001477619440528734	0	0	0	0	0	0	0	0	0
k__Archaea|p__Euryarchaeota|c__Halobacteria|o__Haloferacales|f__Halorubraceae|g__Halorubrum|s__Halorubrum_saccharovorum|t__SGB281	2157|28890|183963|1644055|1963271|56688|2248|SGB281	0	0	0	0	0	0	0	0	0	0	0.001477619440528734	0	0	0	0	0	0	0	0	0
k__Archaea|p__Euryarchaeota|c__Halobacteria|o__Haloferacales|f__Halorubraceae|g__Halorubrum|s__Halorubrum_salsamenti	2157|28890|183963|1644055|1963271|56688|2583990	0	0	0	0	0	0	0	0	0	0	0.014826661810590953	0	0	0	0	0	0	0	0	0
k__Archaea|p__Euryarchaeota|c__Halobacteria|o__Haloferacales|f__Halorubraceae|g__Halorubrum|s__Halorubrum_salsamenti|t__SGB86018	2157|28890|183963|1644055|1963271|56688|2583990|SGB86018	0	0	0	0	0	0	0	0	0	0	0.014826661810590953	0	0	0	0	0	0	0	0	0
k__Archaea|p__Euryarchaeota|c__Halobacteria|o__Haloferacales|f__Halorubraceae|g__Halorubrum|s__Halorubrum_sp_BV1	2157|28890|183963|1644055|1963271|56688|1498500	0	0	0	0	0.02178457372296306	0	0	0	0	0	0.02575988740218514	0	0	0	0	0	0	0	0	0
k__Archaea|p__Euryarchaeota|c__Halobacteria|o__Haloferacales|f__Halorubraceae|g__Halorubrum|s__Halorubrum_sp_BV1|t__SGB33526	2157|28890|183963|1644055|1963271|56688|1498500|SGB33526	0	0	0	0	0.02178457372296306	0	0	0	0	0	0.02575988740218514	0	0	0	0	0	0	0	0	0
k__Archaea|p__Euryarchaeota|c__Halobacteria|o__Haloferacales|f__Halorubraceae|g__Halorubrum|s__Halorubrum_sp_CBA1125	2157|28890|183963|1644055|1963271|56688|2668072	0	0	0	0	0.024911433768771432	0	0	0	0	0	0.09240416444188901	0	0	0	0	0	0	0	0	0
k__Archaea|p__Euryarchaeota|c__Halobacteria|o__Haloferacales|f__Halorubraceae|g__Halorubrum|s__Halorubrum_sp_CBA1125|t__SGB86021	2157|28890|183963|1644055|1963271|56688|2668072|SGB86021	0	0	0	0	0.024911433768771432	0	0	0	0	0	0.09240416444188901	0	0	0	0	0	0	0	0	0
k__Archaea|p__Euryarchaeota|c__Halobacteria|o__Haloferacales|f__Halorubraceae|g__Halorubrum|s__Halorubrum_sp_CBA1229	2157|28890|183963|1644055|1963271|56688|1853699	0	0	0	0.03764894890688875	1.3490374824100029	0	0.2547825584857709	0	0	0	1.1601910438521927	0	0	0	0	0	0	0	0	0
k__Archaea|p__Euryarchaeota|c__Halobacteria|o__Haloferacales|f__Halorubraceae|g__Halorubrum|s__Halorubrum_sp_CBA1229|t__SGB33520	2157|28890|183963|1644055|1963271|56688|1853699|SGB33520	0	0	0	0.03764894890688875	1.3490374824100029	0	0.2547825584857709	0	0	0	1.1601910438521927	0	0	0	0	0	0	0	0	0
k__Archaea|p__Euryarchaeota|c__Halobacteria|o__Haloferacales|f__Halorubraceae|g__Halorubrum|s__Halorubrum_sp_SD626R	2157|28890|183963|1644055|1963271|56688|1419722	0	0	0	0	0.12608647215411953	0	0	0	0	0	0.11748894688132418	0	0	0	0	0	0	0	0	0
k__Archaea|p__Euryarchaeota|c__Halobacteria|o__Haloferacales|f__Halorubraceae|g__Halorubrum|s__Halorubrum_sp_SD626R|t__SGB33519	2157|28890|183963|1644055|1963271|56688|1419722|SGB33519	0	0	0	0	0.12608647215411953	0	0	0	0	0	0.11748894688132418	0	0	0	0	0	0	0	0	0
k__Archaea|p__Euryarchaeota|c__Halobacteria|o__Haloferacales|f__Halorubraceae|g__Salinigranum	2157|28890|183963|1644055|1963271|1644057	0	0	0	3.180801494163388	0.7538622816375041	0	0	0	0	0.7540041948051805	0.7240169791688162	0	0	0	0	0	0	0	0	0
k__Archaea|p__Euryarchaeota|c__Halobacteria|o__Haloferacales|f__Halorubraceae|g__Salinigranum|s__Salinigranum_halophilum	2157|28890|183963|1644055|1963271|1644057|2565931	0	0	0	2.7418939354077554	0.7027106052264697	0	0	0	0	0	0.6000640677360636	0	0	0	0	0	0	0	0	0
k__Archaea|p__Euryarchaeota|c__Halobacteria|o__Haloferacales|f__Halorubraceae|g__Salinigranum|s__Salinigranum_halophilum|t__SGB86009	2157|28890|183963|1644055|1963271|1644057|2565931|SGB86009	0	0	0	2.7418939354077554	0.7027106052264697	0	0	0	0	0	0.6000640677360636	0	0	0	0	0	0	0	0	0
k__Archaea|p__Euryarchaeota|c__Halobacteria|o__Haloferacales|f__Halorubraceae|g__Salinigranum|s__Salinigranum_rubrum	2157|28890|183963|1644055|1963271|1644057|755307	0	0	0	0.4272877605588898	0.03309437958442206	0	0	0	0	0.7540041948051805	0.08838249137335026	0	0	0	0	0	0	0	0	0
k__Archaea|p__Euryarchaeota|c__Halobacteria|o__Haloferacales|f__Halorubraceae|g__Salinigranum|s__Salinigranum_rubrum|t__SGB253	2157|28890|183963|1644055|1963271|1644057|755307|SGB253	0	0	0	0.4272877605588898	0.03309437958442206	0	0	0	0	0.7540041948051805	0.08838249137335026	0	0	0	0	0	0	0	0	0
k__Archaea|p__Euryarchaeota|c__Halobacteria|o__Haloferacales|f__Halorubraceae|g__Salinigranum|s__Salinigranum_salinum	2157|28890|183963|1644055|1963271|1644057|1364937	0	0	0	0.01161979819674232	0.018057296826612352	0	0	0	0	0	0.03557042005940223	0	0	0	0	0	0	0	0	0
k__Archaea|p__Euryarchaeota|c__Halobacteria|o__Haloferacales|f__Halorubraceae|g__Salinigranum|s__Salinigranum_salinum|t__SGB86010	2157|28890|183963|1644055|1963271|1644057|1364937|SGB86010	0	0	0	0.01161979819674232	0.018057296826612352	0	0	0	0	0	0.03557042005940223	0	0	0	0	0	0	0	0	0
k__Archaea|p__Thaumarchaeota	2157|651137	0	0	0	0	0	0	0	0	0	0	0	0	0	0	0	0	0	0.03046574780671828	0	0.02912509085228002
k__Archaea|p__Thaumarchaeota|c__Thaumarchaeota_unclassified	2157|651137|72384459	0	0	0	0	0	0	0	0	0	0	0	0	0	0	0	0	0	0.03046574780671828	0	0.02912509085228002
k__Archaea|p__Thaumarchaeota|c__Thaumarchaeota_unclassified|o__Nitrosopumilales	2157|651137|72384459|31932	0	0	0	0	0	0	0	0	0	0	0	0	0	0	0	0	0	0.03046574780671828	0	0.02912509085228002
k__Archaea|p__Thaumarchaeota|c__Thaumarchaeota_unclassified|o__Nitrosopumilales|f__Nitrosopumilaceae	2157|651137|72384459|31932|338190	0	0	0	0	0	0	0	0	0	0	0	0	0	0	0	0	0	0.03046574780671828	0	0.02912509085228002
k__Archaea|p__Thaumarchaeota|c__Thaumarchaeota_unclassified|o__Nitrosopumilales|f__Nitrosopumilaceae|g__Nitrosopumilus	2157|651137|72384459|31932|338190|338191	0	0	0	0	0	0	0	0	0	0	0	0	0	0	0	0	0	0.03046574780671828	0	0.02912509085228002
k__Archaea|p__Thaumarchaeota|c__Thaumarchaeota_unclassified|o__Nitrosopumilales|f__Nitrosopumilaceae|g__Nitrosopumilus|s__Candidatus_Nitrosopumilus_salaria	2157|651137|72384459|31932|338190|338191|1170320	0	0	0	0	0	0	0	0	0	0	0	0	0	0	0	0	0	0	0	0.02912509085228002
k__Archaea|p__Thaumarchaeota|c__Thaumarchaeota_unclassified|o__Nitrosopumilales|f__Nitrosopumilaceae|g__Nitrosopumilus|s__Candidatus_Nitrosopumilus_salaria|t__SGB560	2157|651137|72384459|31932|338190|338191|1170320|SGB560	0	0	0	0	0	0	0	0	0	0	0	0	0	0	0	0	0	0	0	0.02912509085228002
k__Archaea|p__Thaumarchaeota|c__Thaumarchaeota_unclassified|o__Nitrosopumilales|f__Nitrosopumilaceae|g__Nitrosopumilus|s__Nitrosopumilus_oxyclinae	2157|651137|72384459|31932|338190|338191|1959104	0	0	0	0	0	0	0	0	0	0	0	0	0	0	0	0	0	0.03046574780671828	0	0
k__Archaea|p__Thaumarchaeota|c__Thaumarchaeota_unclassified|o__Nitrosopumilales|f__Nitrosopumilaceae|g__Nitrosopumilus|s__Nitrosopumilus_oxyclinae|t__SGB74767	2157|651137|72384459|31932|338190|338191|1959104|SGB74767	0	0	0	0	0	0	0	0	0	0	0	0	0	0	0	0	0	0.03046574780671828	0	0
k__Bacteria	2	0	0	2.3677543537327934	3.781971951621246	1.0265784404963594	0.24594698584117006	0.5296622346506569	1.0102725677357738	1.8711192287498368	1.4054093884592955	0.7553448278446623	1.215120979161008	0.5878121990309185	0.6472537527483784	0.580994148737597	0.4690425137959867	1.5948888284106084	0.9560362891564348	1.3279509097760194	1.0892211385483277
k__Bacteria|p__Bacteroidetes	2|976	0	0	0	0	0	0	0	0	0	0	0.0141159814637745	0.12707407117401448	0	0	0	0	0.4957432817569404	0.20583572166663955	0.2366739180997401	0.41419484740185775
k__Bacteria|p__Bacteroidetes|c__Bacteroidetes_unclassified	2|976|86385771	0	0	0	0	0	0	0	0	0	0	0.0141159814637745	0	0	0	0	0	0	0	0	0
k__Bacteria|p__Bacteroidetes|c__Bacteroidetes_unclassified|o__Bacteroidetes_Order_II_Incertae_sedis	2|976|86385771|1100069	0	0	0	0	0	0	0	0	0	0	0.0141159814637745	0	0	0	0	0	0	0	0	0
k__Bacteria|p__Bacteroidetes|c__Bacteroidetes_unclassified|o__Bacteroidetes_Order_II_Incertae_sedis|f__Rhodothermaceae	2|976|86385771|1100069|563843	0	0	0	0	0	0	0	0	0	0	0.0141159814637745	0	0	0	0	0	0	0	0	0
k__Bacteria|p__Bacteroidetes|c__Bacteroidetes_unclassified|o__Bacteroidetes_Order_II_Incertae_sedis|f__Rhodothermaceae|g__Salinibacter	2|976|86385771|1100069|563843|146918	0	0	0	0	0	0	0	0	0	0	0.0141159814637745	0	0	0	0	0	0	0	0	0
k__Bacteria|p__Bacteroidetes|c__Bacteroidetes_unclassified|o__Bacteroidetes_Order_II_Incertae_sedis|f__Rhodothermaceae|g__Salinibacter|s__Salinibacter_sp_10B	2|976|86385771|1100069|563843|146918|1923971	0	0	0	0	0	0	0	0	0	0	0.0141159814637745	0	0	0	0	0	0	0	0	0
k__Bacteria|p__Bacteroidetes|c__Bacteroidetes_unclassified|o__Bacteroidetes_Order_II_Incertae_sedis|f__Rhodothermaceae|g__Salinibacter|s__Salinibacter_sp_10B|t__SGB33662	2|976|86385771|1100069|563843|146918|1923971|SGB33662	0	0	0	0	0	0	0	0	0	0	0.0141159814637745	0	0	0	0	0	0	0	0	0
k__Bacteria|p__Bacteroidetes|c__Cytophagia	2|976|768503	0	0	0	0	0	0	0	0	0	0	0	0.012146592331889269	0	0	0	0	0	0	0	0
k__Bacteria|p__Bacteroidetes|c__Cytophagia|o__Cytophagales	2|976|768503|768507	0	0	0	0	0	0	0	0	0	0	0	0.012146592331889269	0	0	0	0	0	0	0	0
k__Bacteria|p__Bacteroidetes|c__Cytophagia|o__Cytophagales|f__Cyclobacteriaceae	2|976|768503|768507|563798	0	0	0	0	0	0	0	0	0	0	0	0.012146592331889269	0	0	0	0	0	0	0	0
k__Bacteria|p__Bacteroidetes|c__Cytophagia|o__Cytophagales|f__Cyclobacteriaceae|g__Algoriphagus	2|976|768503|768507|563798|246875	0	0	0	0	0	0	0	0	0	0	0	0.012146592331889269	0	0	0	0	0	0	0	0
k__Bacteria|p__Bacteroidetes|c__Cytophagia|o__Cytophagales|f__Cyclobacteriaceae|g__Algoriphagus|s__Algoriphagus_iocasae	2|976|768503|768507|563798|246875|1836499	0	0	0	0	0	0	0	0	0	0	0	0.012146592331889269	0	0	0	0	0	0	0	0
k__Bacteria|p__Bacteroidetes|c__Cytophagia|o__Cytophagales|f__Cyclobacteriaceae|g__Algoriphagus|s__Algoriphagus_iocasae|t__SGB78508	2|976|768503|768507|563798|246875|1836499|SGB78508	0	0	0	0	0	0	0	0	0	0	0	0.012146592331889269	0	0	0	0	0	0	0	0
k__Bacteria|p__Bacteroidetes|c__Flavobacteriia	2|976|117743	0	0	0	0	0	0	0	0	0	0	0	0.1149274788421252	0	0	0	0	0.4957432817569404	0.20583572166663955	0.2366739180997401	0.41419484740185775
k__Bacteria|p__Bacteroidetes|c__Flavobacteriia|o__Flavobacteriales	2|976|117743|200644	0	0	0	0	0	0	0	0	0	0	0	0.1149274788421252	0	0	0	0	0.4957432817569404	0.20583572166663955	0.2366739180997401	0.41419484740185775
k__Bacteria|p__Bacteroidetes|c__Flavobacteriia|o__Flavobacteriales|f__Flavobacteriaceae	2|976|117743|200644|49546	0	0	0	0	0	0	0	0	0	0	0	0.1149274788421252	0	0	0	0	0.4957432817569404	0.20583572166663955	0.2366739180997401	0.41419484740185775
k__Bacteria|p__Bacteroidetes|c__Flavobacteriia|o__Flavobacteriales|f__Flavobacteriaceae|g__Flavobacterium	2|976|117743|200644|49546|237	0	0	0	0	0	0	0	0	0	0	0	0	0	0	0	0	0	0	0	0.06426453589165358
k__Bacteria|p__Bacteroidetes|c__Flavobacteriia|o__Flavobacteriales|f__Flavobacteriaceae|g__Flavobacterium|s__Flavobacterium_degerlachei	2|976|117743|200644|49546|237|229203	0	0	0	0	0	0	0	0	0	0	0	0	0	0	0	0	0	0	0	0.06426453589165358
k__Bacteria|p__Bacteroidetes|c__Flavobacteriia|o__Flavobacteriales|f__Flavobacteriaceae|g__Flavobacterium|s__Flavobacterium_degerlachei|t__SGB2954	2|976|117743|200644|49546|237|229203|SGB2954	0	0	0	0	0	0	0	0	0	0	0	0	0	0	0	0	0	0	0	0.06426453589165358
k__Bacteria|p__Bacteroidetes|c__Flavobacteriia|o__Flavobacteriales|f__Flavobacteriaceae|g__Gillisia	2|976|117743|200644|49546|244698	0	0	0	0	0	0	0	0	0	0	0	0	0	0	0	0	0.037270319075596144	0	0	0.002068493185899364
k__Bacteria|p__Bacteroidetes|c__Flavobacteriia|o__Flavobacteriales|f__Flavobacteriaceae|g__Gillisia|s__Gillisia_sp_Hel1_33_143	2|976|117743|200644|49546|244698|1336796	0	0	0	0	0	0	0	0	0	0	0	0	0	0	0	0	0.037270319075596144	0	0	0.002068493185899364
k__Bacteria|p__Bacteroidetes|c__Flavobacteriia|o__Flavobacteriales|f__Flavobacteriaceae|g__Gillisia|s__Gillisia_sp_Hel1_33_143|t__SGB2748	2|976|117743|200644|49546|244698|1336796|SGB2748	0	0	0	0	0	0	0	0	0	0	0	0	0	0	0	0	0.037270319075596144	0	0	0.002068493185899364
k__Bacteria|p__Bacteroidetes|c__Flavobacteriia|o__Flavobacteriales|f__Flavobacteriaceae|g__Maribacter	2|976|117743|200644|49546|252356	0	0	0	0	0	0	0	0	0	0	0	0	0	0	0	0	0.29224009242934923	0.10127873837380363	0.16546069143172734	0.3109105405586794
k__Bacteria|p__Bacteroidetes|c__Flavobacteriia|o__Flavobacteriales|f__Flavobacteriaceae|g__Maribacter|s__Maribacter_arcticus	2|976|117743|200644|49546|252356|561365	0	0	0	0	0	0	0	0	0	0	0	0	0	0	0	0	0.05209050453583605	0.007994316556938306	0.02763930626062318	0.08157586451503733
k__Bacteria|p__Bacteroidetes|c__Flavobacteriia|o__Flavobacteriales|f__Flavobacteriaceae|g__Maribacter|s__Maribacter_arcticus|t__SGB2789	2|976|117743|200644|49546|252356|561365|SGB2789	0	0	0	0	0	0	0	0	0	0	0	0	0	0	0	0	0.05209050453583605	0.007994316556938306	0.02763930626062318	0.08157586451503733
k__Bacteria|p__Bacteroidetes|c__Flavobacteriia|o__Flavobacteriales|f__Flavobacteriaceae|g__Maribacter|s__Maribacter_orientalis	2|976|117743|200644|49546|252356|228957	0	0	0	0	0	0	0	0	0	0	0	0	0	0	0	0	0.2401494284046303	0.09328442181686536	0.1378212523760132	0.229334676043642
k__Bacteria|p__Bacteroidetes|c__Flavobacteriia|o__Flavobacteriales|f__Flavobacteriaceae|g__Maribacter|s__Maribacter_orientalis|t__SGB2788	2|976|117743|200644|49546|252356|228957|SGB2788	0	0	0	0	0	0	0	0	0	0	0	0	0	0	0	0	0.2401494284046303	0.09328442181686536	0.1378212523760132	0.229334676043642
k__Bacteria|p__Bacteroidetes|c__Flavobacteriia|o__Flavobacteriales|f__Flavobacteriaceae|g__Pareuzebyella	2|976|117743|200644|49546|2797878	0	0	0	0	0	0	0	0	0	0	0	0.1149274788421252	0	0	0	0	0.0803032904660055	0.1045569832928359	0.05166220380865332	0.027209140092070903
k__Bacteria|p__Bacteroidetes|c__Flavobacteriia|o__Flavobacteriales|f__Flavobacteriaceae|g__Pareuzebyella|s__Pareuzebyella_sediminis	2|976|117743|200644|49546|2797878|2607998	0	0	0	0	0	0	0	0	0	0	0	0.1149274788421252	0	0	0	0	0.0803032904660055	0.1045569832928359	0.05166220380865332	0.027209140092070903
k__Bacteria|p__Bacteroidetes|c__Flavobacteriia|o__Flavobacteriales|f__Flavobacteriaceae|g__Pareuzebyella|s__Pareuzebyella_sediminis|t__SGB79211	2|976|117743|200644|49546|2797878|2607998|SGB79211	0	0	0	0	0	0	0	0	0	0	0	0.1149274788421252	0	0	0	0	0.0803032904660055	0.1045569832928359	0.05166220380865332	0.027209140092070903
k__Bacteria|p__Bacteroidetes|c__Flavobacteriia|o__Flavobacteriales|f__Flavobacteriaceae|g__Winogradskyella	2|976|117743|200644|49546|286104	0	0	0	0	0	0	0	0	0	0	0	0	0	0	0	0	0.01038543758396136	0	0	0
k__Bacteria|p__Bacteroidetes|c__Flavobacteriia|o__Flavobacteriales|f__Flavobacteriaceae|g__Winogradskyella|s__Winogradskyella_aurantia	2|976|117743|200644|49546|286104|1915063	0	0	0	0	0	0	0	0	0	0	0	0	0	0	0	0	0.01038543758396136	0	0	0
k__Bacteria|p__Bacteroidetes|c__Flavobacteriia|o__Flavobacteriales|f__Flavobacteriaceae|g__Winogradskyella|s__Winogradskyella_aurantia|t__SGB2854	2|976|117743|200644|49546|286104|1915063|SGB2854	0	0	0	0	0	0	0	0	0	0	0	0	0	0	0	0	0.01038543758396136	0	0	0
k__Bacteria|p__Bacteroidetes|c__Flavobacteriia|o__Flavobacteriales|f__Flavobacteriaceae|g__Yeosuana	2|976|117743|200644|49546|288018	0	0	0	0	0	0	0	0	0	0	0	0	0	0	0	0	0.07554414220202825	0	0.01955115565445038	0.009742137673554571
k__Bacteria|p__Bacteroidetes|c__Flavobacteriia|o__Flavobacteriales|f__Flavobacteriaceae|g__Yeosuana|s__Yeosuana_marina	2|976|117743|200644|49546|288018|1565536	0	0	0	0	0	0	0	0	0	0	0	0	0	0	0	0	0.07554414220202825	0	0.01955115565445038	0.009742137673554571
k__Bacteria|p__Bacteroidetes|c__Flavobacteriia|o__Flavobacteriales|f__Flavobacteriaceae|g__Yeosuana|s__Yeosuana_marina|t__SGB79151	2|976|117743|200644|49546|288018|1565536|SGB79151	0	0	0	0	0	0	0	0	0	0	0	0	0	0	0	0	0.07554414220202825	0	0.01955115565445038	0.009742137673554571
k__Bacteria|p__Balneolaeota	2|1936987	0	0	0	0	0	0	0	0	0	0	0.005158430689639785	0	0	0	0	0	0	0	0	0
k__Bacteria|p__Balneolaeota|c__Balneolia	2|1936987|1853221	0	0	0	0	0	0	0	0	0	0	0.005158430689639785	0	0	0	0	0	0	0	0	0
k__Bacteria|p__Balneolaeota|c__Balneolia|o__Balneolales	2|1936987|1853221|1853223	0	0	0	0	0	0	0	0	0	0	0.005158430689639785	0	0	0	0	0	0	0	0	0
k__Bacteria|p__Balneolaeota|c__Balneolia|o__Balneolales|f__Balneolaceae	2|1936987|1853221|1853223|1813606	0	0	0	0	0	0	0	0	0	0	0.005158430689639785	0	0	0	0	0	0	0	0	0
k__Bacteria|p__Balneolaeota|c__Balneolia|o__Balneolales|f__Balneolaceae|g__Aliifodinibius	2|1936987|1853221|1853223|1813606|1397107	0	0	0	0	0	0	0	0	0	0	0.005158430689639785	0	0	0	0	0	0	0	0	0
k__Bacteria|p__Balneolaeota|c__Balneolia|o__Balneolales|f__Balneolaceae|g__Aliifodinibius|s__Aliifodinibius_sp_WN023	2|1936987|1853221|1853223|1813606|1397107|2032627	0	0	0	0	0	0	0	0	0	0	0.005158430689639785	0	0	0	0	0	0	0	0	0
k__Bacteria|p__Balneolaeota|c__Balneolia|o__Balneolales|f__Balneolaceae|g__Aliifodinibius|s__Aliifodinibius_sp_WN023|t__SGB8443	2|1936987|1853221|1853223|1813606|1397107|2032627|SGB8443	0	0	0	0	0	0	0	0	0	0	0.005158430689639785	0	0	0	0	0	0	0	0	0
k__Bacteria|p__Chlorobi	2|1090	0	0	0	0	0	0	0	0	0	0	0	0.1859331947714966	0	0	0	0	0.014997537097959156	0	0	0
k__Bacteria|p__Chlorobi|c__Chlorobia	2|1090|191410	0	0	0	0	0	0	0	0	0	0	0	0.1859331947714966	0	0	0	0	0.014997537097959156	0	0	0
k__Bacteria|p__Chlorobi|c__Chlorobia|o__Chlorobiales	2|1090|191410|191411	0	0	0	0	0	0	0	0	0	0	0	0.1859331947714966	0	0	0	0	0.014997537097959156	0	0	0
k__Bacteria|p__Chlorobi|c__Chlorobia|o__Chlorobiales|f__Chlorobiaceae	2|1090|191410|191411|191412	0	0	0	0	0	0	0	0	0	0	0	0.1859331947714966	0	0	0	0	0.014997537097959156	0	0	0
k__Bacteria|p__Chlorobi|c__Chlorobia|o__Chlorobiales|f__Chlorobiaceae|g__Chlorobium	2|1090|191410|191411|191412|1091	0	0	0	0	0	0	0	0	0	0	0	0.1859331947714966	0	0	0	0	0.014997537097959156	0	0	0
k__Bacteria|p__Chlorobi|c__Chlorobia|o__Chlorobiales|f__Chlorobiaceae|g__Chlorobium|s__Chlorobium_phaeobacteroides	2|1090|191410|191411|191412|1091|1096	0	0	0	0	0	0	0	0	0	0	0	0.1859331947714966	0	0	0	0	0.014997537097959156	0	0	0
k__Bacteria|p__Chlorobi|c__Chlorobia|o__Chlorobiales|f__Chlorobiaceae|g__Chlorobium|s__Chlorobium_phaeobacteroides|t__SGB8448	2|1090|191410|191411|191412|1091|1096|SGB8448	0	0	0	0	0	0	0	0	0	0	0	0.1859331947714966	0	0	0	0	0.014997537097959156	0	0	0
k__Bacteria|p__Cyanobacteria	2|1117	0	0	0	0	0	0	0.0029912073804693787	0	0	0.012465545497981588	0	0.2710242285550087	0.5878121990309185	0.4029623222575645	0.4725005795894654	0.13853297286443192	0.21321845462585445	0.07034627645339811	0.36260031579161656	0.31905512064353514
k__Bacteria|p__Cyanobacteria|c__Cyanobacteria_unclassified	2|1117|7116683	0	0	0	0	0	0	0.0029912073804693787	0	0	0.012465545497981588	0	0.2710242285550087	0.5878121990309185	0.4029623222575645	0.4725005795894654	0.13853297286443192	0.21321845462585445	0.07034627645339811	0.36260031579161656	0.31905512064353514
k__Bacteria|p__Cyanobacteria|c__Cyanobacteria_unclassified|o__Oscillatoriales	2|1117|7116683|1150	0	0	0	0	0	0	0.0029912073804693787	0	0	0.012465545497981588	0	0	0	0	0	0	0.00262789832257216	0	0	0
k__Bacteria|p__Cyanobacteria|c__Cyanobacteria_unclassified|o__Oscillatoriales|f__Coleofasciculaceae	2|1117|7116683|1150|1892251	0	0	0	0	0	0	0.0029912073804693787	0	0	0.012465545497981588	0	0	0	0	0	0	0.00262789832257216	0	0	0
k__Bacteria|p__Cyanobacteria|c__Cyanobacteria_unclassified|o__Oscillatoriales|f__Coleofasciculaceae|g__Coleofasciculus	2|1117|7116683|1150|1892251|669368	0	0	0	0	0	0	0.0029912073804693787	0	0	0.012465545497981588	0	0	0	0	0	0	0.00262789832257216	0	0	0
k__Bacteria|p__Cyanobacteria|c__Cyanobacteria_unclassified|o__Oscillatoriales|f__Coleofasciculaceae|g__Coleofasciculus|s__Coleofasciculus_chthonoplastes	2|1117|7116683|1150|1892251|669368|64178	0	0	0	0	0	0	0.0029912073804693787	0	0	0.012465545497981588	0	0	0	0	0	0	0.00262789832257216	0	0	0
k__Bacteria|p__Cyanobacteria|c__Cyanobacteria_unclassified|o__Oscillatoriales|f__Coleofasciculaceae|g__Coleofasciculus|s__Coleofasciculus_chthonoplastes|t__SGB13409	2|1117|7116683|1150|1892251|669368|64178|SGB13409	0	0	0	0	0	0	0.0029912073804693787	0	0	0.012465545497981588	0	0	0	0	0	0	0.00262789832257216	0	0	0
k__Bacteria|p__Cyanobacteria|c__Cyanobacteria_unclassified|o__Synechococcales	2|1117|7116683|1890424	0	0	0	0	0	0	0	0	0	0	0	0.2710242285550087	0.5878121990309185	0.4029623222575645	0.4725005795894654	0.13853297286443192	0.21059071579216515	0.07034627645339811	0.36260031579161656	0.31905512064353514
k__Bacteria|p__Cyanobacteria|c__Cyanobacteria_unclassified|o__Synechococcales|f__Prochloraceae	2|1117|7116683|1890424|1213	0	0	0	0	0	0	0	0	0	0	0	0.2710242285550087	0.5878121990309185	0.4029623222575645	0.4725005795894654	0.13853297286443192	0.21059071579216515	0.07034627645339811	0.36260031579161656	0.31905512064353514
k__Bacteria|p__Cyanobacteria|c__Cyanobacteria_unclassified|o__Synechococcales|f__Prochloraceae|g__GGB35649	2|1117|7116683|1890424|1213|52965374	0	0	0	0	0	0	0	0	0	0	0	0.2710242285550087	0.5878121990309185	0.4029623222575645	0.4725005795894654	0.13853297286443192	0.21059071579216515	0.07034627645339811	0.36260031579161656	0.31905512064353514
k__Bacteria|p__Cyanobacteria|c__Cyanobacteria_unclassified|o__Synechococcales|f__Prochloraceae|g__GGB35649|s__GGB35649_SGB85284	2|1117|7116683|1890424|1213|52965374|12366666	0	0	0	0	0	0	0	0	0	0	0	0.2710242285550087	0.5878121990309185	0.4029623222575645	0.4725005795894654	0.13853297286443192	0.21059071579216515	0.07034627645339811	0.36260031579161656	0.31905512064353514
k__Bacteria|p__Cyanobacteria|c__Cyanobacteria_unclassified|o__Synechococcales|f__Prochloraceae|g__GGB35649|s__GGB35649_SGB85284|t__SGB85284	2|1117|7116683|1890424|1213|52965374|12366666|SGB85284	0	0	0	0	0	0	0	0	0	0	0	0.2710242285550087	0.5878121990309185	0.4029623222575645	0.4725005795894654	0.13853297286443192	0.21059071579216515	0.07034627645339811	0.36260031579161656	0.31905512064353514
k__Bacteria|p__Firmicutes	2|1239	0	0	0	0	0	0	0	0	0	0	0	0.020896070942338103	0	0	0	0	0	0	0	0
k__Bacteria|p__Firmicutes|c__Bacilli	2|1239|91061	0	0	0	0	0	0	0	0	0	0	0	0.020896070942338103	0	0	0	0	0	0	0	0
k__Bacteria|p__Firmicutes|c__Bacilli|o__Bacillales	2|1239|91061|1385	0	0	0	0	0	0	0	0	0	0	0	0.020896070942338103	0	0	0	0	0	0	0	0
k__Bacteria|p__Firmicutes|c__Bacilli|o__Bacillales|f__Bacillaceae	2|1239|91061|1385|186817	0	0	0	0	0	0	0	0	0	0	0	0.020896070942338103	0	0	0	0	0	0	0	0
k__Bacteria|p__Firmicutes|c__Bacilli|o__Bacillales|f__Bacillaceae|g__Oceanobacillus	2|1239|91061|1385|186817|182709	0	0	0	0	0	0	0	0	0	0	0	0.020896070942338103	0	0	0	0	0	0	0	0
k__Bacteria|p__Firmicutes|c__Bacilli|o__Bacillales|f__Bacillaceae|g__Oceanobacillus|s__Oceanobacillus_indicireducens	2|1239|91061|1385|186817|182709|1004261	0	0	0	0	0	0	0	0	0	0	0	0.020896070942338103	0	0	0	0	0	0	0	0
k__Bacteria|p__Firmicutes|c__Bacilli|o__Bacillales|f__Bacillaceae|g__Oceanobacillus|s__Oceanobacillus_indicireducens|t__SGB82744	2|1239|91061|1385|186817|182709|1004261|SGB82744	0	0	0	0	0	0	0	0	0	0	0	0.020896070942338103	0	0	0	0	0	0	0	0
k__Bacteria|p__Planctomycetes	2|203682	0	0	0	0	0	0	0	0	0	0	0	0	0	0.025410923431400237	0.023271372031195208	0.1716013612678252	0	0	0.004476256926673006	0
k__Bacteria|p__Planctomycetes|c__CFGB2397	2|203682|95488745	0	0	0	0	0	0	0	0	0	0	0	0	0	0	0	0	0	0	0.0009802933615966577	0
k__Bacteria|p__Planctomycetes|c__CFGB2397|o__OFGB2397	2|203682|95488745|82169006	0	0	0	0	0	0	0	0	0	0	0	0	0	0	0	0	0	0	0.0009802933615966577	0
k__Bacteria|p__Planctomycetes|c__CFGB2397|o__OFGB2397|f__FGB2397	2|203682|95488745|82169006|81986863	0	0	0	0	0	0	0	0	0	0	0	0	0	0	0	0	0	0	0.0009802933615966577	0
k__Bacteria|p__Planctomycetes|c__CFGB2397|o__OFGB2397|f__FGB2397|g__GGB45719	2|203682|95488745|82169006|81986863|8715122	0	0	0	0	0	0	0	0	0	0	0	0	0	0	0	0	0	0	0.0009802933615966577	0
k__Bacteria|p__Planctomycetes|c__CFGB2397|o__OFGB2397|f__FGB2397|g__GGB45719|s__GGB45719_SGB63439	2|203682|95488745|82169006|81986863|8715122|7337108	0	0	0	0	0	0	0	0	0	0	0	0	0	0	0	0	0	0	0.0009802933615966577	0
k__Bacteria|p__Planctomycetes|c__CFGB2397|o__OFGB2397|f__FGB2397|g__GGB45719|s__GGB45719_SGB63439|t__SGB63439	2|203682|95488745|82169006|81986863|8715122|7337108|SGB63439	0	0	0	0	0	0	0	0	0	0	0	0	0	0	0	0	0	0	0.0009802933615966577	0
k__Bacteria|p__Planctomycetes|c__Planctomycetia	2|203682|203683	0	0	0	0	0	0	0	0	0	0	0	0	0	0.025410923431400237	0.023271372031195208	0.1716013612678252	0	0	0.0034959635650763485	0
k__Bacteria|p__Planctomycetes|c__Planctomycetia|o__Pirellulales	2|203682|203683|2691354	0	0	0	0	0	0	0	0	0	0	0	0	0	0.025410923431400237	0.023271372031195208	0.1716013612678252	0	0	0.0034959635650763485	0
k__Bacteria|p__Planctomycetes|c__Planctomycetia|o__Pirellulales|f__Lacipirellulaceae	2|203682|203683|2691354|2691359	0	0	0	0	0	0	0	0	0	0	0	0	0	0.025410923431400237	0.023271372031195208	0.1716013612678252	0	0	0.0034959635650763485	0
k__Bacteria|p__Planctomycetes|c__Planctomycetia|o__Pirellulales|f__Lacipirellulaceae|g__Bythopirellula	2|203682|203683|2691354|2691359|1400386	0	0	0	0	0	0	0	0	0	0	0	0	0	0.025410923431400237	0.023271372031195208	0.1716013612678252	0	0	0.0034959635650763485	0
k__Bacteria|p__Planctomycetes|c__Planctomycetia|o__Pirellulales|f__Lacipirellulaceae|g__Bythopirellula|s__Bythopirellula_goksoyri	2|203682|203683|2691354|2691359|1400386|1400387	0	0	0	0	0	0	0	0	0	0	0	0	0	0	0.023271372031195208	0	0	0	0	0
k__Bacteria|p__Planctomycetes|c__Planctomycetia|o__Pirellulales|f__Lacipirellulaceae|g__Bythopirellula|s__Bythopirellula_goksoyri|t__SGB85130	2|203682|203683|2691354|2691359|1400386|1400387|SGB85130	0	0	0	0	0	0	0	0	0	0	0	0	0	0	0.023271372031195208	0	0	0	0	0
k__Bacteria|p__Planctomycetes|c__Planctomycetia|o__Pirellulales|f__Lacipirellulaceae|g__Bythopirellula|s__Bythopirellula_polymerisocia	2|203682|203683|2691354|2691359|1400386|2528003	0	0	0	0	0	0	0	0	0	0	0	0	0	0.025410923431400237	0	0.1716013612678252	0	0	0.0034959635650763485	0
k__Bacteria|p__Planctomycetes|c__Planctomycetia|o__Pirellulales|f__Lacipirellulaceae|g__Bythopirellula|s__Bythopirellula_polymerisocia|t__SGB85131	2|203682|203683|2691354|2691359|1400386|2528003|SGB85131	0	0	0	0	0	0	0	0	0	0	0	0	0	0.025410923431400237	0	0.1716013612678252	0	0	0.0034959635650763485	0
k__Bacteria|p__Proteobacteria	2|1224	0	0	2.3677543537327934	3.781971951621246	0.9466451478110149	0.24594698584117006	0.5178003967107762	1.0102725677357738	1.5876998236348423	1.3929434179077629	0.6764708920312206	0.6101934137181501	0	0.2188805070594136	0.08522219711693645	0.15890817966372958	0.8709293954409715	0.6798542910363973	0.7242004189579897	0.3559711705029345
k__Bacteria|p__Proteobacteria|c__Alphaproteobacteria	2|1224|28211	0	0	2.3677543537327934	0.4673922626746386	0.10346259459212126	0	0	0	1.2656169093724332	0.4884783419718488	0.1040811637608266	0.29938235743037456	0	0	0.08522219711693645	0.15890817966372958	0.5132913650692938	0.6798542910363973	0.6903582539978028	0.2625398294446443
k__Bacteria|p__Proteobacteria|c__Alphaproteobacteria|o__Hyphomonadales	2|1224|28211|2800060	0	0	0	0	0	0	0	0	0	0	0	0.029939973366037657	0	0	0	0	0	0	0	0
k__Bacteria|p__Proteobacteria|c__Alphaproteobacteria|o__Hyphomonadales|f__Hyphomonadaceae	2|1224|28211|2800060|69657	0	0	0	0	0	0	0	0	0	0	0	0.029939973366037657	0	0	0	0	0	0	0	0
k__Bacteria|p__Proteobacteria|c__Alphaproteobacteria|o__Hyphomonadales|f__Hyphomonadaceae|g__Hyphomonas	2|1224|28211|2800060|69657|85	0	0	0	0	0	0	0	0	0	0	0	0.029939973366037657	0	0	0	0	0	0	0	0
k__Bacteria|p__Proteobacteria|c__Alphaproteobacteria|o__Hyphomonadales|f__Hyphomonadaceae|g__Hyphomonas|s__Hyphomonas_oceanitis	2|1224|28211|2800060|69657|85|81033	0	0	0	0	0	0	0	0	0	0	0	0.029939973366037657	0	0	0	0	0	0	0	0
k__Bacteria|p__Proteobacteria|c__Alphaproteobacteria|o__Hyphomonadales|f__Hyphomonadaceae|g__Hyphomonas|s__Hyphomonas_oceanitis|t__SGB10525	2|1224|28211|2800060|69657|85|81033|SGB10525	0	0	0	0	0	0	0	0	0	0	0	0.029939973366037657	0	0	0	0	0	0	0	0
k__Bacteria|p__Proteobacteria|c__Alphaproteobacteria|o__Parvularculales	2|1224|28211|255473	0	0	0	0	0	0	0	0	0.058882308233794624	0	0	0	0	0	0	0	0	0	0	0
k__Bacteria|p__Proteobacteria|c__Alphaproteobacteria|o__Parvularculales|f__Parvularculaceae	2|1224|28211|255473|255474	0	0	0	0	0	0	0	0	0.058882308233794624	0	0	0	0	0	0	0	0	0	0	0
k__Bacteria|p__Proteobacteria|c__Alphaproteobacteria|o__Parvularculales|f__Parvularculaceae|g__Parvularcula	2|1224|28211|255473|255474|208215	0	0	0	0	0	0	0	0	0.058882308233794624	0	0	0	0	0	0	0	0	0	0	0
k__Bacteria|p__Proteobacteria|c__Alphaproteobacteria|o__Parvularculales|f__Parvularculaceae|g__Parvularcula|s__Parvularcula_oceani	2|1224|28211|255473|255474|208215|1247963	0	0	0	0	0	0	0	0	0.058882308233794624	0	0	0	0	0	0	0	0	0	0	0
k__Bacteria|p__Proteobacteria|c__Alphaproteobacteria|o__Parvularculales|f__Parvularculaceae|g__Parvularcula|s__Parvularcula_oceani|t__SGB31805	2|1224|28211|255473|255474|208215|1247963|SGB31805	0	0	0	0	0	0	0	0	0.058882308233794624	0	0	0	0	0	0	0	0	0	0	0
k__Bacteria|p__Proteobacteria|c__Alphaproteobacteria|o__Rhizobiales	2|1224|28211|356	0	0	0.14704914736313976	0	0	0	0	0	0.16278054364125116	0	0	0.1219062831617406	0	0	0.07247634748193102	0.15890817966372958	0.020360829250138348	0.028083345387452264	0.02390019488396684	0.02472875998988329
k__Bacteria|p__Proteobacteria|c__Alphaproteobacteria|o__Rhizobiales|f__Phyllobacteriaceae	2|1224|28211|356|69277	0	0	0	0	0	0	0	0	0	0	0	0.1219062831617406	0	0	0.05082176596784281	0.15890817966372958	0.020360829250138348	0.028083345387452264	0.02390019488396684	0.02472875998988329
k__Bacteria|p__Proteobacteria|c__Alphaproteobacteria|o__Rhizobiales|f__Phyllobacteriaceae|g__Oricola	2|1224|28211|356|69277|1594166	0	0	0	0	0	0	0	0	0	0	0	0.1219062831617406	0	0	0.05082176596784281	0.15890817966372958	0.020360829250138348	0.028083345387452264	0.02390019488396684	0.02472875998988329
k__Bacteria|p__Proteobacteria|c__Alphaproteobacteria|o__Rhizobiales|f__Phyllobacteriaceae|g__Oricola|s__Oricola_sp_NBU1457	2|1224|28211|356|69277|1594166|2775868	0	0	0	0	0	0	0	0	0	0	0	0.1219062831617406	0	0	0.05082176596784281	0.15890817966372958	0.020360829250138348	0.028083345387452264	0.02390019488396684	0.02472875998988329
k__Bacteria|p__Proteobacteria|c__Alphaproteobacteria|o__Rhizobiales|f__Phyllobacteriaceae|g__Oricola|s__Oricola_sp_NBU1457|t__SGB89563	2|1224|28211|356|69277|1594166|2775868|SGB89563	0	0	0	0	0	0	0	0	0	0	0	0.1219062831617406	0	0	0.05082176596784281	0.15890817966372958	0.020360829250138348	0.028083345387452264	0.02390019488396684	0.02472875998988329
k__Bacteria|p__Proteobacteria|c__Alphaproteobacteria|o__Rhizobiales|f__Rhizobiales_unclassified	2|1224|28211|356|22914953	0	0	0.14704914736313976	0	0	0	0	0	0.16278054364125116	0	0	0	0	0	0.021654581514088226	0	0	0	0	0
k__Bacteria|p__Proteobacteria|c__Alphaproteobacteria|o__Rhizobiales|f__Rhizobiales_unclassified|g__Methyloceanibacter	2|1224|28211|356|22914953|1484898	0	0	0.14704914736313976	0	0	0	0	0	0.16278054364125116	0	0	0	0	0	0.021654581514088226	0	0	0	0	0
k__Bacteria|p__Proteobacteria|c__Alphaproteobacteria|o__Rhizobiales|f__Rhizobiales_unclassified|g__Methyloceanibacter|s__Methyloceanibacter_marginalis	2|1224|28211|356|22914953|1484898|1774971	0	0	0.14704914736313976	0	0	0	0	0	0.16278054364125116	0	0	0	0	0	0	0	0	0	0	0
k__Bacteria|p__Proteobacteria|c__Alphaproteobacteria|o__Rhizobiales|f__Rhizobiales_unclassified|g__Methyloceanibacter|s__Methyloceanibacter_marginalis|t__SGB10926	2|1224|28211|356|22914953|1484898|1774971|SGB10926	0	0	0.14704914736313976	0	0	0	0	0	0.16278054364125116	0	0	0	0	0	0	0	0	0	0	0
k__Bacteria|p__Proteobacteria|c__Alphaproteobacteria|o__Rhizobiales|f__Rhizobiales_unclassified|g__Methyloceanibacter|s__Methyloceanibacter_superfactus	2|1224|28211|356|22914953|1484898|1774969	0	0	0	0	0	0	0	0	0	0	0	0	0	0	0.021654581514088226	0	0	0	0	0
k__Bacteria|p__Proteobacteria|c__Alphaproteobacteria|o__Rhizobiales|f__Rhizobiales_unclassified|g__Methyloceanibacter|s__Methyloceanibacter_superfactus|t__SGB10927	2|1224|28211|356|22914953|1484898|1774969|SGB10927	0	0	0	0	0	0	0	0	0	0	0	0	0	0	0.021654581514088226	0	0	0	0	0
k__Bacteria|p__Proteobacteria|c__Alphaproteobacteria|o__Rhodobacterales	2|1224|28211|204455	0	0	1.9833922907580768	0.4673922626746386	0.10346259459212126	0	0	0	0.6131517152204785	0.3711295575382976	0.09301721931615094	0.13412104378056086	0	0	0.0020487015672785145	0	0.4513516245736081	0.651770945648945	0.6598342399758732	0.20732606958752986
k__Bacteria|p__Proteobacteria|c__Alphaproteobacteria|o__Rhodobacterales|f__Rhodobacteraceae	2|1224|28211|204455|31989	0	0	1.9833922907580768	0.4673922626746386	0.10346259459212126	0	0	0	0.6131517152204785	0.3711295575382976	0.09301721931615094	0.13412104378056086	0	0	0.0020487015672785145	0	0.4513516245736081	0.651770945648945	0.6598342399758732	0.20732606958752986
k__Bacteria|p__Proteobacteria|c__Alphaproteobacteria|o__Rhodobacterales|f__Rhodobacteraceae|g__Loktanella	2|1224|28211|204455|31989|245186	0	0	0	0	0	0	0	0	0	0	0	0.03308033202458136	0	0	0	0	0	0	0	0.015751347467992855
k__Bacteria|p__Proteobacteria|c__Alphaproteobacteria|o__Rhodobacterales|f__Rhodobacteraceae|g__Loktanella|s__Loktanella_atrilutea	2|1224|28211|204455|31989|245186|366533	0	0	0	0	0	0	0	0	0	0	0	0.03308033202458136	0	0	0	0	0	0	0	0
k__Bacteria|p__Proteobacteria|c__Alphaproteobacteria|o__Rhodobacterales|f__Rhodobacteraceae|g__Loktanella|s__Loktanella_atrilutea|t__SGB10552	2|1224|28211|204455|31989|245186|366533|SGB10552	0	0	0	0	0	0	0	0	0	0	0	0.03308033202458136	0	0	0	0	0	0	0	0
k__Bacteria|p__Proteobacteria|c__Alphaproteobacteria|o__Rhodobacterales|f__Rhodobacteraceae|g__Loktanella|s__Loktanella_salsilacus	2|1224|28211|204455|31989|245186|195913	0	0	0	0	0	0	0	0	0	0	0	0	0	0	0	0	0	0	0	0.015751347467992855
k__Bacteria|p__Proteobacteria|c__Alphaproteobacteria|o__Rhodobacterales|f__Rhodobacteraceae|g__Loktanella|s__Loktanella_salsilacus|t__SGB10553	2|1224|28211|204455|31989|245186|195913|SGB10553	0	0	0	0	0	0	0	0	0	0	0	0	0	0	0	0	0	0	0	0.015751347467992855
k__Bacteria|p__Proteobacteria|c__Alphaproteobacteria|o__Rhodobacterales|f__Rhodobacteraceae|g__Maribius	2|1224|28211|204455|31989|387095	0	0	0	0	0	0	0	0	0	0	0.0009563986972291246	0	0	0	0	0	0	0	0	0
k__Bacteria|p__Proteobacteria|c__Alphaproteobacteria|o__Rhodobacterales|f__Rhodobacteraceae|g__Maribius|s__Maribius_pelagius	2|1224|28211|204455|31989|387095|387096	0	0	0	0	0	0	0	0	0	0	0.0009563986972291246	0	0	0	0	0	0	0	0	0
k__Bacteria|p__Proteobacteria|c__Alphaproteobacteria|o__Rhodobacterales|f__Rhodobacteraceae|g__Maribius|s__Maribius_pelagius|t__SGB10814	2|1224|28211|204455|31989|387095|387096|SGB10814	0	0	0	0	0	0	0	0	0	0	0.0009563986972291246	0	0	0	0	0	0	0	0	0
k__Bacteria|p__Proteobacteria|c__Alphaproteobacteria|o__Rhodobacterales|f__Rhodobacteraceae|g__Rhodophyticola	2|1224|28211|204455|31989|2680018	0	0	1.9833922907580768	0.4673922626746386	0.10346259459212126	0	0	0	0	0.3711295575382976	0.09097618507215073	0	0	0	0	0	0	0	0	0
k__Bacteria|p__Proteobacteria|c__Alphaproteobacteria|o__Rhodobacterales|f__Rhodobacteraceae|g__Rhodophyticola|s__Rhodophyticola_sp_DY48A3_103	2|1224|28211|204455|31989|2680018|2735915	0	0	1.9833922907580768	0.4673922626746386	0.10346259459212126	0	0	0	0	0.3711295575382976	0.09097618507215073	0	0	0	0	0	0	0	0	0
k__Bacteria|p__Proteobacteria|c__Alphaproteobacteria|o__Rhodobacterales|f__Rhodobacteraceae|g__Rhodophyticola|s__Rhodophyticola_sp_DY48A3_103|t__SGB56719	2|1224|28211|204455|31989|2680018|2735915|SGB56719	0	0	1.9833922907580768	0.4673922626746386	0.10346259459212126	0	0	0	0	0.3711295575382976	0.09097618507215073	0	0	0	0	0	0	0	0	0
k__Bacteria|p__Proteobacteria|c__Alphaproteobacteria|o__Rhodobacterales|f__Rhodobacteraceae|g__Roseovarius	2|1224|28211|204455|31989|74030	0	0	0	0	0	0	0	0	0	0	0.001083808212257918	0	0	0	0	0	0	0	0	0
k__Bacteria|p__Proteobacteria|c__Alphaproteobacteria|o__Rhodobacterales|f__Rhodobacteraceae|g__Roseovarius|s__Roseovarius_tolerans	2|1224|28211|204455|31989|74030|74031	0	0	0	0	0	0	0	0	0	0	0.001083808212257918	0	0	0	0	0	0	0	0	0
k__Bacteria|p__Proteobacteria|c__Alphaproteobacteria|o__Rhodobacterales|f__Rhodobacteraceae|g__Roseovarius|s__Roseovarius_tolerans|t__SGB10623	2|1224|28211|204455|31989|74030|74031|SGB10623	0	0	0	0	0	0	0	0	0	0	0.001083808212257918	0	0	0	0	0	0	0	0	0
k__Bacteria|p__Proteobacteria|c__Alphaproteobacteria|o__Rhodobacterales|f__Rhodobacteraceae|g__Solirhodobacter	2|1224|28211|204455|31989|2661806	0	0	0	0	0	0	0	0	0	0	0	0	0	0	0.0020487015672785145	0	0	0	0	0
k__Bacteria|p__Proteobacteria|c__Alphaproteobacteria|o__Rhodobacterales|f__Rhodobacteraceae|g__Solirhodobacter|s__Solirhodobacter_olei	2|1224|28211|204455|31989|2661806|2493082	0	0	0	0	0	0	0	0	0	0	0	0	0	0	0.0020487015672785145	0	0	0	0	0
k__Bacteria|p__Proteobacteria|c__Alphaproteobacteria|o__Rhodobacterales|f__Rhodobacteraceae|g__Solirhodobacter|s__Solirhodobacter_olei|t__SGB31443	2|1224|28211|204455|31989|2661806|2493082|SGB31443	0	0	0	0	0	0	0	0	0	0	0	0	0	0	0.0020487015672785145	0	0	0	0	0
k__Bacteria|p__Proteobacteria|c__Alphaproteobacteria|o__Rhodobacterales|f__Rhodobacteraceae|g__Sulfitobacter	2|1224|28211|204455|31989|60136	0	0	0	0	0	0	0	0	0	0	0	0.10104071175597944	0	0	0	0	0.4513516245736081	0.651770945648945	0.6598342399758732	0.19157472211953694
k__Bacteria|p__Proteobacteria|c__Alphaproteobacteria|o__Rhodobacterales|f__Rhodobacteraceae|g__Sulfitobacter|s__Sulfitobacter_sp_JBTF_M27	2|1224|28211|204455|31989|60136|2698830	0	0	0	0	0	0	0	0	0	0	0	0	0	0	0	0	0	0	0.017128840399927944	0
k__Bacteria|p__Proteobacteria|c__Alphaproteobacteria|o__Rhodobacterales|f__Rhodobacteraceae|g__Sulfitobacter|s__Sulfitobacter_sp_JBTF_M27|t__SGB90419	2|1224|28211|204455|31989|60136|2698830|SGB90419	0	0	0	0	0	0	0	0	0	0	0	0	0	0	0	0	0	0	0.017128840399927944	0
k__Bacteria|p__Proteobacteria|c__Alphaproteobacteria|o__Rhodobacterales|f__Rhodobacteraceae|g__Sulfitobacter|s__Sulfitobacter_sp_SK011	2|1224|28211|204455|31989|60136|1389004	0	0	0	0	0	0	0	0	0	0	0	0.10104071175597944	0	0	0	0	0.4513516245736081	0.651770945648945	0.6427053995759452	0.19157472211953694
k__Bacteria|p__Proteobacteria|c__Alphaproteobacteria|o__Rhodobacterales|f__Rhodobacteraceae|g__Sulfitobacter|s__Sulfitobacter_sp_SK011|t__SGB24306	2|1224|28211|204455|31989|60136|1389004|SGB24306	0	0	0	0	0	0	0	0	0	0	0	0.10104071175597944	0	0	0	0	0.4513516245736081	0.651770945648945	0.6427053995759452	0.19157472211953694
k__Bacteria|p__Proteobacteria|c__Alphaproteobacteria|o__Rhodobacterales|f__Rhodobacteraceae|g__Tranquillimonas	2|1224|28211|204455|31989|1400062	0	0	0	0	0	0	0	0	0.6131517152204785	0	0	0	0	0	0	0	0	0	0	0
k__Bacteria|p__Proteobacteria|c__Alphaproteobacteria|o__Rhodobacterales|f__Rhodobacteraceae|g__Tranquillimonas|s__Tranquillimonas_alkanivorans	2|1224|28211|204455|31989|1400062|441119	0	0	0	0	0	0	0	0	0.6131517152204785	0	0	0	0	0	0	0	0	0	0	0
k__Bacteria|p__Proteobacteria|c__Alphaproteobacteria|o__Rhodobacterales|f__Rhodobacteraceae|g__Tranquillimonas|s__Tranquillimonas_alkanivorans|t__SGB10816	2|1224|28211|204455|31989|1400062|441119|SGB10816	0	0	0	0	0	0	0	0	0.6131517152204785	0	0	0	0	0	0	0	0	0	0	0
k__Bacteria|p__Proteobacteria|c__Alphaproteobacteria|o__Rhodospirillales	2|1224|28211|204441	0	0	0	0	0	0	0	0	0	0.11734878443355125	0.01106477177918885	0	0	0	0	0	0	0	0	0.0036505057620094634
k__Bacteria|p__Proteobacteria|c__Alphaproteobacteria|o__Rhodospirillales|f__Rhodospirillaceae	2|1224|28211|204441|41295	0	0	0	0	0	0	0	0	0	0.11734878443355125	0.01106477177918885	0	0	0	0	0	0	0	0	0.0036505057620094634
k__Bacteria|p__Proteobacteria|c__Alphaproteobacteria|o__Rhodospirillales|f__Rhodospirillaceae|g__Limimonas	2|1224|28211|204441|41295|1434015	0	0	0	0	0	0	0	0	0	0	0.01106477177918885	0	0	0	0	0	0	0	0	0
k__Bacteria|p__Proteobacteria|c__Alphaproteobacteria|o__Rhodospirillales|f__Rhodospirillaceae|g__Limimonas|s__Limimonas_halophila	2|1224|28211|204441|41295|1434015|1082479	0	0	0	0	0	0	0	0	0	0	0.01106477177918885	0	0	0	0	0	0	0	0	0
k__Bacteria|p__Proteobacteria|c__Alphaproteobacteria|o__Rhodospirillales|f__Rhodospirillaceae|g__Limimonas|s__Limimonas_halophila|t__SGB10535	2|1224|28211|204441|41295|1434015|1082479|SGB10535	0	0	0	0	0	0	0	0	0	0	0.01106477177918885	0	0	0	0	0	0	0	0	0
k__Bacteria|p__Proteobacteria|c__Alphaproteobacteria|o__Rhodospirillales|f__Rhodospirillaceae|g__Magnetovibrio	2|1224|28211|204441|41295|1313115	0	0	0	0	0	0	0	0	0	0	0	0	0	0	0	0	0	0	0	0.0036505057620094634
k__Bacteria|p__Proteobacteria|c__Alphaproteobacteria|o__Rhodospirillales|f__Rhodospirillaceae|g__Magnetovibrio|s__Magnetovibrio_blakemorei	2|1224|28211|204441|41295|1313115|28181	0	0	0	0	0	0	0	0	0	0	0	0	0	0	0	0	0	0	0	0.0036505057620094634
k__Bacteria|p__Proteobacteria|c__Alphaproteobacteria|o__Rhodospirillales|f__Rhodospirillaceae|g__Magnetovibrio|s__Magnetovibrio_blakemorei|t__SGB10899	2|1224|28211|204441|41295|1313115|28181|SGB10899	0	0	0	0	0	0	0	0	0	0	0	0	0	0	0	0	0	0	0	0.0036505057620094634
k__Bacteria|p__Proteobacteria|c__Alphaproteobacteria|o__Rhodospirillales|f__Rhodospirillaceae|g__Rhodovibrio	2|1224|28211|204441|41295|85274	0	0	0	0	0	0	0	0	0	0.11734878443355125	0	0	0	0	0	0	0	0	0	0
k__Bacteria|p__Proteobacteria|c__Alphaproteobacteria|o__Rhodospirillales|f__Rhodospirillaceae|g__Rhodovibrio|s__Rhodovibrio_salinarum	2|1224|28211|204441|41295|85274|1087	0	0	0	0	0	0	0	0	0	0.11734878443355125	0	0	0	0	0	0	0	0	0	0
k__Bacteria|p__Proteobacteria|c__Alphaproteobacteria|o__Rhodospirillales|f__Rhodospirillaceae|g__Rhodovibrio|s__Rhodovibrio_salinarum|t__SGB32280	2|1224|28211|204441|41295|85274|1087|SGB32280	0	0	0	0	0	0	0	0	0	0.11734878443355125	0	0	0	0	0	0	0	0	0	0
k__Bacteria|p__Proteobacteria|c__Alphaproteobacteria|o__Sphingomonadales	2|1224|28211|204457	0	0	0.2373129156115767	0	0	0	0	0	0.4308023422769092	0	0	0.013414935609937529	0	0	0.010697089968312016	0	0.0415789112455474	0	0.006623951933053761	0.02683438227059876
k__Bacteria|p__Proteobacteria|c__Alphaproteobacteria|o__Sphingomonadales|f__Erythrobacteraceae	2|1224|28211|204457|335929	0	0	0.2373129156115767	0	0	0	0	0	0.4308023422769092	0	0	0.013414935609937529	0	0	0.010697089968312016	0	0.0415789112455474	0	0.006623951933053761	0.02683438227059876
k__Bacteria|p__Proteobacteria|c__Alphaproteobacteria|o__Sphingomonadales|f__Erythrobacteraceae|g__Altererythrobacter	2|1224|28211|204457|335929|361177	0	0	0.2373129156115767	0	0	0	0	0	0.4308023422769092	0	0	0	0	0	0	0	0	0	0	0
k__Bacteria|p__Proteobacteria|c__Alphaproteobacteria|o__Sphingomonadales|f__Erythrobacteraceae|g__Altererythrobacter|s__Altererythrobacter_xiamenensis	2|1224|28211|204457|335929|361177|1316679	0	0	0.2373129156115767	0	0	0	0	0	0.4308023422769092	0	0	0	0	0	0	0	0	0	0	0
k__Bacteria|p__Proteobacteria|c__Alphaproteobacteria|o__Sphingomonadales|f__Erythrobacteraceae|g__Altererythrobacter|s__Altererythrobacter_xiamenensis|t__SGB11490	2|1224|28211|204457|335929|361177|1316679|SGB11490	0	0	0.2373129156115767	0	0	0	0	0	0.4308023422769092	0	0	0	0	0	0	0	0	0	0	0
k__Bacteria|p__Proteobacteria|c__Alphaproteobacteria|o__Sphingomonadales|f__Erythrobacteraceae|g__Aurantiacibacter	2|1224|28211|204457|335929|2800681	0	0	0	0	0	0	0	0	0	0	0	0.013414935609937529	0	0	0.010697089968312016	0	0.0415789112455474	0	0.006623951933053761	0.02683438227059876
k__Bacteria|p__Proteobacteria|c__Alphaproteobacteria|o__Sphingomonadales|f__Erythrobacteraceae|g__Aurantiacibacter|s__Aurantiacibacter_rhizosphaerae	2|1224|28211|204457|335929|2800681|2691582	0	0	0	0	0	0	0	0	0	0	0	0.013414935609937529	0	0	0.010697089968312016	0	0.0415789112455474	0	0.006623951933053761	0.02683438227059876
k__Bacteria|p__Proteobacteria|c__Alphaproteobacteria|o__Sphingomonadales|f__Erythrobacteraceae|g__Aurantiacibacter|s__Aurantiacibacter_rhizosphaerae|t__SGB90075	2|1224|28211|204457|335929|2800681|2691582|SGB90075	0	0	0	0	0	0	0	0	0	0	0	0.013414935609937529	0	0	0.010697089968312016	0	0.0415789112455474	0	0.006623951933053761	0.02683438227059876
k__Bacteria|p__Proteobacteria|c__Deltaproteobacteria	2|1224|28221	0	0	0	0	0	0	0	0	0	0	0	0.05128357336500075	0	0.05583074947919435	0	0	0.3231994364109246	0	0.02463906677016622	0.055318884402678105
k__Bacteria|p__Proteobacteria|c__Deltaproteobacteria|o__Deltaproteobacteria_unclassified	2|1224|28221|67691841	0	0	0	0	0	0	0	0	0	0	0	0.05128357336500075	0	0.05583074947919435	0	0	0.020411706203764646	0	0.0019875441266617683	0.055318884402678105
k__Bacteria|p__Proteobacteria|c__Deltaproteobacteria|o__Deltaproteobacteria_unclassified|f__Deltaproteobacteria_unclassified	2|1224|28221|67691841|91967380	0	0	0	0	0	0	0	0	0	0	0	0.05128357336500075	0	0.05583074947919435	0	0	0.020411706203764646	0	0.0019875441266617683	0.055318884402678105
k__Bacteria|p__Proteobacteria|c__Deltaproteobacteria|o__Deltaproteobacteria_unclassified|f__Deltaproteobacteria_unclassified|g__Deltaproteobacteria_unclassified	2|1224|28221|67691841|91967380|8921264	0	0	0	0	0	0	0	0	0	0	0	0	0	0.05583074947919435	0	0	0	0	0	0
k__Bacteria|p__Proteobacteria|c__Deltaproteobacteria|o__Deltaproteobacteria_unclassified|f__Deltaproteobacteria_unclassified|g__Deltaproteobacteria_unclassified|s__delta_proteobacterium_NaphS2	2|1224|28221|67691841|91967380|8921264|88274	0	0	0	0	0	0	0	0	0	0	0	0	0	0.05583074947919435	0	0	0	0	0	0
k__Bacteria|p__Proteobacteria|c__Deltaproteobacteria|o__Deltaproteobacteria_unclassified|f__Deltaproteobacteria_unclassified|g__Deltaproteobacteria_unclassified|s__delta_proteobacterium_NaphS2|t__SGB8928	2|1224|28221|67691841|91967380|8921264|88274|SGB8928	0	0	0	0	0	0	0	0	0	0	0	0	0	0.05583074947919435	0	0	0	0	0	0
k__Bacteria|p__Proteobacteria|c__Deltaproteobacteria|o__Deltaproteobacteria_unclassified|f__Deltaproteobacteria_unclassified|g__GGB63079	2|1224|28221|67691841|91967380|90516715	0	0	0	0	0	0	0	0	0	0	0	0.05128357336500075	0	0	0	0	0.020411706203764646	0	0.0019875441266617683	0.055318884402678105
k__Bacteria|p__Proteobacteria|c__Deltaproteobacteria|o__Deltaproteobacteria_unclassified|f__Deltaproteobacteria_unclassified|g__GGB63079|s__GGB63079_SGB85330	2|1224|28221|67691841|91967380|90516715|538226	0	0	0	0	0	0	0	0	0	0	0	0.05128357336500075	0	0	0	0	0.020411706203764646	0	0.0019875441266617683	0.055318884402678105
k__Bacteria|p__Proteobacteria|c__Deltaproteobacteria|o__Deltaproteobacteria_unclassified|f__Deltaproteobacteria_unclassified|g__GGB63079|s__GGB63079_SGB85330|t__SGB85330	2|1224|28221|67691841|91967380|90516715|538226|SGB85330	0	0	0	0	0	0	0	0	0	0	0	0.05128357336500075	0	0	0	0	0.020411706203764646	0	0.0019875441266617683	0.055318884402678105
k__Bacteria|p__Proteobacteria|c__Deltaproteobacteria|o__Desulfobacterales	2|1224|28221|213118	0	0	0	0	0	0	0	0	0	0	0	0	0	0	0	0	0.30278773020715993	0	0.02265152264350445	0
k__Bacteria|p__Proteobacteria|c__Deltaproteobacteria|o__Desulfobacterales|f__Desulfobulbaceae	2|1224|28221|213118|213121	0	0	0	0	0	0	0	0	0	0	0	0	0	0	0	0	0.30278773020715993	0	0.02265152264350445	0
k__Bacteria|p__Proteobacteria|c__Deltaproteobacteria|o__Desulfobacterales|f__Desulfobulbaceae|g__Candidatus_Electrothrix	2|1224|28221|213118|213121|1859128	0	0	0	0	0	0	0	0	0	0	0	0	0	0	0	0	0.30278773020715993	0	0.02265152264350445	0
k__Bacteria|p__Proteobacteria|c__Deltaproteobacteria|o__Desulfobacterales|f__Desulfobulbaceae|g__Candidatus_Electrothrix|s__Candidatus_Electrothrix_aarhusiensis	2|1224|28221|213118|213121|1859128|1859131	0	0	0	0	0	0	0	0	0	0	0	0	0	0	0	0	0.30278773020715993	0	0.02265152264350445	0
k__Bacteria|p__Proteobacteria|c__Deltaproteobacteria|o__Desulfobacterales|f__Desulfobulbaceae|g__Candidatus_Electrothrix|s__Candidatus_Electrothrix_aarhusiensis|t__SGB51994	2|1224|28221|213118|213121|1859128|1859131|SGB51994	0	0	0	0	0	0	0	0	0	0	0	0	0	0	0	0	0.30278773020715993	0	0.02265152264350445	0
k__Bacteria|p__Proteobacteria|c__Gammaproteobacteria	2|1224|1236	0	0	0	3.314579688946607	0.8431836196786641	0.24594698584117006	0.5178003967107762	1.0102725677357738	0.3220829142624092	0.904465075935914	0.5723897282703939	0.2595274829227747	0	0.16304982230559456	0	0	0.034438593960753106	0	0.009203098190020749	0.038112456655612116
k__Bacteria|p__Proteobacteria|c__Gammaproteobacteria|o__Alteromonadales	2|1224|1236|135622	0	0	0	2.113187738551769	0	0	0	0.20514645274071008	0.3220829142624092	0	0.02369982446438192	0	0	0	0	0	0	0	0	0
k__Bacteria|p__Proteobacteria|c__Gammaproteobacteria|o__Alteromonadales|f__Alteromonadaceae	2|1224|1236|135622|72275	0	0	0	2.113187738551769	0	0	0	0.20514645274071008	0.020257032603089017	0	0.02369982446438192	0	0	0	0	0	0	0	0	0
k__Bacteria|p__Proteobacteria|c__Gammaproteobacteria|o__Alteromonadales|f__Alteromonadaceae|g__Marinobacter	2|1224|1236|135622|72275|2742	0	0	0	2.113187738551769	0	0	0	0.20514645274071008	0	0	0.02369982446438192	0	0	0	0	0	0	0	0	0
k__Bacteria|p__Proteobacteria|c__Gammaproteobacteria|o__Alteromonadales|f__Alteromonadaceae|g__Marinobacter|s__Marinobacter_daqiaonensis	2|1224|1236|135622|72275|2742|650891	0	0	0	0	0	0	0	0	0	0	0.0019094880564055527	0	0	0	0	0	0	0	0	0
k__Bacteria|p__Proteobacteria|c__Gammaproteobacteria|o__Alteromonadales|f__Alteromonadaceae|g__Marinobacter|s__Marinobacter_daqiaonensis|t__SGB11911	2|1224|1236|135622|72275|2742|650891|SGB11911	0	0	0	0	0	0	0	0	0	0	0.0019094880564055527	0	0	0	0	0	0	0	0	0
k__Bacteria|p__Proteobacteria|c__Gammaproteobacteria|o__Alteromonadales|f__Alteromonadaceae|g__Marinobacter|s__Marinobacter_flavimaris	2|1224|1236|135622|72275|2742|262076	0	0	0	1.6838386321000942	0	0	0	0	0	0	0.003302719376590541	0	0	0	0	0	0	0	0	0
k__Bacteria|p__Proteobacteria|c__Gammaproteobacteria|o__Alteromonadales|f__Alteromonadaceae|g__Marinobacter|s__Marinobacter_flavimaris|t__SGB11922	2|1224|1236|135622|72275|2742|262076|SGB11922	0	0	0	1.6838386321000942	0	0	0	0	0	0	0.003302719376590541	0	0	0	0	0	0	0	0	0
k__Bacteria|p__Proteobacteria|c__Gammaproteobacteria|o__Alteromonadales|f__Alteromonadaceae|g__Marinobacter|s__Marinobacter_halotolerans	2|1224|1236|135622|72275|2742|1569211	0	0	0	0	0	0	0	0.20514645274071008	0	0	0.009931323496140494	0	0	0	0	0	0	0	0	0
k__Bacteria|p__Proteobacteria|c__Gammaproteobacteria|o__Alteromonadales|f__Alteromonadaceae|g__Marinobacter|s__Marinobacter_halotolerans|t__SGB81287	2|1224|1236|135622|72275|2742|1569211|SGB81287	0	0	0	0	0	0	0	0.20514645274071008	0	0	0.009931323496140494	0	0	0	0	0	0	0	0	0
k__Bacteria|p__Proteobacteria|c__Gammaproteobacteria|o__Alteromonadales|f__Alteromonadaceae|g__Marinobacter|s__Marinobacter_persicus	2|1224|1236|135622|72275|2742|930118	0	0	0	0.3048068307138054	0	0	0	0	0	0	0	0	0	0	0	0	0	0	0	0
k__Bacteria|p__Proteobacteria|c__Gammaproteobacteria|o__Alteromonadales|f__Alteromonadaceae|g__Marinobacter|s__Marinobacter_persicus|t__SGB22287	2|1224|1236|135622|72275|2742|930118|SGB22287	0	0	0	0.3048068307138054	0	0	0	0	0	0	0	0	0	0	0	0	0	0	0	0
k__Bacteria|p__Proteobacteria|c__Gammaproteobacteria|o__Alteromonadales|f__Alteromonadaceae|g__Marinobacter|s__Marinobacter_sp_Arc7_DN_1	2|1224|1236|135622|72275|2742|2304594	0	0	0	0.01851340904403245	0	0	0	0	0	0	0	0	0	0	0	0	0	0	0	0
k__Bacteria|p__Proteobacteria|c__Gammaproteobacteria|o__Alteromonadales|f__Alteromonadaceae|g__Marinobacter|s__Marinobacter_sp_Arc7_DN_1|t__SGB22284	2|1224|1236|135622|72275|2742|2304594|SGB22284	0	0	0	0.01851340904403245	0	0	0	0	0	0	0	0	0	0	0	0	0	0	0	0
k__Bacteria|p__Proteobacteria|c__Gammaproteobacteria|o__Alteromonadales|f__Alteromonadaceae|g__Marinobacter|s__Marinobacter_sp_B9_2	2|1224|1236|135622|72275|2742|2137198	0	0	0	0.1060274332126876	0	0	0	0	0	0	0.008557120869758508	0	0	0	0	0	0	0	0	0
k__Bacteria|p__Proteobacteria|c__Gammaproteobacteria|o__Alteromonadales|f__Alteromonadaceae|g__Marinobacter|s__Marinobacter_sp_B9_2|t__SGB56869	2|1224|1236|135622|72275|2742|2137198|SGB56869	0	0	0	0.1060274332126876	0	0	0	0	0	0	0.008557120869758508	0	0	0	0	0	0	0	0	0
k__Bacteria|p__Proteobacteria|c__Gammaproteobacteria|o__Alteromonadales|f__Alteromonadaceae|g__Salinimonas	2|1224|1236|135622|72275|288793	0	0	0	0	0	0	0	0	0.020257032603089017	0	0	0	0	0	0	0	0	0	0	0
k__Bacteria|p__Proteobacteria|c__Gammaproteobacteria|o__Alteromonadales|f__Alteromonadaceae|g__Salinimonas|s__Salinimonas_sp_KX18D6	2|1224|1236|135622|72275|288793|2572577	0	0	0	0	0	0	0	0	0.020257032603089017	0	0	0	0	0	0	0	0	0	0	0
k__Bacteria|p__Proteobacteria|c__Gammaproteobacteria|o__Alteromonadales|f__Alteromonadaceae|g__Salinimonas|s__Salinimonas_sp_KX18D6|t__SGB58222	2|1224|1236|135622|72275|288793|2572577|SGB58222	0	0	0	0	0	0	0	0	0.020257032603089017	0	0	0	0	0	0	0	0	0	0	0
k__Bacteria|p__Proteobacteria|c__Gammaproteobacteria|o__Alteromonadales|f__Pseudoalteromonadaceae	2|1224|1236|135622|267888	0	0	0	0	0	0	0	0	0.3018256124092025	0	0	0	0	0	0	0	0	0	0	0
k__Bacteria|p__Proteobacteria|c__Gammaproteobacteria|o__Alteromonadales|f__Pseudoalteromonadaceae|g__Pseudoalteromonas	2|1224|1236|135622|267888|53246	0	0	0	0	0	0	0	0	0.3018256124092025	0	0	0	0	0	0	0	0	0	0	0
k__Bacteria|p__Proteobacteria|c__Gammaproteobacteria|o__Alteromonadales|f__Pseudoalteromonadaceae|g__Pseudoalteromonas|s__Pseudoalteromonas_ruthenica	2|1224|1236|135622|267888|53246|151081	0	0	0	0	0	0	0	0	0.3018256124092025	0	0	0	0	0	0	0	0	0	0	0
k__Bacteria|p__Proteobacteria|c__Gammaproteobacteria|o__Alteromonadales|f__Pseudoalteromonadaceae|g__Pseudoalteromonas|s__Pseudoalteromonas_ruthenica|t__SGB13890	2|1224|1236|135622|267888|53246|151081|SGB13890	0	0	0	0	0	0	0	0	0.3018256124092025	0	0	0	0	0	0	0	0	0	0	0
k__Bacteria|p__Proteobacteria|c__Gammaproteobacteria|o__Chromatiales	2|1224|1236|135613	0	0	0	0.6019517046842616	0.8124813093584806	0.24594698584117006	0.32080178127393344	0.8051261149950637	0	0.6793541648640677	0.4965967861840122	0	0	0	0	0	0	0	0	0
k__Bacteria|p__Proteobacteria|c__Gammaproteobacteria|o__Chromatiales|f__Ectothiorhodospiraceae	2|1224|1236|135613|72276	0	0	0	0.6019517046842616	0.8124813093584806	0.24594698584117006	0.32080178127393344	0.8051261149950637	0	0.6793541648640677	0.4965967861840122	0	0	0	0	0	0	0	0	0
k__Bacteria|p__Proteobacteria|c__Gammaproteobacteria|o__Chromatiales|f__Ectothiorhodospiraceae|g__Halofilum	2|1224|1236|135613|72276|1929135	0	0	0	0.6019517046842616	0.8124813093584806	0.24594698584117006	0.32080178127393344	0.8051261149950637	0	0.6793541648640677	0.4965967861840122	0	0	0	0	0	0	0	0	0
k__Bacteria|p__Proteobacteria|c__Gammaproteobacteria|o__Chromatiales|f__Ectothiorhodospiraceae|g__Halofilum|s__Halofilum_ochraceum	2|1224|1236|135613|72276|1929135|1611323	0	0	0	0.6019517046842616	0.8124813093584806	0.24594698584117006	0.32080178127393344	0.8051261149950637	0	0.6793541648640677	0.4965967861840122	0	0	0	0	0	0	0	0	0
k__Bacteria|p__Proteobacteria|c__Gammaproteobacteria|o__Chromatiales|f__Ectothiorhodospiraceae|g__Halofilum|s__Halofilum_ochraceum|t__SGB32512	2|1224|1236|135613|72276|1929135|1611323|SGB32512	0	0	0	0.6019517046842616	0.8124813093584806	0.24594698584117006	0.32080178127393344	0.8051261149950637	0	0.6793541648640677	0.4965967861840122	0	0	0	0	0	0	0	0	0
k__Bacteria|p__Proteobacteria|c__Gammaproteobacteria|o__Gammaproteobacteria_unclassified	2|1224|1236|83064156	0	0	0	0	0	0	0	0	0	0	0	0	0	0	0	0	0.003309553807834853	0	0.009203098190020749	0
k__Bacteria|p__Proteobacteria|c__Gammaproteobacteria|o__Gammaproteobacteria_unclassified|f__Gammaproteobacteria_unclassified	2|1224|1236|83064156|21346272	0	0	0	0	0	0	0	0	0	0	0	0	0	0	0	0	0.003309553807834853	0	0.009203098190020749	0
k__Bacteria|p__Proteobacteria|c__Gammaproteobacteria|o__Gammaproteobacteria_unclassified|f__Gammaproteobacteria_unclassified|g__Gammaproteobacteria_unclassified	2|1224|1236|83064156|21346272|69272074	0	0	0	0	0	0	0	0	0	0	0	0	0	0	0	0	0.003309553807834853	0	0.009203098190020749	0
k__Bacteria|p__Proteobacteria|c__Gammaproteobacteria|o__Gammaproteobacteria_unclassified|f__Gammaproteobacteria_unclassified|g__Gammaproteobacteria_unclassified|s__gamma_proteobacterium_NOR5_3	2|1224|1236|83064156|21346272|69272074|566466	0	0	0	0	0	0	0	0	0	0	0	0	0	0	0	0	0.003309553807834853	0	0.009203098190020749	0
k__Bacteria|p__Proteobacteria|c__Gammaproteobacteria|o__Gammaproteobacteria_unclassified|f__Gammaproteobacteria_unclassified|g__Gammaproteobacteria_unclassified|s__gamma_proteobacterium_NOR5_3|t__SGB11976	2|1224|1236|83064156|21346272|69272074|566466|SGB11976	0	0	0	0	0	0	0	0	0	0	0	0	0	0	0	0	0.003309553807834853	0	0.009203098190020749	0
k__Bacteria|p__Proteobacteria|c__Gammaproteobacteria|o__Nevskiales	2|1224|1236|1775403	0	0	0	0	0	0	0	0	0	0	0	0	0	0	0	0	0	0	0	0.012081829820083585
k__Bacteria|p__Proteobacteria|c__Gammaproteobacteria|o__Nevskiales|f__Sinobacteraceae	2|1224|1236|1775403|568386	0	0	0	0	0	0	0	0	0	0	0	0	0	0	0	0	0	0	0	0.012081829820083585
k__Bacteria|p__Proteobacteria|c__Gammaproteobacteria|o__Nevskiales|f__Sinobacteraceae|g__GGB66671	2|1224|1236|1775403|568386|23656307	0	0	0	0	0	0	0	0	0	0	0	0	0	0	0	0	0	0	0	0.012081829820083585
k__Bacteria|p__Proteobacteria|c__Gammaproteobacteria|o__Nevskiales|f__Sinobacteraceae|g__GGB66671|s__GGB66671_SGB90297	2|1224|1236|1775403|568386|23656307|28954807	0	0	0	0	0	0	0	0	0	0	0	0	0	0	0	0	0	0	0	0.012081829820083585
k__Bacteria|p__Proteobacteria|c__Gammaproteobacteria|o__Nevskiales|f__Sinobacteraceae|g__GGB66671|s__GGB66671_SGB90297|t__SGB90297	2|1224|1236|1775403|568386|23656307|28954807|SGB90297	0	0	0	0	0	0	0	0	0	0	0	0	0	0	0	0	0	0	0	0.012081829820083585
k__Bacteria|p__Proteobacteria|c__Gammaproteobacteria|o__Oceanospirillales	2|1224|1236|135619	0	0	0	0.5994402457105764	0.030701243860413212	0	0.19699861543684274	0	0	0.22511091107184636	0.052093117621999856	0	0	0	0	0	0.03112904015291825	0	0	0.026030626835528536
k__Bacteria|p__Proteobacteria|c__Gammaproteobacteria|o__Oceanospirillales|f__Halomonadaceae	2|1224|1236|135619|28256	0	0	0	0	0	0	0	0	0	0	0.009987582243036324	0	0	0	0	0	0	0	0	0
k__Bacteria|p__Proteobacteria|c__Gammaproteobacteria|o__Oceanospirillales|f__Halomonadaceae|g__Halomonas	2|1224|1236|135619|28256|2745	0	0	0	0	0	0	0	0	0	0	0.009987582243036324	0	0	0	0	0	0	0	0	0
k__Bacteria|p__Proteobacteria|c__Gammaproteobacteria|o__Oceanospirillales|f__Halomonadaceae|g__Halomonas|s__Halomonas_fontilapidosi	2|1224|1236|135619|28256|2745|616675	0	0	0	0	0	0	0	0	0	0	0.009657475772279905	0	0	0	0	0	0	0	0	0
k__Bacteria|p__Proteobacteria|c__Gammaproteobacteria|o__Oceanospirillales|f__Halomonadaceae|g__Halomonas|s__Halomonas_fontilapidosi|t__SGB32445	2|1224|1236|135619|28256|2745|616675|SGB32445	0	0	0	0	0	0	0	0	0	0	0.009657475772279905	0	0	0	0	0	0	0	0	0
k__Bacteria|p__Proteobacteria|c__Gammaproteobacteria|o__Oceanospirillales|f__Halomonadaceae|g__Halomonas|s__Halomonas_sp_NO4	2|1224|1236|135619|28256|2745|2484813	0	0	0	0	0	0	0	0	0	0	0.00033010647075641924	0	0	0	0	0	0	0	0	0
k__Bacteria|p__Proteobacteria|c__Gammaproteobacteria|o__Oceanospirillales|f__Halomonadaceae|g__Halomonas|s__Halomonas_sp_NO4|t__SGB89016	2|1224|1236|135619|28256|2745|2484813|SGB89016	0	0	0	0	0	0	0	0	0	0	0.00033010647075641924	0	0	0	0	0	0	0	0	0
k__Bacteria|p__Proteobacteria|c__Gammaproteobacteria|o__Oceanospirillales|f__Oceanospirillaceae	2|1224|1236|135619|135620	0	0	0	0.5994402457105764	0.030701243860413212	0	0.19699861543684274	0	0	0.22511091107184636	0.042105535378963534	0	0	0	0	0	0.03112904015291825	0	0	0.026030626835528536
k__Bacteria|p__Proteobacteria|c__Gammaproteobacteria|o__Oceanospirillales|f__Oceanospirillaceae|g__GGB26358	2|1224|1236|135619|135620|29010568	0	0	0	0.5994402457105764	0.030701243860413212	0	0.19699861543684274	0	0	0.22511091107184636	0.042105535378963534	0	0	0	0	0	0	0	0	0
k__Bacteria|p__Proteobacteria|c__Gammaproteobacteria|o__Oceanospirillales|f__Oceanospirillaceae|g__GGB26358|s__GGB26358_SGB38443	2|1224|1236|135619|135620|29010568|62209474	0	0	0	0.5994402457105764	0.030701243860413212	0	0.19699861543684274	0	0	0.22511091107184636	0.042105535378963534	0	0	0	0	0	0	0	0	0
k__Bacteria|p__Proteobacteria|c__Gammaproteobacteria|o__Oceanospirillales|f__Oceanospirillaceae|g__GGB26358|s__GGB26358_SGB38443|t__SGB38443	2|1224|1236|135619|135620|29010568|62209474|SGB38443	0	0	0	0.5994402457105764	0.030701243860413212	0	0.19699861543684274	0	0	0.22511091107184636	0.042105535378963534	0	0	0	0	0	0	0	0	0
k__Bacteria|p__Proteobacteria|c__Gammaproteobacteria|o__Oceanospirillales|f__Oceanospirillaceae|g__Neptunomonas	2|1224|1236|135619|135620|75687	0	0	0	0	0	0	0	0	0	0	0	0	0	0	0	0	0.03112904015291825	0	0	0.026030626835528536
k__Bacteria|p__Proteobacteria|c__Gammaproteobacteria|o__Oceanospirillales|f__Oceanospirillaceae|g__Neptunomonas|s__Neptunomonas_antarctica	2|1224|1236|135619|135620|75687|619304	0	0	0	0	0	0	0	0	0	0	0	0	0	0	0	0	0.03112904015291825	0	0	0.026030626835528536
k__Bacteria|p__Proteobacteria|c__Gammaproteobacteria|o__Oceanospirillales|f__Oceanospirillaceae|g__Neptunomonas|s__Neptunomonas_antarctica|t__SGB13317	2|1224|1236|135619|135620|75687|619304|SGB13317	0	0	0	0	0	0	0	0	0	0	0	0	0	0	0	0	0.03112904015291825	0	0	0.026030626835528536
k__Bacteria|p__Proteobacteria|c__Gammaproteobacteria|o__Thiotrichales	2|1224|1236|72273	0	0	0	0	0	0	0	0	0	0	0	0	0	0.16304982230559456	0	0	0	0	0	0
k__Bacteria|p__Proteobacteria|c__Gammaproteobacteria|o__Thiotrichales|f__Thiotrichaceae	2|1224|1236|72273|135617	0	0	0	0	0	0	0	0	0	0	0	0	0	0.16304982230559456	0	0	0	0	0	0
k__Bacteria|p__Proteobacteria|c__Gammaproteobacteria|o__Thiotrichales|f__Thiotrichaceae|g__Thioploca	2|1224|1236|72273|135617|40751	0	0	0	0	0	0	0	0	0	0	0	0	0	0.16304982230559456	0	0	0	0	0	0
k__Bacteria|p__Proteobacteria|c__Gammaproteobacteria|o__Thiotrichales|f__Thiotrichaceae|g__Thioploca|s__Thioploca_ingrica	2|1224|1236|72273|135617|40751|40754	0	0	0	0	0	0	0	0	0	0	0	0	0	0.16304982230559456	0	0	0	0	0	0
k__Bacteria|p__Proteobacteria|c__Gammaproteobacteria|o__Thiotrichales|f__Thiotrichaceae|g__Thioploca|s__Thioploca_ingrica|t__SGB13288	2|1224|1236|72273|135617|40751|40754|SGB13288	0	0	0	0	0	0	0	0	0	0	0	0	0	0.16304982230559456	0	0	0	0	0	0
k__Bacteria|p__Proteobacteria|c__Gammaproteobacteria|o__Vibrionales	2|1224|1236|135623	0	0	0	0	0	0	0	0	0	0	0	0.2595274829227747	0	0	0	0	0	0	0	0
k__Bacteria|p__Proteobacteria|c__Gammaproteobacteria|o__Vibrionales|f__Vibrionaceae	2|1224|1236|135623|641	0	0	0	0	0	0	0	0	0	0	0	0.2595274829227747	0	0	0	0	0	0	0	0
k__Bacteria|p__Proteobacteria|c__Gammaproteobacteria|o__Vibrionales|f__Vibrionaceae|g__Vibrio	2|1224|1236|135623|641|662	0	0	0	0	0	0	0	0	0	0	0	0.2595274829227747	0	0	0	0	0	0	0	0
k__Bacteria|p__Proteobacteria|c__Gammaproteobacteria|o__Vibrionales|f__Vibrionaceae|g__Vibrio|s__Vibrio_mytili	2|1224|1236|135623|641|662|50718	0	0	0	0	0	0	0	0	0	0	0	0.2595274829227747	0	0	0	0	0	0	0	0
k__Bacteria|p__Proteobacteria|c__Gammaproteobacteria|o__Vibrionales|f__Vibrionaceae|g__Vibrio|s__Vibrio_mytili|t__SGB9905	2|1224|1236|135623|641|662|50718|SGB9905	0	0	0	0	0	0	0	0	0	0	0	0.2595274829227747	0	0	0	0	0	0	0	0
k__Bacteria|p__Rhodothermaeota	2|1853220	0	0	0	0	0.07993329268534426	0	0.008870832900436856	0	0.2834194051149941	0	0.059598696325514226	0	0	0	0	0	0	0	0	0
k__Bacteria|p__Rhodothermaeota|c__Rhodothermia	2|1853220|1853222	0	0	0	0	0.07993329268534426	0	0.008870832900436856	0	0.2834194051149941	0	0.059598696325514226	0	0	0	0	0	0	0	0	0
k__Bacteria|p__Rhodothermaeota|c__Rhodothermia|o__Rhodothermales	2|1853220|1853222|1853224	0	0	0	0	0.07993329268534426	0	0.008870832900436856	0	0.2834194051149941	0	0.059598696325514226	0	0	0	0	0	0	0	0	0
k__Bacteria|p__Rhodothermaeota|c__Rhodothermia|o__Rhodothermales|f__Rubricoccaceae	2|1853220|1853222|1853224|1853227	0	0	0	0	0	0	0	0	0.2834194051149941	0	0	0	0	0	0	0	0	0	0	0
k__Bacteria|p__Rhodothermaeota|c__Rhodothermia|o__Rhodothermales|f__Rubricoccaceae|g__Rubrivirga	2|1853220|1853222|1853224|1853227|1434037	0	0	0	0	0	0	0	0	0.2834194051149941	0	0	0	0	0	0	0	0	0	0	0
k__Bacteria|p__Rhodothermaeota|c__Rhodothermia|o__Rhodothermales|f__Rubricoccaceae|g__Rubrivirga|s__Rubrivirga_marina	2|1853220|1853222|1853224|1853227|1434037|1196024	0	0	0	0	0	0	0	0	0.2834194051149941	0	0	0	0	0	0	0	0	0	0	0
k__Bacteria|p__Rhodothermaeota|c__Rhodothermia|o__Rhodothermales|f__Rubricoccaceae|g__Rubrivirga|s__Rubrivirga_marina|t__SGB15511	2|1853220|1853222|1853224|1853227|1434037|1196024|SGB15511	0	0	0	0	0	0	0	0	0.2834194051149941	0	0	0	0	0	0	0	0	0	0	0
k__Bacteria|p__Rhodothermaeota|c__Rhodothermia|o__Rhodothermales|f__Salinibacteraceae	2|1853220|1853222|1853224|1853225	0	0	0	0	0.07993329268534426	0	0.008870832900436856	0	0	0	0.059598696325514226	0	0	0	0	0	0	0	0	0
k__Bacteria|p__Rhodothermaeota|c__Rhodothermia|o__Rhodothermales|f__Salinibacteraceae|g__Salinivenus	2|1853220|1853222|1853224|1853225|1853226	0	0	0	0	0.07993329268534426	0	0.008870832900436856	0	0	0	0.059598696325514226	0	0	0	0	0	0	0	0	0
k__Bacteria|p__Rhodothermaeota|c__Rhodothermia|o__Rhodothermales|f__Salinibacteraceae|g__Salinivenus|s__Salinivenus_iranica	2|1853220|1853222|1853224|1853225|1853226|890425	0	0	0	0	0.07993329268534426	0	0.008870832900436856	0	0	0	0.059598696325514226	0	0	0	0	0	0	0	0	0
k__Bacteria|p__Rhodothermaeota|c__Rhodothermia|o__Rhodothermales|f__Salinibacteraceae|g__Salinivenus|s__Salinivenus_iranica|t__SGB33659	2|1853220|1853222|1853224|1853225|1853226|890425|SGB33659	0	0	0	0	0.07993329268534426	0	0.008870832900436856	0	0	0	0.059598696325514226	0	0	0	0	0	0	0	0	0
