Taxonomy	reSRR16235394	reSRR16235396	reSRR16235399	reSRR16235400	reSRR16235401	reSRR16235402	reSRR16235403	reSRR16235404	reSRR16235405	reSRR16235406	reSRR16235407
k__Bacteria	59.7874157759984	57.0796714286187	50.8217802958343	30.6127063987276	77.1124746758582	72.6724903323232	42.0111885706864	72.2338889394663	47.1278146452193	55.2894001337396	52.8729922408355
k__Bacteria|p__Actinobacteria	20.476014198764	18.9259742320429	6.02932806353455	1.15970699843693	33.6855418617398	34.290622572262	4.08950910616297	11.2515095392319	11.6541102948371	31.9439838108107	20.4861613182695
k__Bacteria|p__Actinobacteria|c__Actinobacteria	11.1886810858548	1.14872585054948	0.212347493589556	0	6.38185033140943	2.40651417087386	0.49620259689783	1.93152626359663	6.47689537571123	20.7053053467204	7.24178983797493
k__Bacteria|p__Actinobacteria|c__Actinobacteria|o__Bifidobacteriales	11.1886810858548	1.14872585054948	0.212347493589556	0	6.38185033140943	2.40651417087386	0.49620259689783	1.93152626359663	6.47689537571123	20.7053053467204	7.24178983797493
k__Bacteria|p__Actinobacteria|c__Actinobacteria|o__Bifidobacteriales|f__Bifidobacteriaceae	11.1886810858548	1.14872585054948	0.212347493589556	0	6.38185033140943	2.40651417087386	0.49620259689783	1.93152626359663	6.47689537571123	20.7053053467204	7.24178983797493
k__Bacteria|p__Actinobacteria|c__Actinobacteria|o__Bifidobacteriales|f__Bifidobacteriaceae|g__Bifidobacterium	11.1886810858548	1.14872585054948	0.212347493589556	0	6.38185033140943	2.40651417087386	0.49620259689783	1.93152626359663	6.47689537571123	20.7053053467204	7.24178983797493
k__Bacteria|p__Actinobacteria|c__Actinobacteria|o__Bifidobacteriales|f__Bifidobacteriaceae|g__Bifidobacterium|s__Bifidobacterium_adolescentis	0	0	0	0	0	0	0	0.91865296413642	0	0	0
k__Bacteria|p__Actinobacteria|c__Actinobacteria|o__Bifidobacteriales|f__Bifidobacteriaceae|g__Bifidobacterium|s__Bifidobacterium_adolescentis|t__SGB17244	0	0	0	0	0	0	0	0.91865296413642	0	0	0
k__Bacteria|p__Actinobacteria|c__Actinobacteria|o__Bifidobacteriales|f__Bifidobacteriaceae|g__Bifidobacterium|s__Bifidobacterium_gallinarum	2.96718299873112	0	0	0	6.38185033140943	2.40651417087386	0.49620259689783	0.704498424524965	2.42139509228755	19.8222775017569	1.7240053470355
k__Bacteria|p__Actinobacteria|c__Actinobacteria|o__Bifidobacteriales|f__Bifidobacteriaceae|g__Bifidobacterium|s__Bifidobacterium_gallinarum|t__SGB17264	2.96718299873112	0	0	0	6.38185033140943	2.40651417087386	0.49620259689783	0.704498424524965	2.42139509228755	19.8222775017569	1.7240053470355
k__Bacteria|p__Actinobacteria|c__Actinobacteria|o__Bifidobacteriales|f__Bifidobacteriaceae|g__Bifidobacterium|s__Bifidobacterium_longum	1.06419747800385	0	0	0	0	0	0	0.30837487493524	0.477915641892371	0	0.695662690739993
k__Bacteria|p__Actinobacteria|c__Actinobacteria|o__Bifidobacteriales|f__Bifidobacteriaceae|g__Bifidobacterium|s__Bifidobacterium_longum|t__SGB17248	1.06419747800385	0	0	0	0	0	0	0.30837487493524	0.477915641892371	0	0.695662690739993
k__Bacteria|p__Actinobacteria|c__Actinobacteria|o__Bifidobacteriales|f__Bifidobacteriaceae|g__Bifidobacterium|s__Bifidobacterium_pseudolongum	0	0	0	0	0	0	0	0	0	0.883027844963533	0
k__Bacteria|p__Actinobacteria|c__Actinobacteria|o__Bifidobacteriales|f__Bifidobacteriaceae|g__Bifidobacterium|s__Bifidobacterium_pseudolongum|t__SGB21507	0	0	0	0	0	0	0	0	0	0.883027844963533	0
k__Bacteria|p__Actinobacteria|c__Actinobacteria|o__Bifidobacteriales|f__Bifidobacteriaceae|g__Bifidobacterium|s__Bifidobacterium_SGB17245	7.15730060911982	0	0	0	0	0	0	0	2.27335229298702	0	4.82212180019943
k__Bacteria|p__Actinobacteria|c__Actinobacteria|o__Bifidobacteriales|f__Bifidobacteriaceae|g__Bifidobacterium|s__Bifidobacterium_SGB17245|t__SGB17245	7.15730060911982	0	0	0	0	0	0	0	2.27335229298702	0	4.82212180019943
k__Bacteria|p__Actinobacteria|c__Actinobacteria|o__Bifidobacteriales|f__Bifidobacteriaceae|g__Bifidobacterium|s__Bifidobacterium_SGB17246	0	0	0.212347493589556	0	0	0	0	0	1.30423234854429	0	0
k__Bacteria|p__Actinobacteria|c__Actinobacteria|o__Bifidobacteriales|f__Bifidobacteriaceae|g__Bifidobacterium|s__Bifidobacterium_SGB17246|t__SGB17246	0	0	0.212347493589556	0	0	0	0	0	1.30423234854429	0	0
k__Bacteria|p__Actinobacteria|c__CFGB11278	0	0	0	0	0	0	0	0	0	0	0.440722364040665
k__Bacteria|p__Actinobacteria|c__CFGB11278|o__OFGB11278	0	0	0	0	0	0	0	0	0	0	0.440722364040665
k__Bacteria|p__Actinobacteria|c__CFGB11278|o__OFGB11278|f__FGB11278	0	0	0	0	0	0	0	0	0	0	0.440722364040665
k__Bacteria|p__Actinobacteria|c__CFGB11868	0	0	0	0	3.53363242561308	0	0	0	0	0	0
k__Bacteria|p__Actinobacteria|c__CFGB11868|o__OFGB11868	0	0	0	0	3.53363242561308	0	0	0	0	0	0
k__Bacteria|p__Actinobacteria|c__CFGB11868|o__OFGB11868|f__FGB11868	0	0	0	0	3.53363242561308	0	0	0	0	0	0
k__Bacteria|p__Actinobacteria|c__CFGB12306	0	0	0	0	0	0.373226604902685	0	0	0	0	0
k__Bacteria|p__Actinobacteria|c__CFGB12306|o__OFGB12306	0	0	0	0	0	0.373226604902685	0	0	0	0	0
k__Bacteria|p__Actinobacteria|c__CFGB12306|o__OFGB12306|f__FGB12306	0	0	0	0	0	0.373226604902685	0	0	0	0	0
k__Bacteria|p__Actinobacteria|c__CFGB13356	0	0	0.307032971412689	0	0	0	0	0	0	0	0
k__Bacteria|p__Actinobacteria|c__CFGB13356|o__OFGB13356	0	0	0.307032971412689	0	0	0	0	0	0	0	0
k__Bacteria|p__Actinobacteria|c__CFGB13356|o__OFGB13356|f__FGB13356	0	0	0.307032971412689	0	0	0	0	0	0	0	0
k__Bacteria|p__Actinobacteria|c__CFGB13655	0	0	0	0	0.235002662943607	0	0	0	0	0	0
k__Bacteria|p__Actinobacteria|c__CFGB13655|o__OFGB13655	0	0	0	0	0.235002662943607	0	0	0	0	0	0
k__Bacteria|p__Actinobacteria|c__CFGB13655|o__OFGB13655|f__FGB13655	0	0	0	0	0.235002662943607	0	0	0	0	0	0
k__Bacteria|p__Actinobacteria|c__Coriobacteriia	9.28733311290922	17.7772483814934	5.50994759853231	1.15970699843693	23.5350564417737	31.5108817964855	3.59330650926514	9.31998327563526	5.17721491912586	11.2386784640903	12.8036491162539
k__Bacteria|p__Actinobacteria|c__Coriobacteriia|o__Coriobacteriales	9.28733311290922	17.7772483814934	5.04846907211344	0.91037684963733	23.2677374436493	30.1974930580673	3.43318044397163	9.31998327563526	5.17721491912586	10.7466695320419	12.1867083127602
k__Bacteria|p__Actinobacteria|c__Coriobacteriia|o__Coriobacteriales|f__Atopobiaceae	0	0	0	0	0	0	0	0	1.51083076667568	0	0.440662811414294
k__Bacteria|p__Actinobacteria|c__Coriobacteriia|o__Coriobacteriales|f__Atopobiaceae|g__Olsenella	0	0	0	0	0	0	0	0	1.51083076667568	0	0.440662811414294
k__Bacteria|p__Actinobacteria|c__Coriobacteriia|o__Coriobacteriales|f__Atopobiaceae|g__Olsenella|s__Olsenella_provencensis	0	0	0	0	0	0	0	0	1.51083076667568	0	0.440662811414294
k__Bacteria|p__Actinobacteria|c__Coriobacteriia|o__Coriobacteriales|f__Atopobiaceae|g__Olsenella|s__Olsenella_provencensis|t__SGB14367	0	0	0	0	0	0	0	0	1.51083076667568	0	0.440662811414294
k__Bacteria|p__Actinobacteria|c__Coriobacteriia|o__Coriobacteriales|f__Coriobacteriaceae	9.28733311290922	17.7772483814934	5.04846907211344	0.91037684963733	23.2677374436493	30.1974930580673	3.43318044397163	9.31998327563526	3.66638415245018	10.7466695320419	11.7460455013459
k__Bacteria|p__Actinobacteria|c__Coriobacteriia|o__Coriobacteriales|f__Coriobacteriaceae|g__Collinsella	9.28733311290922	17.5432387036149	4.87654130741922	0.91037684963733	22.8871492852368	30.1974930580673	3.43318044397163	9.31998327563526	3.66638415245018	10.7466695320419	11.5426957825433
k__Bacteria|p__Actinobacteria|c__Coriobacteriia|o__Coriobacteriales|f__Coriobacteriaceae|g__Collinsella|s__Collinsella_SGB14542	0.995003430496592	14.1920062110017	2.48031897312782	0.561967672214839	7.04876768141464	1.0953114432339	0.339765955043464	8.03176574404679	0.636511840285098	0	0.50316325154666
k__Bacteria|p__Actinobacteria|c__Coriobacteriia|o__Coriobacteriales|f__Coriobacteriaceae|g__Collinsella|s__Collinsella_SGB14542|t__SGB14542	0.995003430496592	14.1920062110017	2.48031897312782	0.561967672214839	7.04876768141464	1.0953114432339	0.339765955043464	8.03176574404679	0.636511840285098	0	0.50316325154666
k__Bacteria|p__Actinobacteria|c__Coriobacteriia|o__Coriobacteriales|f__Coriobacteriaceae|g__Collinsella|s__Collinsella_SGB62963	0	0	0	0	6.32461581952154	0	0	0	0	0	0
k__Bacteria|p__Actinobacteria|c__Coriobacteriia|o__Coriobacteriales|f__Coriobacteriaceae|g__Collinsella|s__Collinsella_SGB62963|t__SGB62963	0	0	0	0	6.32461581952154	0	0	0	0	0	0
k__Bacteria|p__Actinobacteria|c__Coriobacteriia|o__Coriobacteriales|f__Coriobacteriaceae|g__Collinsella|s__Collinsella_SGB63083	0	0	0.474217017126898	0	0.64939856339327	4.95191556582726	0	0	0	0	0.930191459161814
k__Bacteria|p__Actinobacteria|c__Coriobacteriia|o__Coriobacteriales|f__Coriobacteriaceae|g__Collinsella|s__Collinsella_SGB63083|t__SGB63083	0	0	0.474217017126898	0	0.64939856339327	4.95191556582726	0	0	0	0	0.930191459161814
k__Bacteria|p__Actinobacteria|c__Coriobacteriia|o__Coriobacteriales|f__Coriobacteriaceae|g__Collinsella|s__Collinsella_sp_An268	0	0	0	0	0	0	0	0	0	0	0.553349983456256
k__Bacteria|p__Actinobacteria|c__Coriobacteriia|o__Coriobacteriales|f__Coriobacteriaceae|g__Collinsella|s__Collinsella_sp_An268|t__SGB14757	0	0	0	0	0	0	0	0	0	0	0.553349983456256
k__Bacteria|p__Actinobacteria|c__Coriobacteriia|o__Coriobacteriales|f__Coriobacteriaceae|g__Collinsella|s__Collinsella_stercoris	6.90237158703414	1.95526874670813	0	0	3.92598064229957	17.794538222494	1.38204818671979	0.565661670605003	1.72012036839867	10.7466695320419	7.7966278329911
k__Bacteria|p__Actinobacteria|c__Coriobacteriia|o__Coriobacteriales|f__Coriobacteriaceae|g__Collinsella|s__Collinsella_stercoris|t__SGB14740	6.90237158703414	1.95526874670813	0	0	3.92598064229957	17.794538222494	1.38204818671979	0.565661670605003	1.72012036839867	10.7466695320419	7.7966278329911
k__Bacteria|p__Actinobacteria|c__Coriobacteriia|o__Coriobacteriales|f__Coriobacteriaceae|g__Collinsella|s__Collinsella_tanakaei	1.38995809537849	1.39596374590504	1.9220053171645	0.348409177422491	4.93838657860774	6.35572782651209	1.71136630220838	0.722555860983469	1.3097519437664	0	1.75936325538747
k__Bacteria|p__Actinobacteria|c__Coriobacteriia|o__Coriobacteriales|f__Coriobacteriaceae|g__Collinsella|s__Collinsella_tanakaei|t__SGB14737	1.38995809537849	1.39596374590504	1.9220053171645	0.348409177422491	4.93838657860774	6.35572782651209	1.71136630220838	0.722555860983469	1.3097519437664	0	1.75936325538747
k__Bacteria|p__Actinobacteria|c__Coriobacteriia|o__Coriobacteriales|f__Coriobacteriaceae|g__Enorma	0	0	0	0	0	0	0	0	0	0	0.20334971880264
k__Bacteria|p__Actinobacteria|c__Coriobacteriia|o__Coriobacteriales|f__Coriobacteriaceae|g__Enorma|s__Enorma_massiliensis	0	0	0	0	0	0	0	0	0	0	0.20334971880264
k__Bacteria|p__Actinobacteria|c__Coriobacteriia|o__Coriobacteriales|f__Coriobacteriaceae|g__Enorma|s__Enorma_massiliensis|t__SGB14749	0	0	0	0	0	0	0	0	0	0	0.20334971880264
k__Bacteria|p__Actinobacteria|c__Coriobacteriia|o__Coriobacteriales|f__Coriobacteriaceae|g__GGB9380	0	0.234009677878471	0.171927764694221	0	0.380588158412528	0	0	0	0	0	0
k__Bacteria|p__Actinobacteria|c__Coriobacteriia|o__Coriobacteriales|f__Coriobacteriaceae|g__GGB9380|s__GGB9380_SGB14375	0	0.234009677878471	0.171927764694221	0	0.380588158412528	0	0	0	0	0	0
k__Bacteria|p__Actinobacteria|c__Coriobacteriia|o__Coriobacteriales|f__Coriobacteriaceae|g__GGB9380|s__GGB9380_SGB14375|t__SGB14375	0	0.234009677878471	0.171927764694221	0	0.380588158412528	0	0	0	0	0	0
k__Bacteria|p__Actinobacteria|c__Coriobacteriia|o__Eggerthellales	0	0	0.461478526418866	0.249330148799601	0.26731899812444	1.3133887384182	0.16012606529351	0	0	0.492008932048369	0.616940803493631
k__Bacteria|p__Actinobacteria|c__Coriobacteriia|o__Eggerthellales|f__Eggerthellaceae	0	0	0.461478526418866	0.249330148799601	0.26731899812444	1.3133887384182	0.16012606529351	0	0	0.492008932048369	0.616940803493631
k__Bacteria|p__Actinobacteria|c__Coriobacteriia|o__Eggerthellales|f__Eggerthellaceae|g__GGB9423	0	0	0.310881142808196	0.249330148799601	0.26731899812444	0.52939986559645	0	0	0	0	0.321883666423244
k__Bacteria|p__Actinobacteria|c__Coriobacteriia|o__Eggerthellales|f__Eggerthellaceae|g__GGB9423|s__GGB9423_SGB14792	0	0	0.310881142808196	0.249330148799601	0.26731899812444	0.52939986559645	0	0	0	0	0.321883666423244
k__Bacteria|p__Actinobacteria|c__Coriobacteriia|o__Eggerthellales|f__Eggerthellaceae|g__GGB9423|s__GGB9423_SGB14792|t__SGB14792	0	0	0.310881142808196	0.249330148799601	0.26731899812444	0.52939986559645	0	0	0	0	0.321883666423244
k__Bacteria|p__Actinobacteria|c__Coriobacteriia|o__Eggerthellales|f__Eggerthellaceae|g__Slackia	0	0	0.150597383610669	0	0	0.783988872821746	0.16012606529351	0	0	0.492008932048369	0.295057137070386
k__Bacteria|p__Actinobacteria|c__Coriobacteriia|o__Eggerthellales|f__Eggerthellaceae|g__Slackia|s__Slackia_piriformis	0	0	0.150597383610669	0	0	0.783988872821746	0.16012606529351	0	0	0.31655111345841	0.295057137070386
k__Bacteria|p__Actinobacteria|c__Coriobacteriia|o__Eggerthellales|f__Eggerthellaceae|g__Slackia|s__Slackia_piriformis|t__SGB14779	0	0	0.150597383610669	0	0	0.783988872821746	0.16012606529351	0	0	0.31655111345841	0.295057137070386
k__Bacteria|p__Bacteroidetes	18.3481616873675	1.87474672053048	5.74616139672109	5.70794902152827	5.87657567320964	5.18047556793134	20.720682040423	42.7780806528358	21.1835019222773	7.03035098994722	11.4543799232855
k__Bacteria|p__Bacteroidetes|c__Bacteroidia	16.6811286491478	0	2.31228191304034	3.93879465007135	5.07487983768524	5.18047556793134	20.720682040423	42.7780806528358	21.1835019222773	7.03035098994722	11.4543799232855
k__Bacteria|p__Bacteroidetes|c__Bacteroidia|o__Bacteroidales	16.6811286491478	0	2.31228191304034	3.93879465007135	5.07487983768524	5.18047556793134	20.720682040423	42.7780806528358	21.1835019222773	7.03035098994722	11.4543799232855
k__Bacteria|p__Bacteroidetes|c__Bacteroidia|o__Bacteroidales|f__Bacteroidaceae	1.45639457146327	0	0.345504865262185	1.10192401158961	1.18737413070229	5.18047556793134	0.312531776413372	1.3727100432389	0.125347351659601	7.03035098994722	1.52182499614819
k__Bacteria|p__Bacteroidetes|c__Bacteroidia|o__Bacteroidales|f__Bacteroidaceae|g__Bacteroides	1.45639457146327	0	0.345504865262185	0.737437650159562	0.848008006866218	5.18047556793134	0	1.3727100432389	0.125347351659601	7.03035098994722	1.32447420998846
k__Bacteria|p__Bacteroidetes|c__Bacteroidia|o__Bacteroidales|f__Bacteroidaceae|g__Bacteroides|s__Bacteroides_coprocola	0.518839186920481	0	0	0.533187564662657	0	0	0	0	0	0	0.500468769344541
k__Bacteria|p__Bacteroidetes|c__Bacteroidia|o__Bacteroidales|f__Bacteroidaceae|g__Bacteroides|s__Bacteroides_coprocola|t__SGB1891	0.518839186920481	0	0	0.533187564662657	0	0	0	0	0	0	0.500468769344541
k__Bacteria|p__Bacteroidetes|c__Bacteroidia|o__Bacteroidales|f__Bacteroidaceae|g__Bacteroides|s__Bacteroides_coprophilus	0.937555384542794	0	0	0	0	0	0	1.3727100432389	0.125347351659601	0	0.551643946024353
k__Bacteria|p__Bacteroidetes|c__Bacteroidia|o__Bacteroidales|f__Bacteroidaceae|g__Bacteroides|s__Bacteroides_coprophilus|t__SGB1888	0.937555384542794	0	0	0	0	0	0	1.3727100432389	0.125347351659601	0	0.551643946024353
k__Bacteria|p__Bacteroidetes|c__Bacteroidia|o__Bacteroidales|f__Bacteroidaceae|g__Bacteroides|s__Bacteroides_ovatus	0	0	0	0	0	0	0	0	0	0.309329187769495	0
k__Bacteria|p__Bacteroidetes|c__Bacteroidia|o__Bacteroidales|f__Bacteroidaceae|g__Bacteroides|s__Bacteroides_ovatus|t__SGB1872	0	0	0	0	0	0	0	0	0	0.309329187769495	0
k__Bacteria|p__Bacteroidetes|c__Bacteroidia|o__Bacteroidales|f__Bacteroidaceae|g__Bacteroides|s__Bacteroides_SGB58500	0	0	0	0	0	0	0	0	0	1.30752679505804	0
k__Bacteria|p__Bacteroidetes|c__Bacteroidia|o__Bacteroidales|f__Bacteroidaceae|g__Bacteroides|s__Bacteroides_SGB58500|t__SGB58500	0	0	0	0	0	0	0	0	0	1.30752679505804	0
k__Bacteria|p__Bacteroidetes|c__Bacteroidia|o__Bacteroidales|f__Bacteroidaceae|g__Bacteroides|s__Bacteroides_stercoris	0	0	0.345504865262185	0.204250085496905	0.848008006866218	3.85657152167829	0	0	0	5.41349500711969	0.272361494619569
k__Bacteria|p__Bacteroidetes|c__Bacteroidia|o__Bacteroidales|f__Bacteroidaceae|g__Bacteroides|s__Bacteroides_stercoris|t__SGB1830	0	0	0.345504865262185	0.204250085496905	0.848008006866218	3.85657152167829	0	0	0	5.41349500711969	0.272361494619569
k__Bacteria|p__Bacteroidetes|c__Bacteroidia|o__Bacteroidales|f__Bacteroidaceae|g__Bacteroides|s__Bacteroides_vulgatus	0	0	0	0	0	1.32390404625306	0	0	0	0	0
k__Bacteria|p__Bacteroidetes|c__Bacteroidia|o__Bacteroidales|f__Bacteroidaceae|g__Bacteroides|s__Bacteroides_vulgatus|t__SGB1814	0	0	0	0	0	1.32390404625306	0	0	0	0	0
k__Bacteria|p__Bacteroidetes|c__Bacteroidia|o__Bacteroidales|f__Bacteroidaceae|g__GGB1350	0	0	0	0.364486361430053	0.339366123836075	0	0.312531776413372	0	0	0	0.19735078615973
k__Bacteria|p__Bacteroidetes|c__Bacteroidia|o__Bacteroidales|f__Bacteroidaceae|g__GGB1350|s__GGB1350_SGB1808	0	0	0	0.364486361430053	0.339366123836075	0	0.312531776413372	0	0	0	0.19735078615973
k__Bacteria|p__Bacteroidetes|c__Bacteroidia|o__Bacteroidales|f__Bacteroidaceae|g__GGB1350|s__GGB1350_SGB1808|t__SGB1808	0	0	0	0.364486361430053	0.339366123836075	0	0.312531776413372	0	0	0	0.19735078615973
k__Bacteria|p__Bacteroidetes|c__Bacteroidia|o__Bacteroidales|f__Prevotellaceae	15.2247340776846	0	1.43191307271775	2.49440120266068	3.88750570698295	0	20.4081502640096	41.4053706095969	21.0581545706177	0	9.93255492713731
k__Bacteria|p__Bacteroidetes|c__Bacteroidia|o__Bacteroidales|f__Prevotellaceae|g__GGB1153	2.05917052740117	0	0	2.49440120266068	0	0	4.55980777765305	0	0	0	3.29583214587155
k__Bacteria|p__Bacteroidetes|c__Bacteroidia|o__Bacteroidales|f__Prevotellaceae|g__GGB1153|s__GGB1153_SGB1481	2.05917052740117	0	0	2.49440120266068	0	0	4.55980777765305	0	0	0	3.29583214587155
k__Bacteria|p__Bacteroidetes|c__Bacteroidia|o__Bacteroidales|f__Prevotellaceae|g__GGB1153|s__GGB1153_SGB1481|t__SGB1481	2.05917052740117	0	0	2.49440120266068	0	0	4.55980777765305	0	0	0	3.29583214587155
k__Bacteria|p__Bacteroidetes|c__Bacteroidia|o__Bacteroidales|f__Prevotellaceae|g__GGB1219	0	0	0	0	0	0	0	0	0	0	0.267043206223701
k__Bacteria|p__Bacteroidetes|c__Bacteroidia|o__Bacteroidales|f__Prevotellaceae|g__GGB1219|s__GGB1219_SGB1586	0	0	0	0	0	0	0	0	0	0	0.267043206223701
k__Bacteria|p__Bacteroidetes|c__Bacteroidia|o__Bacteroidales|f__Prevotellaceae|g__GGB1219|s__GGB1219_SGB1586|t__SGB1586	0	0	0	0	0	0	0	0	0	0	0.267043206223701
k__Bacteria|p__Bacteroidetes|c__Bacteroidia|o__Bacteroidales|f__Prevotellaceae|g__Prevotella	13.1655635502834	0	1.43191307271775	0	3.88750570698295	0	15.8483424863566	41.4053706095969	21.0581545706177	0	6.36967957504205
k__Bacteria|p__Bacteroidetes|c__Bacteroidia|o__Bacteroidales|f__Prevotellaceae|g__Prevotella|s__Prevotella_copri	13.1655635502834	0	0	0	3.88750570698295	0	15.8483424863566	41.4053706095969	21.0581545706177	0	6.36967957504205
k__Bacteria|p__Bacteroidetes|c__Bacteroidia|o__Bacteroidales|f__Prevotellaceae|g__Prevotella|s__Prevotella_copri|t__SGB1626	13.1655635502834	0	0	0	3.88750570698295	0	15.8483424863566	41.4053706095969	21.0581545706177	0	6.36967957504205
k__Bacteria|p__Bacteroidetes|c__Bacteroidia|o__Bacteroidales|f__Prevotellaceae|g__Prevotella|s__Prevotella_lascolaii	0	0	0.929754760548563	0	0	0	0	0	0	0	0
k__Bacteria|p__Bacteroidetes|c__Bacteroidia|o__Bacteroidales|f__Prevotellaceae|g__Prevotella|s__Prevotella_lascolaii|t__SGB1585	0	0	0.929754760548563	0	0	0	0	0	0	0	0
k__Bacteria|p__Bacteroidetes|c__Bacteroidia|o__Bacteroidales|f__Prevotellaceae|g__Prevotella|s__Prevotella_sp_P4_51	0	0	0.502158312169183	0	0	0	0	0	0	0	0
k__Bacteria|p__Bacteroidetes|c__Bacteroidia|o__Bacteroidales|f__Prevotellaceae|g__Prevotella|s__Prevotella_sp_P4_51|t__SGB1666	0	0	0.502158312169183	0	0	0	0	0	0	0	0
k__Bacteria|p__Bacteroidetes|c__Bacteroidia|o__Bacteroidales|f__Rikenellaceae	0	0	0.215883641060825	0	0	0	0	0	0	0	0
k__Bacteria|p__Bacteroidetes|c__Bacteroidia|o__Bacteroidales|f__Rikenellaceae|g__GGB1679	0	0	0.215883641060825	0	0	0	0	0	0	0	0
k__Bacteria|p__Bacteroidetes|c__Bacteroidia|o__Bacteroidales|f__Rikenellaceae|g__GGB1679|s__GGB1679_SGB2311	0	0	0.215883641060825	0	0	0	0	0	0	0	0
k__Bacteria|p__Bacteroidetes|c__Bacteroidia|o__Bacteroidales|f__Rikenellaceae|g__GGB1679|s__GGB1679_SGB2311|t__SGB2311	0	0	0.215883641060825	0	0	0	0	0	0	0	0
k__Bacteria|p__Bacteroidetes|c__Bacteroidia|o__Bacteroidales|f__Tannerellaceae	0	0	0.318980333999586	0.342469435821056	0	0	0	0	0	0	0
k__Bacteria|p__Bacteroidetes|c__Bacteroidia|o__Bacteroidales|f__Tannerellaceae|g__Parabacteroides	0	0	0	0.14739851325937	0	0	0	0	0	0	0
k__Bacteria|p__Bacteroidetes|c__Bacteroidia|o__Bacteroidales|f__Tannerellaceae|g__Parabacteroides|s__Parabacteroides_merdae	0	0	0	0.14739851325937	0	0	0	0	0	0	0
k__Bacteria|p__Bacteroidetes|c__Bacteroidia|o__Bacteroidales|f__Tannerellaceae|g__Parabacteroides|s__Parabacteroides_merdae|t__SGB1949	0	0	0	0.14739851325937	0	0	0	0	0	0	0
k__Bacteria|p__Bacteroidetes|c__CFGB11600	1.6670330382197	0	0	0.809768369179548	0.556046073363036	0	0	0	0	0	0
k__Bacteria|p__Bacteroidetes|c__CFGB11600|o__OFGB11600	1.6670330382197	0	0	0.809768369179548	0.556046073363036	0	0	0	0	0	0
k__Bacteria|p__Bacteroidetes|c__CFGB11600|o__OFGB11600|f__FGB11600	1.6670330382197	0	0	0.809768369179548	0.556046073363036	0	0	0	0	0	0
k__Bacteria|p__Bacteroidetes|c__CFGB11600|o__OFGB11600|f__FGB11600|g__GGB33927	1.6670330382197	0	0	0.809768369179548	0.556046073363036	0	0	0	0	0	0
k__Bacteria|p__Bacteroidetes|c__CFGB11600|o__OFGB11600|f__FGB11600|g__GGB33927|s__GGB33927_SGB48464	1.6670330382197	0	0	0.809768369179548	0.556046073363036	0	0	0	0	0	0
k__Bacteria|p__Bacteroidetes|c__CFGB11600|o__OFGB11600|f__FGB11600|g__GGB33927|s__GGB33927_SGB48464|t__SGB48464	1.6670330382197	0	0	0.809768369179548	0.556046073363036	0	0	0	0	0	0
k__Bacteria|p__Bacteroidetes|c__CFGB13043	0	1.87474672053048	0	0	0	0	0	0	0	0	0
k__Bacteria|p__Bacteroidetes|c__CFGB13043|o__OFGB13043	0	1.87474672053048	0	0	0	0	0	0	0	0	0
k__Bacteria|p__Bacteroidetes|c__CFGB13043|o__OFGB13043|f__FGB13043	0	1.87474672053048	0	0	0	0	0	0	0	0	0
k__Bacteria|p__Bacteroidetes|c__CFGB1366	0	0	1.63328397738023	0.655630935975767	0.24564976216136	0	0	0	0	0	0
k__Bacteria|p__Bacteroidetes|c__CFGB1366|o__OFGB1366	0	0	1.63328397738023	0.655630935975767	0.24564976216136	0	0	0	0	0	0
k__Bacteria|p__Bacteroidetes|c__CFGB1366|o__OFGB1366|f__FGB1366	0	0	1.63328397738023	0.655630935975767	0.24564976216136	0	0	0	0	0	0
k__Bacteria|p__Bacteroidetes|c__CFGB1366|o__OFGB1366|f__FGB1366|g__GGB47741	0	0	1.63328397738023	0.655630935975767	0.24564976216136	0	0	0	0	0	0
k__Bacteria|p__Bacteroidetes|c__CFGB1366|o__OFGB1366|f__FGB1366|g__GGB47741|s__GGB47741_SGB65713	0	0	1.63328397738023	0.655630935975767	0.24564976216136	0	0	0	0	0	0
k__Bacteria|p__Bacteroidetes|c__CFGB1366|o__OFGB1366|f__FGB1366|g__GGB47741|s__GGB47741_SGB65713|t__SGB65713	0	0	1.63328397738023	0.655630935975767	0.24564976216136	0	0	0	0	0	0
k__Bacteria|p__Bacteroidetes|c__CFGB27697	0	0	0.249943004591032	0	0	0	0	0	0	0	0
k__Bacteria|p__Bacteroidetes|c__CFGB27697|o__OFGB27697	0	0	0.249943004591032	0	0	0	0	0	0	0	0
k__Bacteria|p__Bacteroidetes|c__CFGB27697|o__OFGB27697|f__FGB27697	0	0	0.249943004591032	0	0	0	0	0	0	0	0
k__Bacteria|p__Bacteroidetes|c__CFGB27697|o__OFGB27697|f__FGB27697|g__GGB47714	0	0	0.249943004591032	0	0	0	0	0	0	0	0
k__Bacteria|p__Bacteroidetes|c__CFGB27697|o__OFGB27697|f__FGB27697|g__GGB47714|s__GGB47714_SGB65685	0	0	0.249943004591032	0	0	0	0	0	0	0	0
k__Bacteria|p__Bacteroidetes|c__CFGB27697|o__OFGB27697|f__FGB27697|g__GGB47714|s__GGB47714_SGB65685|t__SGB65685	0	0	0.249943004591032	0	0	0	0	0	0	0	0
k__Bacteria|p__Bacteroidetes|c__CFGB593	0	0	0.563591552699158	0	0	0	0	0	0	0	0
k__Bacteria|p__Bacteroidetes|c__CFGB593|o__OFGB593	0	0	0.563591552699158	0	0	0	0	0	0	0	0
k__Bacteria|p__Bacteroidetes|c__CFGB593|o__OFGB593|f__FGB593	0	0	0.563591552699158	0	0	0	0	0	0	0	0
k__Bacteria|p__Bacteroidetes|c__CFGB593|o__OFGB593|f__FGB593|g__GGB1345	0	0	0.563591552699158	0	0	0	0	0	0	0	0
k__Bacteria|p__Bacteroidetes|c__CFGB593|o__OFGB593|f__FGB593|g__GGB1345|s__GGB1345_SGB1803	0	0	0.563591552699158	0	0	0	0	0	0	0	0
k__Bacteria|p__Bacteroidetes|c__CFGB593|o__OFGB593|f__FGB593|g__GGB1345|s__GGB1345_SGB1803|t__SGB1803	0	0	0.563591552699158	0	0	0	0	0	0	0	0
k__Bacteria|p__Bacteroidetes|c__CFGB627	0	0	0.272880110940839	0	0	0	0	0	0	0	0
k__Bacteria|p__Bacteroidetes|c__CFGB627|o__OFGB627	0	0	0.272880110940839	0	0	0	0	0	0	0	0
k__Bacteria|p__Bacteroidetes|c__CFGB627|o__OFGB627|f__FGB627	0	0	0.272880110940839	0	0	0	0	0	0	0	0
k__Bacteria|p__Bacteroidetes|c__CFGB627|o__OFGB627|f__FGB627|g__GGB1491	0	0	0.272880110940839	0	0	0	0	0	0	0	0
k__Bacteria|p__Bacteroidetes|c__CFGB627|o__OFGB627|f__FGB627|g__GGB1491|s__GGB1491_SGB2066	0	0	0.272880110940839	0	0	0	0	0	0	0	0
k__Bacteria|p__Bacteroidetes|c__CFGB627|o__OFGB627|f__FGB627|g__GGB1491|s__GGB1491_SGB2066|t__SGB2066	0	0	0.272880110940839	0	0	0	0	0	0	0	0
k__Bacteria|p__Bacteroidetes|c__CFGB628	0	0	0.281034107897204	0.152121545886496	0	0	0	0	0	0	0
k__Bacteria|p__Bacteroidetes|c__CFGB628|o__OFGB628	0	0	0.281034107897204	0.152121545886496	0	0	0	0	0	0	0
k__Bacteria|p__Bacteroidetes|c__CFGB628|o__OFGB628|f__FGB628	0	0	0.281034107897204	0.152121545886496	0	0	0	0	0	0	0
k__Bacteria|p__Bacteroidetes|c__CFGB628|o__OFGB628|f__FGB628|g__GGB1492	0	0	0.281034107897204	0.152121545886496	0	0	0	0	0	0	0
k__Bacteria|p__Bacteroidetes|c__CFGB628|o__OFGB628|f__FGB628|g__GGB1492|s__GGB1492_SGB2067	0	0	0.281034107897204	0.152121545886496	0	0	0	0	0	0	0
k__Bacteria|p__Bacteroidetes|c__CFGB628|o__OFGB628|f__FGB628|g__GGB1492|s__GGB1492_SGB2067|t__SGB2067	0	0	0.281034107897204	0.152121545886496	0	0	0	0	0	0	0
k__Bacteria|p__Bacteroidetes|c__CFGB9547	0	0	0.433146730172287	0	0	0	0	0	0	0	0
k__Bacteria|p__Bacteroidetes|c__CFGB9547|o__OFGB9547	0	0	0.433146730172287	0	0	0	0	0	0	0	0
k__Bacteria|p__Bacteroidetes|c__CFGB9547|o__OFGB9547|f__FGB9547	0	0	0.433146730172287	0	0	0	0	0	0	0	0
k__Bacteria|p__Bacteroidetes|c__Flavobacteriia	0	0	0	0.151633520415114	0	0	0	0	0	0	0
k__Bacteria|p__Bacteroidetes|c__Flavobacteriia|o__Flavobacteriales	0	0	0	0.151633520415114	0	0	0	0	0	0	0
k__Bacteria|p__Bacteroidetes|c__Flavobacteriia|o__Flavobacteriales|f__Flavobacteriaceae	0	0	0	0.151633520415114	0	0	0	0	0	0	0
k__Bacteria|p__Bacteroidetes|c__Flavobacteriia|o__Flavobacteriales|f__Flavobacteriaceae|g__GGB48468	0	0	0	0.151633520415114	0	0	0	0	0	0	0
k__Bacteria|p__Bacteroidetes|c__Flavobacteriia|o__Flavobacteriales|f__Flavobacteriaceae|g__GGB48468|s__GGB48468_SGB66515	0	0	0	0.151633520415114	0	0	0	0	0	0	0
k__Bacteria|p__Bacteroidetes|c__Flavobacteriia|o__Flavobacteriales|f__Flavobacteriaceae|g__GGB48468|s__GGB48468_SGB66515|t__SGB66515	0	0	0	0.151633520415114	0	0	0	0	0	0	0
k__Bacteria|p__Cyanobacteria	1.78422867008929	1.0571466735997	0.130841950549853	0	0	0	1.87039611400328	0	0	0	0
k__Bacteria|p__Cyanobacteria|c__Cyanobacteria_unclassified	1.78422867008929	1.0571466735997	0.130841950549853	0	0	0	1.87039611400328	0	0	0	0
k__Bacteria|p__Cyanobacteria|c__Cyanobacteria_unclassified|o__Synechococcales	1.78422867008929	1.0571466735997	0.130841950549853	0	0	0	1.87039611400328	0	0	0	0
k__Bacteria|p__Cyanobacteria|c__Cyanobacteria_unclassified|o__Synechococcales|f__Prochloraceae	1.78422867008929	1.0571466735997	0.130841950549853	0	0	0	1.87039611400328	0	0	0	0
k__Bacteria|p__Cyanobacteria|c__Cyanobacteria_unclassified|o__Synechococcales|f__Prochloraceae|g__Prochlorococcus	1.78422867008929	1.0571466735997	0	0	0	0	1.87039611400328	0	0	0	0
k__Bacteria|p__Cyanobacteria|c__Cyanobacteria_unclassified|o__Synechococcales|f__Prochloraceae|g__Prochlorococcus|s__Prochlorococcus_SGB47106	1.78422867008929	1.0571466735997	0	0	0	0	1.87039611400328	0	0	0	0
k__Bacteria|p__Cyanobacteria|c__Cyanobacteria_unclassified|o__Synechococcales|f__Prochloraceae|g__Prochlorococcus|s__Prochlorococcus_SGB47106|t__SGB47106	1.78422867008929	1.0571466735997	0	0	0	0	1.87039611400328	0	0	0	0
k__Bacteria|p__Firmicutes	12.5227391607273	34.0636433769129	28.5461149837668	13.9385614931487	22.0088093613537	31.7398419903743	13.0205325076312	14.7522207327311	10.5898741104082	13.5366505541649	19.0407418931056
k__Bacteria|p__Firmicutes|c__Bacilli	0	0.259105541078183	0	0	0	0	0	0	0	0	0
k__Bacteria|p__Firmicutes|c__Bacilli|o__Lactobacillales	0	0.259105541078183	0	0	0	0	0	0	0	0	0
k__Bacteria|p__Firmicutes|c__Bacilli|o__Lactobacillales|f__Lactobacillaceae	0	0.259105541078183	0	0	0	0	0	0	0	0	0
k__Bacteria|p__Firmicutes|c__Bacilli|o__Lactobacillales|f__Lactobacillaceae|g__Lactobacillus	0	0.259105541078183	0	0	0	0	0	0	0	0	0
k__Bacteria|p__Firmicutes|c__Bacilli|o__Lactobacillales|f__Lactobacillaceae|g__Lactobacillus|s__Lactobacillus_acidophilus	0	0.259105541078183	0	0	0	0	0	0	0	0	0
k__Bacteria|p__Firmicutes|c__Bacilli|o__Lactobacillales|f__Lactobacillaceae|g__Lactobacillus|s__Lactobacillus_acidophilus|t__SGB7044	0	0.259105541078183	0	0	0	0	0	0	0	0	0
k__Bacteria|p__Firmicutes|c__CFGB10718	0	1.38530757449348	0	0	0	0	0	0	0	0	0
k__Bacteria|p__Firmicutes|c__CFGB10718|o__OFGB10718	0	1.38530757449348	0	0	0	0	0	0	0	0	0
k__Bacteria|p__Firmicutes|c__CFGB10718|o__OFGB10718|f__FGB10718	0	1.38530757449348	0	0	0	0	0	0	0	0	0
k__Bacteria|p__Firmicutes|c__CFGB10718|o__OFGB10718|f__FGB10718|g__GGB32462	0	1.38530757449348	0	0	0	0	0	0	0	0	0
k__Bacteria|p__Firmicutes|c__CFGB10718|o__OFGB10718|f__FGB10718|g__GGB32462|s__GGB32462_SGB48618	0	1.38530757449348	0	0	0	0	0	0	0	0	0
k__Bacteria|p__Firmicutes|c__CFGB10718|o__OFGB10718|f__FGB10718|g__GGB32462|s__GGB32462_SGB48618|t__SGB48618	0	1.38530757449348	0	0	0	0	0	0	0	0	0
k__Bacteria|p__Firmicutes|c__CFGB11474	0	0	0	0	0	0	0	0	0.118534814933287	0	0
k__Bacteria|p__Firmicutes|c__CFGB11474|o__OFGB11474	0	0	0	0	0	0	0	0	0.118534814933287	0	0
k__Bacteria|p__Firmicutes|c__CFGB11474|o__OFGB11474|f__FGB11474	0	0	0	0	0	0	0	0	0.118534814933287	0	0
k__Bacteria|p__Firmicutes|c__CFGB11474|o__OFGB11474|f__FGB11474|g__GGB33647	0	0	0	0	0	0	0	0	0.118534814933287	0	0
k__Bacteria|p__Firmicutes|c__CFGB11474|o__OFGB11474|f__FGB11474|g__GGB33647|s__GGB33647_SGB53813	0	0	0	0	0	0	0	0	0.118534814933287	0	0
k__Bacteria|p__Firmicutes|c__CFGB11474|o__OFGB11474|f__FGB11474|g__GGB33647|s__GGB33647_SGB53813|t__SGB53813	0	0	0	0	0	0	0	0	0.118534814933287	0	0
k__Bacteria|p__Firmicutes|c__CFGB11494	0	0	0	0.705307525661822	0	0	0	0	0	0	0
k__Bacteria|p__Firmicutes|c__CFGB11494|o__OFGB11494	0	0	0	0.705307525661822	0	0	0	0	0	0	0
k__Bacteria|p__Firmicutes|c__CFGB11494|o__OFGB11494|f__FGB11494	0	0	0	0.705307525661822	0	0	0	0	0	0	0
k__Bacteria|p__Firmicutes|c__CFGB11494|o__OFGB11494|f__FGB11494|g__GGB33728	0	0	0	0.705307525661822	0	0	0	0	0	0	0
k__Bacteria|p__Firmicutes|c__CFGB11494|o__OFGB11494|f__FGB11494|g__GGB33728|s__GGB33728_SGB59725	0	0	0	0.705307525661822	0	0	0	0	0	0	0
k__Bacteria|p__Firmicutes|c__CFGB11494|o__OFGB11494|f__FGB11494|g__GGB33728|s__GGB33728_SGB59725|t__SGB59725	0	0	0	0.705307525661822	0	0	0	0	0	0	0
k__Bacteria|p__Firmicutes|c__CFGB11511	0	0	0.255866511516735	0.217317450276912	0	0	0	0	0	0	0
k__Bacteria|p__Firmicutes|c__CFGB11511|o__OFGB11511	0	0	0.255866511516735	0.217317450276912	0	0	0	0	0	0	0
k__Bacteria|p__Firmicutes|c__CFGB11511|o__OFGB11511|f__FGB11511	0	0	0.255866511516735	0.217317450276912	0	0	0	0	0	0	0
k__Bacteria|p__Firmicutes|c__CFGB11511|o__OFGB11511|f__FGB11511|g__GGB33760	0	0	0.255866511516735	0.217317450276912	0	0	0	0	0	0	0
k__Bacteria|p__Firmicutes|c__CFGB11511|o__OFGB11511|f__FGB11511|g__GGB33760|s__GGB33760_SGB53821	0	0	0.255866511516735	0.217317450276912	0	0	0	0	0	0	0
k__Bacteria|p__Firmicutes|c__CFGB11511|o__OFGB11511|f__FGB11511|g__GGB33760|s__GGB33760_SGB53821|t__SGB53821	0	0	0.255866511516735	0.217317450276912	0	0	0	0	0	0	0
k__Bacteria|p__Firmicutes|c__CFGB1195	0	0.623349094605101	0.680853984406005	0	0	0	0	0	0	0	0
k__Bacteria|p__Firmicutes|c__CFGB1195|o__OFGB1195	0	0.623349094605101	0.680853984406005	0	0	0	0	0	0	0	0
k__Bacteria|p__Firmicutes|c__CFGB1195|o__OFGB1195|f__FGB1195	0	0.623349094605101	0.680853984406005	0	0	0	0	0	0	0	0
k__Bacteria|p__Firmicutes|c__CFGB1195|o__OFGB1195|f__FGB1195|g__GGB2949	0	0.623349094605101	0.680853984406005	0	0	0	0	0	0	0	0
k__Bacteria|p__Firmicutes|c__CFGB1195|o__OFGB1195|f__FGB1195|g__GGB2949|s__GGB2949_SGB3926	0	0.623349094605101	0.680853984406005	0	0	0	0	0	0	0	0
k__Bacteria|p__Firmicutes|c__CFGB1195|o__OFGB1195|f__FGB1195|g__GGB2949|s__GGB2949_SGB3926|t__SGB3926	0	0.623349094605101	0.680853984406005	0	0	0	0	0	0	0	0
k__Bacteria|p__Firmicutes|c__CFGB1199	0	0	0.248792587082108	0.186102954289734	0	0	0	0	0	0	0
k__Bacteria|p__Firmicutes|c__CFGB1199|o__OFGB1199	0	0	0.248792587082108	0.186102954289734	0	0	0	0	0	0	0
k__Bacteria|p__Firmicutes|c__CFGB1199|o__OFGB1199|f__FGB1199	0	0	0.248792587082108	0.186102954289734	0	0	0	0	0	0	0
k__Bacteria|p__Firmicutes|c__CFGB1215	0	0	0.164223244013629	0	0	0	0	0	0	0	0
k__Bacteria|p__Firmicutes|c__CFGB1215|o__OFGB1215	0	0	0.164223244013629	0	0	0	0	0	0	0	0
k__Bacteria|p__Firmicutes|c__CFGB1215|o__OFGB1215|f__FGB1215	0	0	0.164223244013629	0	0	0	0	0	0	0	0
k__Bacteria|p__Firmicutes|c__CFGB1215|o__OFGB1215|f__FGB1215|g__GGB2975	0	0	0.164223244013629	0	0	0	0	0	0	0	0
k__Bacteria|p__Firmicutes|c__CFGB1215|o__OFGB1215|f__FGB1215|g__GGB2975|s__GGB2975_SGB3957	0	0	0.164223244013629	0	0	0	0	0	0	0	0
k__Bacteria|p__Firmicutes|c__CFGB1215|o__OFGB1215|f__FGB1215|g__GGB2975|s__GGB2975_SGB3957|t__SGB3957	0	0	0.164223244013629	0	0	0	0	0	0	0	0
k__Bacteria|p__Firmicutes|c__CFGB1217	0	0	0.155508533845546	0	0	0	0	0	0	0	0
k__Bacteria|p__Firmicutes|c__CFGB1217|o__OFGB1217	0	0	0.155508533845546	0	0	0	0	0	0	0	0
k__Bacteria|p__Firmicutes|c__CFGB1217|o__OFGB1217|f__FGB1217	0	0	0.155508533845546	0	0	0	0	0	0	0	0
k__Bacteria|p__Firmicutes|c__CFGB1217|o__OFGB1217|f__FGB1217|g__GGB2982	0	0	0.155508533845546	0	0	0	0	0	0	0	0
k__Bacteria|p__Firmicutes|c__CFGB1217|o__OFGB1217|f__FGB1217|g__GGB2982|s__GGB2982_SGB3964	0	0	0.155508533845546	0	0	0	0	0	0	0	0
k__Bacteria|p__Firmicutes|c__CFGB1217|o__OFGB1217|f__FGB1217|g__GGB2982|s__GGB2982_SGB3964|t__SGB3964	0	0	0.155508533845546	0	0	0	0	0	0	0	0
k__Bacteria|p__Firmicutes|c__CFGB12412	0.523479469124006	0.391834514287871	0.695350957362472	0.506983812070551	0.835597625118006	0	0.321897016344227	0.75902227938611	0.37909937144833	0	0.215103340497356
k__Bacteria|p__Firmicutes|c__CFGB12412|o__OFGB12412	0.523479469124006	0.391834514287871	0.695350957362472	0.506983812070551	0.835597625118006	0	0.321897016344227	0.75902227938611	0.37909937144833	0	0.215103340497356
k__Bacteria|p__Firmicutes|c__CFGB12412|o__OFGB12412|f__FGB12412	0.523479469124006	0.391834514287871	0.695350957362472	0.506983812070551	0.835597625118006	0	0.321897016344227	0.75902227938611	0.37909937144833	0	0.215103340497356
k__Bacteria|p__Firmicutes|c__CFGB12412|o__OFGB12412|f__FGB12412|g__GGB35325	0.523479469124006	0.391834514287871	0.695350957362472	0.506983812070551	0.835597625118006	0	0.321897016344227	0.75902227938611	0.37909937144833	0	0.215103340497356
k__Bacteria|p__Firmicutes|c__CFGB12412|o__OFGB12412|f__FGB12412|g__GGB35325|s__GGB35325_SGB65197	0.523479469124006	0.391834514287871	0.695350957362472	0.506983812070551	0.835597625118006	0	0.321897016344227	0.75902227938611	0.37909937144833	0	0.215103340497356
k__Bacteria|p__Firmicutes|c__CFGB12412|o__OFGB12412|f__FGB12412|g__GGB35325|s__GGB35325_SGB65197|t__SGB65197	0.523479469124006	0.391834514287871	0.695350957362472	0.506983812070551	0.835597625118006	0	0.321897016344227	0.75902227938611	0.37909937144833	0	0.215103340497356
k__Bacteria|p__Firmicutes|c__CFGB12479	0	0.597778078286286	2.14271055735805	1.03536661436644	1.86187885675739	2.64541668018714	0	0	0	0	0
k__Bacteria|p__Firmicutes|c__CFGB12479|o__OFGB12479	0	0.597778078286286	2.14271055735805	1.03536661436644	1.86187885675739	2.64541668018714	0	0	0	0	0
k__Bacteria|p__Firmicutes|c__CFGB12479|o__OFGB12479|f__FGB12479	0	0.597778078286286	2.14271055735805	1.03536661436644	1.86187885675739	2.64541668018714	0	0	0	0	0
k__Bacteria|p__Firmicutes|c__CFGB12479|o__OFGB12479|f__FGB12479|g__GGB35456	0	0.597778078286286	2.14271055735805	1.03536661436644	1.86187885675739	2.64541668018714	0	0	0	0	0
k__Bacteria|p__Firmicutes|c__CFGB12479|o__OFGB12479|f__FGB12479|g__GGB35456|s__GGB35456_SGB66051	0	0.597778078286286	1.63580699735059	0.162057401573989	1.86187885675739	2.64541668018714	0	0	0	0	0
k__Bacteria|p__Firmicutes|c__CFGB12479|o__OFGB12479|f__FGB12479|g__GGB35456|s__GGB35456_SGB66051|t__SGB66051	0	0.597778078286286	1.63580699735059	0.162057401573989	1.86187885675739	2.64541668018714	0	0	0	0	0
k__Bacteria|p__Firmicutes|c__CFGB1258	0	0.233156514056596	0.684363909070221	0.207587992489264	0.787383991528704	3.88412022941901	0.326700911245835	0.235512494540287	0.338113461697943	0	0.555009426780287
k__Bacteria|p__Firmicutes|c__CFGB1258|o__OFGB1258	0	0.233156514056596	0.684363909070221	0.207587992489264	0.787383991528704	3.88412022941901	0.326700911245835	0.235512494540287	0.338113461697943	0	0.555009426780287
k__Bacteria|p__Firmicutes|c__CFGB1258|o__OFGB1258|f__FGB1258	0	0.233156514056596	0.684363909070221	0.207587992489264	0.787383991528704	3.88412022941901	0.326700911245835	0.235512494540287	0.338113461697943	0	0.555009426780287
k__Bacteria|p__Firmicutes|c__CFGB1258|o__OFGB1258|f__FGB1258|g__GGB3051	0	0.233156514056596	0.684363909070221	0.207587992489264	0.787383991528704	0	0.326700911245835	0	0.338113461697943	0	0.555009426780287
k__Bacteria|p__Firmicutes|c__CFGB1258|o__OFGB1258|f__FGB1258|g__GGB3051|s__GGB3051_SGB4052	0	0.233156514056596	0.684363909070221	0.207587992489264	0.787383991528704	0	0.326700911245835	0	0.338113461697943	0	0.555009426780287
k__Bacteria|p__Firmicutes|c__CFGB1258|o__OFGB1258|f__FGB1258|g__GGB3051|s__GGB3051_SGB4052|t__SGB4052	0	0.233156514056596	0.684363909070221	0.207587992489264	0.787383991528704	0	0.326700911245835	0	0.338113461697943	0	0.555009426780287
k__Bacteria|p__Firmicutes|c__CFGB1258|o__OFGB1258|f__FGB1258|g__GGB3052	0	0	0	0	0	3.88412022941901	0	0.235512494540287	0	0	0
k__Bacteria|p__Firmicutes|c__CFGB1258|o__OFGB1258|f__FGB1258|g__GGB3052|s__GGB3052_SGB4053	0	0	0	0	0	3.88412022941901	0	0.235512494540287	0	0	0
k__Bacteria|p__Firmicutes|c__CFGB1258|o__OFGB1258|f__FGB1258|g__GGB3052|s__GGB3052_SGB4053|t__SGB4053	0	0	0	0	0	3.88412022941901	0	0.235512494540287	0	0	0
k__Bacteria|p__Firmicutes|c__CFGB12855	0	0	0.507126912511193	0.205197375735509	0	0	0	0	0	0	0
k__Bacteria|p__Firmicutes|c__CFGB12855|o__OFGB12855	0	0	0.507126912511193	0.205197375735509	0	0	0	0	0	0	0
k__Bacteria|p__Firmicutes|c__CFGB12855|o__OFGB12855|f__FGB12855	0	0	0.507126912511193	0.205197375735509	0	0	0	0	0	0	0
k__Bacteria|p__Firmicutes|c__CFGB12855|o__OFGB12855|f__FGB12855|g__GGB36331	0	0	0.507126912511193	0.205197375735509	0	0	0	0	0	0	0
k__Bacteria|p__Firmicutes|c__CFGB12855|o__OFGB12855|f__FGB12855|g__GGB36331|s__GGB36331_SGB63183	0	0	0.507126912511193	0.205197375735509	0	0	0	0	0	0	0
k__Bacteria|p__Firmicutes|c__CFGB12855|o__OFGB12855|f__FGB12855|g__GGB36331|s__GGB36331_SGB63183|t__SGB63183	0	0	0.507126912511193	0.205197375735509	0	0	0	0	0	0	0
k__Bacteria|p__Firmicutes|c__CFGB1341	0	0	1.31050159461471	0	0.833527200237667	0	0	0	0	0	0
k__Bacteria|p__Firmicutes|c__CFGB1341|o__OFGB1341	0	0	1.31050159461471	0	0.833527200237667	0	0	0	0	0	0
k__Bacteria|p__Firmicutes|c__CFGB1341|o__OFGB1341|f__FGB1341	0	0	1.31050159461471	0	0.833527200237667	0	0	0	0	0	0
k__Bacteria|p__Firmicutes|c__CFGB1341|o__OFGB1341|f__FGB1341|g__GGB3257	0	0	1.31050159461471	0	0.833527200237667	0	0	0	0	0	0
k__Bacteria|p__Firmicutes|c__CFGB1341|o__OFGB1341|f__FGB1341|g__GGB3257|s__GGB3257_SGB4304	0	0	1.31050159461471	0	0.833527200237667	0	0	0	0	0	0
k__Bacteria|p__Firmicutes|c__CFGB1341|o__OFGB1341|f__FGB1341|g__GGB3257|s__GGB3257_SGB4304|t__SGB4304	0	0	1.31050159461471	0	0.833527200237667	0	0	0	0	0	0
k__Bacteria|p__Firmicutes|c__CFGB14246	0.995539599028225	0.325013341128351	0.200047026976083	0	0.659577782229822	0.902157042988348	0.482232800958069	0	0.181377052970645	0	1.02446327557715
k__Bacteria|p__Firmicutes|c__CFGB14246|o__OFGB14246	0.995539599028225	0.325013341128351	0.200047026976083	0	0.659577782229822	0.902157042988348	0.482232800958069	0	0.181377052970645	0	1.02446327557715
k__Bacteria|p__Firmicutes|c__CFGB14246|o__OFGB14246|f__FGB14246	0.995539599028225	0.325013341128351	0.200047026976083	0	0.659577782229822	0.902157042988348	0.482232800958069	0	0.181377052970645	0	1.02446327557715
k__Bacteria|p__Firmicutes|c__CFGB14246|o__OFGB14246|f__FGB14246|g__GGB38987	0.995539599028225	0.325013341128351	0.200047026976083	0	0.659577782229822	0.902157042988348	0.482232800958069	0	0.181377052970645	0	1.02446327557715
k__Bacteria|p__Firmicutes|c__CFGB14246|o__OFGB14246|f__FGB14246|g__GGB38987|s__GGB38987_SGB53576	0.995539599028225	0.325013341128351	0.200047026976083	0	0.659577782229822	0.902157042988348	0.482232800958069	0	0.181377052970645	0	1.02446327557715
k__Bacteria|p__Firmicutes|c__CFGB14246|o__OFGB14246|f__FGB14246|g__GGB38987|s__GGB38987_SGB53576|t__SGB53576	0.995539599028225	0.325013341128351	0.200047026976083	0	0.659577782229822	0.902157042988348	0.482232800958069	0	0.181377052970645	0	1.02446327557715
k__Bacteria|p__Firmicutes|c__CFGB1427	0	0	0.298649409281713	0.179341620067579	0.299257046595243	0.673868331157115	0	0	0	0	0
k__Bacteria|p__Firmicutes|c__CFGB1427|o__OFGB1427	0	0	0.298649409281713	0.179341620067579	0.299257046595243	0.673868331157115	0	0	0	0	0
k__Bacteria|p__Firmicutes|c__CFGB1427|o__OFGB1427|f__FGB1427	0	0	0.298649409281713	0.179341620067579	0.299257046595243	0.673868331157115	0	0	0	0	0
k__Bacteria|p__Firmicutes|c__CFGB1427|o__OFGB1427|f__FGB1427|g__GGB3494	0	0	0.298649409281713	0.179341620067579	0.299257046595243	0.673868331157115	0	0	0	0	0
k__Bacteria|p__Firmicutes|c__CFGB1427|o__OFGB1427|f__FGB1427|g__GGB3494|s__GGB3494_SGB4668	0	0	0.298649409281713	0.179341620067579	0.299257046595243	0.673868331157115	0	0	0	0	0
k__Bacteria|p__Firmicutes|c__CFGB1427|o__OFGB1427|f__FGB1427|g__GGB3494|s__GGB3494_SGB4668|t__SGB4668	0	0	0.298649409281713	0.179341620067579	0.299257046595243	0.673868331157115	0	0	0	0	0
k__Bacteria|p__Firmicutes|c__CFGB1434	0.525312136737971	0	0	0	0	0.297960742757874	0.152307946098835	0	0.268474339183319	0	0.264512808502886
k__Bacteria|p__Firmicutes|c__CFGB1434|o__OFGB1434	0.525312136737971	0	0	0	0	0.297960742757874	0.152307946098835	0	0.268474339183319	0	0.264512808502886
k__Bacteria|p__Firmicutes|c__CFGB1434|o__OFGB1434|f__FGB1434	0.525312136737971	0	0	0	0	0.297960742757874	0.152307946098835	0	0.268474339183319	0	0.264512808502886
k__Bacteria|p__Firmicutes|c__CFGB1434|o__OFGB1434|f__FGB1434|g__GGB3510	0.525312136737971	0	0	0	0	0.297960742757874	0.152307946098835	0	0.268474339183319	0	0.264512808502886
k__Bacteria|p__Firmicutes|c__CFGB1434|o__OFGB1434|f__FGB1434|g__GGB3510|s__GGB3510_SGB4687	0.525312136737971	0	0	0	0	0.297960742757874	0.152307946098835	0	0.268474339183319	0	0.264512808502886
k__Bacteria|p__Firmicutes|c__CFGB1434|o__OFGB1434|f__FGB1434|g__GGB3510|s__GGB3510_SGB4687|t__SGB4687	0.525312136737971	0	0	0	0	0.297960742757874	0.152307946098835	0	0.268474339183319	0	0.264512808502886
k__Bacteria|p__Firmicutes|c__CFGB1435	0	0	0	0	0	0	0	0	0	0	0.464799323761621
k__Bacteria|p__Firmicutes|c__CFGB1435|o__OFGB1435	0	0	0	0	0	0	0	0	0	0	0.464799323761621
k__Bacteria|p__Firmicutes|c__CFGB1435|o__OFGB1435|f__FGB1435	0	0	0	0	0	0	0	0	0	0	0.464799323761621
k__Bacteria|p__Firmicutes|c__CFGB1435|o__OFGB1435|f__FGB1435|g__GGB3511	0	0	0	0	0	0	0	0	0	0	0.464799323761621
k__Bacteria|p__Firmicutes|c__CFGB1435|o__OFGB1435|f__FGB1435|g__GGB3511|s__GGB3511_SGB4688	0	0	0	0	0	0	0	0	0	0	0.464799323761621
k__Bacteria|p__Firmicutes|c__CFGB1435|o__OFGB1435|f__FGB1435|g__GGB3511|s__GGB3511_SGB4688|t__SGB4688	0	0	0	0	0	0	0	0	0	0	0.464799323761621
k__Bacteria|p__Firmicutes|c__CFGB14377	0	0	0.486559909349711	0.269267016060126	0.231258556609467	0	0	0	0	0	0
k__Bacteria|p__Firmicutes|c__CFGB14377|o__OFGB14377	0	0	0.486559909349711	0.269267016060126	0.231258556609467	0	0	0	0	0	0
k__Bacteria|p__Firmicutes|c__CFGB14377|o__OFGB14377|f__FGB14377	0	0	0.486559909349711	0.269267016060126	0.231258556609467	0	0	0	0	0	0
k__Bacteria|p__Firmicutes|c__CFGB14377|o__OFGB14377|f__FGB14377|g__GGB39570	0	0	0.486559909349711	0.269267016060126	0.231258556609467	0	0	0	0	0	0
k__Bacteria|p__Firmicutes|c__CFGB14377|o__OFGB14377|f__FGB14377|g__GGB39570|s__GGB39570_SGB47641	0	0	0.486559909349711	0.269267016060126	0.231258556609467	0	0	0	0	0	0
k__Bacteria|p__Firmicutes|c__CFGB14377|o__OFGB14377|f__FGB14377|g__GGB39570|s__GGB39570_SGB47641|t__SGB47641	0	0	0.486559909349711	0.269267016060126	0.231258556609467	0	0	0	0	0	0
k__Bacteria|p__Firmicutes|c__CFGB14400	0.575971750497349	0	0	0	0	0	4.44259696697123	2.58389117228811	0	0	0
k__Bacteria|p__Firmicutes|c__CFGB14400|o__OFGB14400	0.575971750497349	0	0	0	0	0	4.44259696697123	2.58389117228811	0	0	0
k__Bacteria|p__Firmicutes|c__CFGB14400|o__OFGB14400|f__FGB14400	0.575971750497349	0	0	0	0	0	4.44259696697123	2.58389117228811	0	0	0
k__Bacteria|p__Firmicutes|c__CFGB14400|o__OFGB14400|f__FGB14400|g__GGB39609	0.575971750497349	0	0	0	0	0	4.44259696697123	2.58389117228811	0	0	0
k__Bacteria|p__Firmicutes|c__CFGB14400|o__OFGB14400|f__FGB14400|g__GGB39609|s__GGB39609_SGB53574	0.575971750497349	0	0	0	0	0	4.44259696697123	2.58389117228811	0	0	0
k__Bacteria|p__Firmicutes|c__CFGB14400|o__OFGB14400|f__FGB14400|g__GGB39609|s__GGB39609_SGB53574|t__SGB53574	0.575971750497349	0	0	0	0	0	4.44259696697123	2.58389117228811	0	0	0
k__Bacteria|p__Firmicutes|c__CFGB1765	0	0	0	0	0	0	0	0	0	0.350513467302778	0
k__Bacteria|p__Firmicutes|c__CFGB1765|o__OFGB1765	0	0	0	0	0	0	0	0	0	0.350513467302778	0
k__Bacteria|p__Firmicutes|c__CFGB1765|o__OFGB1765|f__FGB1765	0	0	0	0	0	0	0	0	0	0.350513467302778	0
k__Bacteria|p__Firmicutes|c__CFGB1765|o__OFGB1765|f__FGB1765|g__GGB4571	0	0	0	0	0	0	0	0	0	0.350513467302778	0
k__Bacteria|p__Firmicutes|c__CFGB1765|o__OFGB1765|f__FGB1765|g__GGB4571|s__GGB4571_SGB6321	0	0	0	0	0	0	0	0	0	0.350513467302778	0
k__Bacteria|p__Firmicutes|c__CFGB1765|o__OFGB1765|f__FGB1765|g__GGB4571|s__GGB4571_SGB6321|t__SGB6321	0	0	0	0	0	0	0	0	0	0.350513467302778	0
k__Bacteria|p__Firmicutes|c__CFGB1842	0	4.30928304154578	4.71145267850335	0	3.42782537929181	0	0	0	0	0	0
k__Bacteria|p__Firmicutes|c__CFGB1842|o__OFGB1842	0	4.30928304154578	4.71145267850335	0	3.42782537929181	0	0	0	0	0	0
k__Bacteria|p__Firmicutes|c__CFGB1842|o__OFGB1842|f__FGB1842	0	4.30928304154578	4.71145267850335	0	3.42782537929181	0	0	0	0	0	0
k__Bacteria|p__Firmicutes|c__CFGB25373	2.32607174658848	5.65453817778436	1.71872413735348	0	0	1.5114298743714	1.65798885817604	0.203074533829763	0.804333928636864	0	3.63942600539551
k__Bacteria|p__Firmicutes|c__CFGB25373|o__OFGB25373	2.32607174658848	5.65453817778436	1.71872413735348	0	0	1.5114298743714	1.65798885817604	0.203074533829763	0.804333928636864	0	3.63942600539551
k__Bacteria|p__Firmicutes|c__CFGB25373|o__OFGB25373|f__FGB25373	2.32607174658848	5.65453817778436	1.71872413735348	0	0	1.5114298743714	1.65798885817604	0.203074533829763	0.804333928636864	0	3.63942600539551
k__Bacteria|p__Firmicutes|c__CFGB25373|o__OFGB25373|f__FGB25373|g__GGB45597	2.32607174658848	5.65453817778436	1.71872413735348	0	0	0	1.65798885817604	0.203074533829763	0.804333928636864	0	3.63942600539551
k__Bacteria|p__Firmicutes|c__CFGB3000	0	0	0	0	0	0	0	0	0	0.215626492957901	0
k__Bacteria|p__Firmicutes|c__CFGB3000|o__OFGB3000	0	0	0	0	0	0	0	0	0	0.215626492957901	0
k__Bacteria|p__Firmicutes|c__CFGB3000|o__OFGB3000|f__FGB3000	0	0	0	0	0	0	0	0	0	0.215626492957901	0
k__Bacteria|p__Firmicutes|c__CFGB3000|o__OFGB3000|f__FGB3000|g__GGB9451	0	0	0	0	0	0	0	0	0	0.215626492957901	0
k__Bacteria|p__Firmicutes|c__CFGB3000|o__OFGB3000|f__FGB3000|g__GGB9451|s__GGB9451_SGB14842	0	0	0	0	0	0	0	0	0	0.215626492957901	0
k__Bacteria|p__Firmicutes|c__CFGB3000|o__OFGB3000|f__FGB3000|g__GGB9451|s__GGB9451_SGB14842|t__SGB14842	0	0	0	0	0	0	0	0	0	0.215626492957901	0
k__Bacteria|p__Firmicutes|c__CFGB3005	0	0	0	0	0	0.331470383995212	0	0	0	0	0.146595640205594
k__Bacteria|p__Firmicutes|c__CFGB3005|o__OFGB3005	0	0	0	0	0	0.331470383995212	0	0	0	0	0.146595640205594
k__Bacteria|p__Firmicutes|c__CFGB3005|o__OFGB3005|f__FGB3005	0	0	0	0	0	0.331470383995212	0	0	0	0	0.146595640205594
k__Bacteria|p__Firmicutes|c__CFGB3005|o__OFGB3005|f__FGB3005|g__GGB9469	0	0	0	0	0	0.331470383995212	0	0	0	0	0.146595640205594
k__Bacteria|p__Firmicutes|c__CFGB3005|o__OFGB3005|f__FGB3005|g__GGB9469|s__GGB9469_SGB14863	0	0	0	0	0	0.331470383995212	0	0	0	0	0.146595640205594
k__Bacteria|p__Firmicutes|c__CFGB3005|o__OFGB3005|f__FGB3005|g__GGB9469|s__GGB9469_SGB14863|t__SGB14863	0	0	0	0	0	0.331470383995212	0	0	0	0	0.146595640205594
k__Bacteria|p__Firmicutes|c__CFGB41708	0	0	0	0	0.286745342996863	0	0	0	0	0	0
k__Bacteria|p__Firmicutes|c__CFGB41708|o__OFGB41708	0	0	0	0	0.286745342996863	0	0	0	0	0	0
k__Bacteria|p__Firmicutes|c__CFGB41708|o__OFGB41708|f__FGB41708	0	0	0	0	0.286745342996863	0	0	0	0	0	0
k__Bacteria|p__Firmicutes|c__CFGB41708|o__OFGB41708|f__FGB41708|g__GGB45616	0	0	0	0	0.286745342996863	0	0	0	0	0	0
k__Bacteria|p__Firmicutes|c__CFGB9581	0	0	0.239209097978286	0	0	0	0	0	0	0	0
k__Bacteria|p__Firmicutes|c__CFGB9581|o__OFGB9581	0	0	0.239209097978286	0	0	0	0	0	0	0	0
k__Bacteria|p__Firmicutes|c__CFGB9581|o__OFGB9581|f__FGB9581	0	0	0.239209097978286	0	0	0	0	0	0	0	0
k__Bacteria|p__Firmicutes|c__Clostridia	1.17382512746279	4.7380952647681	10.1895825657417	8.34734219768076	9.91181302136705	20.7314086784271	3.28097261517296	2.50744859819676	1.60670826135983	10.6055297284968	5.27555281188281
k__Bacteria|p__Firmicutes|c__Clostridia|o__Clostridiales	1.17382512746279	4.7380952647681	10.1895825657417	8.34734219768076	9.91181302136705	20.7314086784271	3.28097261517296	2.50744859819676	1.60670826135983	10.6055297284968	5.27555281188281
k__Bacteria|p__Firmicutes|c__Clostridia|o__Clostridiales|f__Clostridiaceae	0	0	0.36352057199093	0.460092386794447	0.681924837941173	0.33822365410619	0.191973203431443	0	0	0.284506468102101	0.175463766177286
k__Bacteria|p__Firmicutes|c__Clostridia|o__Clostridiales|f__Clostridiaceae|g__Clostridium	0	0	0.160858283011599	0.235549364560641	0.431871792068444	0	0	0	0	0	0.175463766177286
k__Bacteria|p__Firmicutes|c__Clostridia|o__Clostridiales|f__Clostridiaceae|g__Clostridium|s__Clostridium_SGB15158	0	0	0	0	0.431871792068444	0	0	0	0	0	0.175463766177286
k__Bacteria|p__Firmicutes|c__Clostridia|o__Clostridiales|f__Clostridiaceae|g__Clostridium|s__Clostridium_SGB15158|t__SGB15158	0	0	0	0	0.431871792068444	0	0	0	0	0	0.175463766177286
k__Bacteria|p__Firmicutes|c__Clostridia|o__Clostridiales|f__Clostridiaceae|g__Clostridium|s__Clostridium_sp_AT4	0	0	0.160858283011599	0	0	0	0	0	0	0	0
k__Bacteria|p__Firmicutes|c__Clostridia|o__Clostridiales|f__Clostridiaceae|g__Clostridium|s__Clostridium_sp_AT4|t__SGB4753	0	0	0.160858283011599	0	0	0	0	0	0	0	0
k__Bacteria|p__Firmicutes|c__Clostridia|o__Clostridiales|f__Clostridiaceae|g__Clostridium|s__Clostridium_ventriculi	0	0	0	0.235549364560641	0	0	0	0	0	0	0
k__Bacteria|p__Firmicutes|c__Clostridia|o__Clostridiales|f__Clostridiaceae|g__Clostridium|s__Clostridium_ventriculi|t__SGB6190	0	0	0	0.235549364560641	0	0	0	0	0	0	0
k__Bacteria|p__Firmicutes|c__Clostridia|o__Clostridiales|f__Clostridiaceae|g__GGB3533	0	0	0.202662288979331	0.224543022233806	0.250053045872729	0.33822365410619	0.191973203431443	0	0	0.284506468102101	0
k__Bacteria|p__Firmicutes|c__Clostridia|o__Clostridiales|f__Clostridiaceae|g__GGB3533|s__GGB3533_SGB4721	0	0	0.202662288979331	0.224543022233806	0.250053045872729	0.33822365410619	0.191973203431443	0	0	0.284506468102101	0
k__Bacteria|p__Firmicutes|c__Clostridia|o__Clostridiales|f__Clostridiaceae|g__GGB3533|s__GGB3533_SGB4721|t__SGB4721	0	0	0.202662288979331	0.224543022233806	0.250053045872729	0.33822365410619	0.191973203431443	0	0	0.284506468102101	0
k__Bacteria|p__Firmicutes|c__Clostridia|o__Clostridiales|f__Clostridiales_unclassified	0	0	1.38550788781575	0.529667695940339	0.531873202991658	0.717081629367318	0	0.189910914703794	0	0	0.485966670221683
k__Bacteria|p__Firmicutes|c__Clostridia|o__Clostridiales|f__Clostridiales_unclassified|g__Clostridiales_unclassified	0	0	1.38550788781575	0.529667695940339	0.531873202991658	0.717081629367318	0	0.189910914703794	0	0	0.485966670221683
k__Bacteria|p__Firmicutes|c__Clostridia|o__Clostridiales|f__Clostridiales_unclassified|g__Clostridiales_unclassified|s__Clostridiales_bacterium_Choco116	0	0	1.38550788781575	0.529667695940339	0.531873202991658	0.717081629367318	0	0.189910914703794	0	0	0.485966670221683
k__Bacteria|p__Firmicutes|c__Clostridia|o__Clostridiales|f__Clostridiales_unclassified|g__Clostridiales_unclassified|s__Clostridiales_bacterium_Choco116|t__SGB15149	0	0	1.38550788781575	0.529667695940339	0.531873202991658	0.717081629367318	0	0.189910914703794	0	0	0.485966670221683
k__Bacteria|p__Firmicutes|c__Clostridia|o__Clostridiales|f__Eubacteriaceae	0	0.371626748769968	0	0.671947408470265	0	0	0	0	0	0.357021243621488	0
k__Bacteria|p__Firmicutes|c__Clostridia|o__Clostridiales|f__Eubacteriaceae|g__Eubacterium	0	0.371626748769968	0	0	0	0	0	0	0	0.357021243621488	0
k__Bacteria|p__Firmicutes|c__Clostridia|o__Clostridiales|f__Eubacteriaceae|g__Eubacterium|s__Eubacterium_callanderi	0	0	0	0	0	0	0	0	0	0.357021243621488	0
k__Bacteria|p__Firmicutes|c__Clostridia|o__Clostridiales|f__Eubacteriaceae|g__Eubacterium|s__Eubacterium_callanderi|t__SGB4080	0	0	0	0	0	0	0	0	0	0.357021243621488	0
k__Bacteria|p__Firmicutes|c__Clostridia|o__Clostridiales|f__Eubacteriaceae|g__Eubacterium|s__Eubacterium_sp_AM28_29	0	0.371626748769968	0	0	0	0	0	0	0	0	0
k__Bacteria|p__Firmicutes|c__Clostridia|o__Clostridiales|f__Eubacteriaceae|g__Eubacterium|s__Eubacterium_sp_AM28_29|t__SGB6796	0	0.371626748769968	0	0	0	0	0	0	0	0	0
k__Bacteria|p__Firmicutes|c__Clostridia|o__Clostridiales|f__Eubacteriaceae|g__GGB3743	0	0	0	0.671947408470265	0	0	0	0	0	0	0
k__Bacteria|p__Firmicutes|c__Clostridia|o__Clostridiales|f__Eubacteriaceae|g__GGB3743|s__GGB3743_SGB5086	0	0	0	0.671947408470265	0	0	0	0	0	0	0
k__Bacteria|p__Firmicutes|c__Clostridia|o__Clostridiales|f__Eubacteriaceae|g__GGB3743|s__GGB3743_SGB5086|t__SGB5086	0	0	0	0.671947408470265	0	0	0	0	0	0	0
k__Bacteria|p__Firmicutes|c__Clostridia|o__Clostridiales|f__Lachnospiraceae	0.705534523215322	3.71984445958834	3.05283062112238	2.82734481112999	6.12749590556371	15.1858855805306	2.19507553280185	1.98842973979869	0.946174277866207	6.76795348723148	3.06458654997033
k__Bacteria|p__Firmicutes|c__Clostridia|o__Clostridiales|f__Lachnospiraceae|g__Blautia	0.705534523215322	2.39301403230878	0.828085252664154	0.170967762309382	2.6091248461024	7.00193057546288	1.58258158760525	1.98842973979869	0.603375976578516	2.96349021314202	1.59248559129687
k__Bacteria|p__Firmicutes|c__Clostridia|o__Clostridiales|f__Lachnospiraceae|g__Blautia|s__Blautia_hansenii	0.705534523215322	0.170525828023175	0	0	1.16236392070441	5.44641265475909	1.42457086763209	0.449990439604082	0.603375976578516	1.73637635843675	1.59248559129687
k__Bacteria|p__Firmicutes|c__Clostridia|o__Clostridiales|f__Lachnospiraceae|g__Blautia|s__Blautia_hansenii|t__SGB4862	0.705534523215322	0.170525828023175	0	0	1.16236392070441	5.44641265475909	1.42457086763209	0.449990439604082	0.603375976578516	1.73637635843675	1.59248559129687
k__Bacteria|p__Firmicutes|c__Clostridia|o__Clostridiales|f__Lachnospiraceae|g__Blautia|s__Blautia_hydrogenotrophica	0	0	0	0	0	0.488293090302982	0	0	0	0	0
k__Bacteria|p__Firmicutes|c__Clostridia|o__Clostridiales|f__Lachnospiraceae|g__Blautia|s__Blautia_hydrogenotrophica|t__SGB4677	0	0	0	0	0	0.488293090302982	0	0	0	0	0
k__Bacteria|p__Firmicutes|c__Clostridia|o__Clostridiales|f__Lachnospiraceae|g__Blautia|s__Blautia_producta	0	0	0	0	0	0	0	0	0	0.320747369783384	0
k__Bacteria|p__Firmicutes|c__Clostridia|o__Clostridiales|f__Lachnospiraceae|g__Blautia|s__Blautia_producta|t__SGB4786	0	0	0	0	0	0	0	0	0	0.320747369783384	0
k__Bacteria|p__Firmicutes|c__Clostridia|o__Clostridiales|f__Lachnospiraceae|g__Blautia|s__Blautia_SGB4586	0	0	0	0	0.486911223729347	0.740472038144233	0	0	0	0	0
k__Bacteria|p__Firmicutes|c__Clostridia|o__Clostridiales|f__Lachnospiraceae|g__Blautia|s__Blautia_SGB4586|t__SGB4586	0	0	0	0	0.486911223729347	0.740472038144233	0	0	0	0	0
k__Bacteria|p__Firmicutes|c__Clostridia|o__Clostridiales|f__Lachnospiraceae|g__Blautia|s__Blautia_SGB59882	0	0	0	0	0	0.326752792256582	0.158010719973155	0	0	0	0
k__Bacteria|p__Firmicutes|c__Clostridia|o__Clostridiales|f__Lachnospiraceae|g__Blautia|s__Blautia_SGB59882|t__SGB59882	0	0	0	0	0	0.326752792256582	0.158010719973155	0	0	0	0
k__Bacteria|p__Firmicutes|c__Clostridia|o__Clostridiales|f__Lachnospiraceae|g__Blautia|s__Blautia_wexlerae	0	1.92839856476282	0.828085252664154	0	0	0	0	1.3075899945043	0	0	0
k__Bacteria|p__Firmicutes|c__Clostridia|o__Clostridiales|f__Lachnospiraceae|g__Blautia|s__Blautia_wexlerae|t__SGB4844	0	1.92839856476282	0.828085252664154	0	0	0	0	1.3075899945043	0	0	0
k__Bacteria|p__Firmicutes|c__Clostridia|o__Clostridiales|f__Lachnospiraceae|g__Blautia|s__Ruminococcus_gnavus	0	0.294089639522786	0	0	0.959849701668643	0	0	0.230849305690305	0	0.906366484921889	0
k__Bacteria|p__Firmicutes|c__Clostridia|o__Clostridiales|f__Lachnospiraceae|g__Blautia|s__Ruminococcus_gnavus|t__SGB4584	0	0.294089639522786	0	0	0.959849701668643	0	0	0.230849305690305	0	0.906366484921889	0
k__Bacteria|p__Firmicutes|c__Clostridia|o__Clostridiales|f__Lachnospiraceae|g__Dorea	0	0.169712347677065	0	0	0	0	0	0	0	0	0
k__Bacteria|p__Firmicutes|c__Clostridia|o__Clostridiales|f__Lachnospiraceae|g__Dorea|s__Dorea_formicigenerans	0	0.169712347677065	0	0	0	0	0	0	0	0	0
k__Bacteria|p__Firmicutes|c__Clostridia|o__Clostridiales|f__Lachnospiraceae|g__Dorea|s__Dorea_formicigenerans|t__SGB4575	0	0.169712347677065	0	0	0	0	0	0	0	0	0
k__Bacteria|p__Firmicutes|c__Clostridia|o__Clostridiales|f__Lachnospiraceae|g__GGB3433	0	0	0.305057601103206	0	0	0.293214806558527	0	0	0	0	0
k__Bacteria|p__Firmicutes|c__Clostridia|o__Clostridiales|f__Lachnospiraceae|g__GGB3433|s__GGB3433_SGB4574	0	0	0.305057601103206	0	0	0.293214806558527	0	0	0	0	0
k__Bacteria|p__Firmicutes|c__Clostridia|o__Clostridiales|f__Lachnospiraceae|g__GGB3433|s__GGB3433_SGB4574|t__SGB4574	0	0	0.305057601103206	0	0	0.293214806558527	0	0	0	0	0
k__Bacteria|p__Firmicutes|c__Clostridia|o__Clostridiales|f__Lachnospiraceae|g__GGB3523	0	0	0.527349245999232	0.664266945850934	1.23967893767513	0.761696495545677	0.176449869903826	0	0.128797531109137	0.524467336130101	0.359724134183606
k__Bacteria|p__Firmicutes|c__Clostridia|o__Clostridiales|f__Lachnospiraceae|g__GGB3523|s__GGB3523_SGB4703	0	0	0.527349245999232	0.664266945850934	1.23967893767513	0.761696495545677	0.176449869903826	0	0.128797531109137	0.524467336130101	0.359724134183606
k__Bacteria|p__Firmicutes|c__Clostridia|o__Clostridiales|f__Lachnospiraceae|g__GGB3523|s__GGB3523_SGB4703|t__SGB4703	0	0	0.527349245999232	0.664266945850934	1.23967893767513	0.761696495545677	0.176449869903826	0	0.128797531109137	0.524467336130101	0.359724134183606
k__Bacteria|p__Firmicutes|c__Clostridia|o__Clostridiales|f__Lachnospiraceae|g__GGB3548	0	0	0	0	0	0	0	0	0.0972556773616585	0	0
k__Bacteria|p__Firmicutes|c__Clostridia|o__Clostridiales|f__Lachnospiraceae|g__GGB3548|s__GGB3548_SGB4744	0	0	0	0	0	0	0	0	0.0972556773616585	0	0
k__Bacteria|p__Firmicutes|c__Clostridia|o__Clostridiales|f__Lachnospiraceae|g__GGB3548|s__GGB3548_SGB4744|t__SGB4744	0	0	0	0	0	0	0	0	0.0972556773616585	0	0
k__Bacteria|p__Firmicutes|c__Clostridia|o__Clostridiales|f__Lachnospiraceae|g__GGB3550	0	0	0.24859400605884	0	0	0	0	0	0	0	0
k__Bacteria|p__Firmicutes|c__Clostridia|o__Clostridiales|f__Lachnospiraceae|g__GGB3550|s__GGB3550_SGB4746	0	0	0.24859400605884	0	0	0	0	0	0	0	0
k__Bacteria|p__Firmicutes|c__Clostridia|o__Clostridiales|f__Lachnospiraceae|g__GGB3550|s__GGB3550_SGB4746|t__SGB4746	0	0	0.24859400605884	0	0	0	0	0	0	0	0
k__Bacteria|p__Firmicutes|c__Clostridia|o__Clostridiales|f__Lachnospiraceae|g__GGB3579	0	0	0.295068272673376	0.374710226697288	0.454327673010667	0.73099510631953	0.230951463942012	0	0	0.233020826917798	0.236358760078644
k__Bacteria|p__Firmicutes|c__Clostridia|o__Clostridiales|f__Lachnospiraceae|g__GGB3579|s__GGB3579_SGB4791	0	0	0.295068272673376	0.374710226697288	0	0.73099510631953	0	0	0	0.233020826917798	0
k__Bacteria|p__Firmicutes|c__Clostridia|o__Clostridiales|f__Lachnospiraceae|g__GGB3579|s__GGB3579_SGB4791|t__SGB4791	0	0	0.295068272673376	0.374710226697288	0	0.73099510631953	0	0	0	0.233020826917798	0
k__Bacteria|p__Firmicutes|c__Clostridia|o__Clostridiales|f__Lachnospiraceae|g__GGB3600	0	0.258893336350293	0.525108866193016	0.32433187340046	0.842561587646347	0.455993887035662	0.205092611350762	0	0.116745092816895	0	0.337791983113418
k__Bacteria|p__Firmicutes|c__Clostridia|o__Clostridiales|f__Lachnospiraceae|g__GGB3600|s__GGB3600_SGB4861	0	0.258893336350293	0.525108866193016	0.32433187340046	0.842561587646347	0.455993887035662	0.205092611350762	0	0.116745092816895	0	0.337791983113418
k__Bacteria|p__Firmicutes|c__Clostridia|o__Clostridiales|f__Lachnospiraceae|g__GGB3600|s__GGB3600_SGB4861|t__SGB4861	0	0.258893336350293	0.525108866193016	0.32433187340046	0.842561587646347	0.455993887035662	0.205092611350762	0	0.116745092816895	0	0.337791983113418
k__Bacteria|p__Firmicutes|c__Clostridia|o__Clostridiales|f__Lachnospiraceae|g__GGB3606	0	0.332993000894231	0	0.135157177770736	0.771705651244809	1.14675291717888	0	0	0	0	0.162842156863739
k__Bacteria|p__Firmicutes|c__Clostridia|o__Clostridiales|f__Lachnospiraceae|g__GGB3606|s__GGB3606_SGB4870	0	0.332993000894231	0	0.135157177770736	0.771705651244809	1.14675291717888	0	0	0	0	0.162842156863739
k__Bacteria|p__Firmicutes|c__Clostridia|o__Clostridiales|f__Lachnospiraceae|g__GGB3606|s__GGB3606_SGB4870|t__SGB4870	0	0.332993000894231	0	0.135157177770736	0.771705651244809	1.14675291717888	0	0	0	0	0.162842156863739
k__Bacteria|p__Firmicutes|c__Clostridia|o__Clostridiales|f__Lachnospiraceae|g__Lachnoclostridium	0	0	0.166566936019639	0	0.21009720988436	0.644848755478856	0	0	0	0.148088239271356	0
k__Bacteria|p__Firmicutes|c__Clostridia|o__Clostridiales|f__Lachnospiraceae|g__Lachnoclostridium|s__Clostridium_bolteae	0	0	0	0	0	0	0	0	0	0.148088239271356	0
k__Bacteria|p__Firmicutes|c__Clostridia|o__Clostridiales|f__Lachnospiraceae|g__Lachnoclostridium|s__Clostridium_bolteae|t__SGB4758	0	0	0	0	0	0	0	0	0	0.148088239271356	0
k__Bacteria|p__Firmicutes|c__Clostridia|o__Clostridiales|f__Lachnospiraceae|g__Lachnoclostridium|s__Clostridium_glycyrrhizinilyticum	0	0	0.166566936019639	0	0.21009720988436	0.644848755478856	0	0	0	0	0
k__Bacteria|p__Firmicutes|c__Clostridia|o__Clostridiales|f__Lachnospiraceae|g__Lachnoclostridium|s__Clostridium_glycyrrhizinilyticum|t__SGB4606	0	0	0.166566936019639	0	0.21009720988436	0.644848755478856	0	0	0	0	0
k__Bacteria|p__Firmicutes|c__Clostridia|o__Clostridiales|f__Lachnospiraceae|g__Lachnospiraceae_unclassified	0	0.565231742357973	0	1.00464060361246	0	0	0	0	0	0.898379609810669	0
k__Bacteria|p__Firmicutes|c__Clostridia|o__Clostridiales|f__Lachnospiraceae|g__Lachnospiraceae_unclassified|s__Lachnospiraceae_unclassified_SGB4550	0	0	0	0.162083703933577	0	0	0	0	0	0.898379609810669	0
k__Bacteria|p__Firmicutes|c__Clostridia|o__Clostridiales|f__Lachnospiraceae|g__Lachnospiraceae_unclassified|s__Lachnospiraceae_unclassified_SGB4550|t__SGB4550	0	0	0	0.162083703933577	0	0	0	0	0	0.898379609810669	0
k__Bacteria|p__Firmicutes|c__Clostridia|o__Clostridiales|f__Lachnospiraceae|g__Lachnospiraceae_unclassified|s__Lachnospiraceae_unclassified_SGB4793	0	0.565231742357973	0	0.842556899678887	0	0	0	0	0	0	0
k__Bacteria|p__Firmicutes|c__Clostridia|o__Clostridiales|f__Lachnospiraceae|g__Lachnospiraceae_unclassified|s__Lachnospiraceae_unclassified_SGB4793|t__SGB4793	0	0.565231742357973	0	0.842556899678887	0	0	0	0	0	0	0
k__Bacteria|p__Firmicutes|c__Clostridia|o__Clostridiales|f__Lachnospiraceae|g__Mediterraneibacter	0	0	0.15700044041092	0.153270221488728	0	1.91997541970491	0	0	0	0.157821661666206	0
k__Bacteria|p__Firmicutes|c__Clostridia|o__Clostridiales|f__Lachnospiraceae|g__Mediterraneibacter|s__Ruminococcus_torques	0	0	0.15700044041092	0.153270221488728	0	1.91997541970491	0	0	0	0.157821661666206	0
k__Bacteria|p__Firmicutes|c__Clostridia|o__Clostridiales|f__Lachnospiraceae|g__Mediterraneibacter|s__Ruminococcus_torques|t__SGB4608	0	0	0.15700044041092	0.153270221488728	0	1.91997541970491	0	0	0	0.157821661666206	0
k__Bacteria|p__Firmicutes|c__Clostridia|o__Clostridiales|f__Lachnospiraceae|g__Sellimonas	0	0	0	0	0	0	0	0	0	1.84268560029333	0
k__Bacteria|p__Firmicutes|c__Clostridia|o__Clostridiales|f__Lachnospiraceae|g__Sellimonas|s__Sellimonas_intestinalis	0	0	0	0	0	0	0	0	0	1.84268560029333	0
k__Bacteria|p__Firmicutes|c__Clostridia|o__Clostridiales|f__Lachnospiraceae|g__Sellimonas|s__Sellimonas_intestinalis|t__SGB4617	0	0	0	0	0	0	0	0	0	1.84268560029333	0
k__Bacteria|p__Firmicutes|c__Clostridia|o__Clostridiales|f__Lachnospiraceae|g__Tyzzerella	0	0	0	0	0	2.23047761724571	0	0	0	0	0
k__Bacteria|p__Firmicutes|c__Clostridia|o__Clostridiales|f__Lachnospiraceae|g__Tyzzerella|s__Tyzzerella_SGB4587	0	0	0	0	0	2.23047761724571	0	0	0	0	0
k__Bacteria|p__Firmicutes|c__Clostridia|o__Clostridiales|f__Lachnospiraceae|g__Tyzzerella|s__Tyzzerella_SGB4587|t__SGB4587	0	0	0	0	0	2.23047761724571	0	0	0	0	0
k__Bacteria|p__Firmicutes|c__Clostridia|o__Clostridiales|f__Oscillospiraceae	0	0	0	0	0.189905606333541	0	0.261606459907839	0	0.2745070482957	0	0
k__Bacteria|p__Firmicutes|c__Clostridia|o__Clostridiales|f__Oscillospiraceae|g__Oscillibacter	0	0	0	0	0.189905606333541	0	0.261606459907839	0	0.2745070482957	0	0
k__Bacteria|p__Firmicutes|c__Clostridia|o__Clostridiales|f__Oscillospiraceae|g__Oscillibacter|s__Oscillibacter_sp_KLE_1728	0	0	0	0	0	0	0.261606459907839	0	0.2745070482957	0	0
k__Bacteria|p__Firmicutes|c__Clostridia|o__Clostridiales|f__Oscillospiraceae|g__Oscillibacter|s__Oscillibacter_sp_KLE_1728|t__SGB15078	0	0	0	0	0	0	0.261606459907839	0	0.2745070482957	0	0
k__Bacteria|p__Firmicutes|c__Clostridia|o__Clostridiales|f__Peptostreptococcaceae	0	0.334907982846446	0.526328855765977	0.841329956281535	0.411046234330133	0.725363436464226	0	0	0.101255669667567	0	0.161155358805199
k__Bacteria|p__Firmicutes|c__Clostridia|o__Clostridiales|f__Peptostreptococcaceae|g__Peptoclostridium	0	0	0	0.841329956281535	0	0	0	0	0.101255669667567	0	0
k__Bacteria|p__Firmicutes|c__Clostridia|o__Clostridiales|f__Peptostreptococcaceae|g__Peptostreptococcaceae_unclassified	0	0.334907982846446	0.526328855765977	0	0.411046234330133	0.725363436464226	0	0	0	0	0.161155358805199
k__Bacteria|p__Firmicutes|c__Clostridia|o__Clostridiales|f__Peptostreptococcaceae|g__Peptostreptococcaceae_unclassified|s__Clostridium_hiranonis	0	0.334907982846446	0.526328855765977	0	0.411046234330133	0.725363436464226	0	0	0	0	0.161155358805199
k__Bacteria|p__Firmicutes|c__Clostridia|o__Clostridiales|f__Peptostreptococcaceae|g__Peptostreptococcaceae_unclassified|s__Clostridium_hiranonis|t__SGB6131	0	0.334907982846446	0.526328855765977	0	0.411046234330133	0.725363436464226	0	0	0	0	0.161155358805199
k__Bacteria|p__Firmicutes|c__Clostridia|o__Clostridiales|f__Ruminococcaceae	0.468290604247464	0.311716073563343	4.86139462904666	3.01695993906418	1.96956723420683	3.76485437795875	0.63231741903183	0.329107943694281	0.284771265530354	3.19604852954172	1.38838046670832
k__Bacteria|p__Firmicutes|c__Clostridia|o__Clostridiales|f__Ruminococcaceae|g__Agathobaculum	0	0	0.402813695277623	0	0.259294020202139	1.20240150862579	0	0	0	0	0.261881708209636
k__Bacteria|p__Firmicutes|c__Clostridia|o__Clostridiales|f__Ruminococcaceae|g__Agathobaculum|s__Agathobaculum_desmolans	0	0	0.402813695277623	0	0.259294020202139	1.20240150862579	0	0	0	0	0.261881708209636
k__Bacteria|p__Firmicutes|c__Clostridia|o__Clostridiales|f__Ruminococcaceae|g__Agathobaculum|s__Agathobaculum_desmolans|t__SGB14989	0	0	0.402813695277623	0	0.259294020202139	1.20240150862579	0	0	0	0	0.261881708209636
k__Bacteria|p__Firmicutes|c__Clostridia|o__Clostridiales|f__Ruminococcaceae|g__Anaerotruncus	0	0	0	0	0	0.586995963277024	0	0	0	0	0
k__Bacteria|p__Firmicutes|c__Clostridia|o__Clostridiales|f__Ruminococcaceae|g__Anaerotruncus|s__Anaerotruncus_colihominis	0	0	0	0	0	0.586995963277024	0	0	0	0	0
k__Bacteria|p__Firmicutes|c__Clostridia|o__Clostridiales|f__Ruminococcaceae|g__Anaerotruncus|s__Anaerotruncus_colihominis|t__SGB14963	0	0	0	0	0	0.586995963277024	0	0	0	0	0
k__Bacteria|p__Firmicutes|c__Clostridia|o__Clostridiales|f__Ruminococcaceae|g__Drancourtella	0	0	0	0	0	0	0.321244521233346	0	0	0	0
k__Bacteria|p__Firmicutes|c__Clostridia|o__Clostridiales|f__Ruminococcaceae|g__Flavonifractor	0	0	0	0	0	0	0	0	0	3.0524273050354	0.310838328628155
k__Bacteria|p__Firmicutes|c__Clostridia|o__Clostridiales|f__Ruminococcaceae|g__Flavonifractor|s__Flavonifractor_plautii	0	0	0	0	0	0	0	0	0	3.0524273050354	0.310838328628155
k__Bacteria|p__Firmicutes|c__Clostridia|o__Clostridiales|f__Ruminococcaceae|g__Flavonifractor|s__Flavonifractor_plautii|t__SGB15132	0	0	0	0	0	0	0	0	0	3.0524273050354	0.310838328628155
k__Bacteria|p__Firmicutes|c__Clostridia|o__Clostridiales|f__Ruminococcaceae|g__Fournierella	0	0	0.349205326107127	0.391446033139755	0	0	0	0	0	0	0
k__Bacteria|p__Firmicutes|c__Clostridia|o__Clostridiales|f__Ruminococcaceae|g__Fournierella|s__Fournierella_massiliensis	0	0	0.349205326107127	0.391446033139755	0	0	0	0	0	0	0
k__Bacteria|p__Firmicutes|c__Clostridia|o__Clostridiales|f__Ruminococcaceae|g__Fournierella|s__Fournierella_massiliensis|t__SGB15280	0	0	0.349205326107127	0.391446033139755	0	0	0	0	0	0	0
k__Bacteria|p__Firmicutes|c__Clostridia|o__Clostridiales|f__Ruminococcaceae|g__GGB9512	0.468290604247464	0.166270817174085	2.2164066726147	0	0.924798883255396	1.97545690605593	0.311072897798484	0	0.284771265530354	0	0.815660429870527
k__Bacteria|p__Firmicutes|c__Clostridia|o__Clostridiales|f__Ruminococcaceae|g__GGB9512|s__GGB9512_SGB14909	0.468290604247464	0.166270817174085	2.2164066726147	0	0.924798883255396	1.97545690605593	0.311072897798484	0	0.284771265530354	0	0.815660429870527
k__Bacteria|p__Firmicutes|c__Clostridia|o__Clostridiales|f__Ruminococcaceae|g__GGB9512|s__GGB9512_SGB14909|t__SGB14909	0.468290604247464	0.166270817174085	2.2164066726147	0	0.924798883255396	1.97545690605593	0.311072897798484	0	0.284771265530354	0	0.815660429870527
k__Bacteria|p__Firmicutes|c__Clostridia|o__Clostridiales|f__Ruminococcaceae|g__GGB9513	0	0	0.294590876288849	0.171950186893813	0.265299336989537	0	0	0	0	0	0
k__Bacteria|p__Firmicutes|c__Clostridia|o__Clostridiales|f__Ruminococcaceae|g__GGB9513|s__GGB9513_SGB14911	0	0	0.294590876288849	0.171950186893813	0.265299336989537	0	0	0	0	0	0
k__Bacteria|p__Firmicutes|c__Clostridia|o__Clostridiales|f__Ruminococcaceae|g__GGB9513|s__GGB9513_SGB14911|t__SGB14911	0	0	0.294590876288849	0.171950186893813	0.265299336989537	0	0	0	0	0	0
k__Bacteria|p__Firmicutes|c__Clostridia|o__Clostridiales|f__Ruminococcaceae|g__GGB9739	0	0.145445256389258	1.03429124824056	2.45356371903061	0.520174993759758	0	0	0.329107943694281	0	0	0
k__Bacteria|p__Firmicutes|c__Clostridia|o__Clostridiales|f__Ruminococcaceae|g__GGB9739|s__GGB9739_SGB15313	0	0.145445256389258	1.03429124824056	2.45356371903061	0.520174993759758	0	0	0.329107943694281	0	0	0
k__Bacteria|p__Firmicutes|c__Clostridia|o__Clostridiales|f__Ruminococcaceae|g__GGB9739|s__GGB9739_SGB15313|t__SGB15313	0	0.145445256389258	1.03429124824056	2.45356371903061	0.520174993759758	0	0	0.329107943694281	0	0	0
k__Bacteria|p__Firmicutes|c__Clostridia|o__Clostridiales|f__Ruminococcaceae|g__Ruminococcaceae_unclassified	0	0	0.390805060090344	0	0	0	0	0	0	0	0
k__Bacteria|p__Firmicutes|c__Clostridia|o__Clostridiales|f__Ruminococcaceae|g__Ruminococcaceae_unclassified|s__Clostridium_leptum	0	0	0.180266060486181	0	0	0	0	0	0	0	0
k__Bacteria|p__Firmicutes|c__Clostridia|o__Clostridiales|f__Ruminococcaceae|g__Ruminococcaceae_unclassified|s__Clostridium_leptum|t__SGB14853	0	0	0.180266060486181	0	0	0	0	0	0	0	0
k__Bacteria|p__Firmicutes|c__Clostridia|o__Clostridiales|f__Ruminococcaceae|g__Ruminococcaceae_unclassified|s__Ruminococcaceae_bacterium_AM07_15	0	0	0.210538999604163	0	0	0	0	0	0	0	0
k__Bacteria|p__Firmicutes|c__Clostridia|o__Clostridiales|f__Ruminococcaceae|g__Ruminococcaceae_unclassified|s__Ruminococcaceae_bacterium_AM07_15|t__SGB14974	0	0	0.210538999604163	0	0	0	0	0	0	0	0
k__Bacteria|p__Firmicutes|c__Clostridia|o__Clostridiales|f__Ruminococcaceae|g__Ruthenibacterium	0	0	0	0	0	0	0	0	0	0.143621224506317	0
k__Bacteria|p__Firmicutes|c__Clostridia|o__Clostridiales|f__Ruminococcaceae|g__Ruthenibacterium|s__Ruthenibacterium_lactatiformans	0	0	0	0	0	0	0	0	0	0.143621224506317	0
k__Bacteria|p__Firmicutes|c__Clostridia|o__Clostridiales|f__Ruminococcaceae|g__Ruthenibacterium|s__Ruthenibacterium_lactatiformans|t__SGB15271	0	0	0	0	0	0	0	0	0	0.143621224506317	0
k__Bacteria|p__Firmicutes|c__Clostridia|o__Clostridiales|f__Ruminococcaceae|g__Subdoligranulum	0	0	0.173281750427451	0	0	0	0	0	0	0	0
k__Bacteria|p__Firmicutes|c__Clostridia|o__Clostridiales|f__Ruminococcaceae|g__Subdoligranulum|s__Subdoligranulum_sp_APC924_74	0	0	0.173281750427451	0	0	0	0	0	0	0	0
k__Bacteria|p__Firmicutes|c__Clostridia|o__Clostridiales|f__Ruminococcaceae|g__Subdoligranulum|s__Subdoligranulum_sp_APC924_74|t__SGB15286	0	0	0.173281750427451	0	0	0	0	0	0	0	0
k__Bacteria|p__Firmicutes|c__Erysipelotrichia	0	0.577159503498052	0.599263108306538	0	0.232578506387515	0.399351864226054	0	1.69425185367506	0	1.16984138505166	0.164139491705078
k__Bacteria|p__Firmicutes|c__Erysipelotrichia|o__Erysipelotrichales	0	0.577159503498052	0.599263108306538	0	0.232578506387515	0.399351864226054	0	1.69425185367506	0	1.16984138505166	0.164139491705078
k__Bacteria|p__Firmicutes|c__Erysipelotrichia|o__Erysipelotrichales|f__Erysipelotrichaceae	0	0.577159503498052	0.599263108306538	0	0.232578506387515	0.399351864226054	0	1.69425185367506	0	1.16984138505166	0.164139491705078
k__Bacteria|p__Firmicutes|c__Erysipelotrichia|o__Erysipelotrichales|f__Erysipelotrichaceae|g__Faecalicoccus	0	0	0	0	0	0.399351864226054	0	0	0	1.16984138505166	0.164139491705078
k__Bacteria|p__Firmicutes|c__Erysipelotrichia|o__Erysipelotrichales|f__Erysipelotrichaceae|g__Faecalicoccus|s__Faecalicoccus_pleomorphus	0	0	0	0	0	0.399351864226054	0	0	0	1.16984138505166	0.164139491705078
k__Bacteria|p__Firmicutes|c__Erysipelotrichia|o__Erysipelotrichales|f__Erysipelotrichaceae|g__Faecalicoccus|s__Faecalicoccus_pleomorphus|t__SGB6791	0	0	0	0	0	0.399351864226054	0	0	0	1.16984138505166	0.164139491705078
k__Bacteria|p__Firmicutes|c__Erysipelotrichia|o__Erysipelotrichales|f__Erysipelotrichaceae|g__GGB4887	0	0.577159503498052	0.182760827640605	0	0.232578506387515	0	0	0	0	0	0
k__Bacteria|p__Firmicutes|c__Erysipelotrichia|o__Erysipelotrichales|f__Erysipelotrichaceae|g__GGB4887|s__GGB4887_SGB6836	0	0.577159503498052	0.182760827640605	0	0.232578506387515	0	0	0	0	0	0
k__Bacteria|p__Firmicutes|c__Erysipelotrichia|o__Erysipelotrichales|f__Erysipelotrichaceae|g__GGB4887|s__GGB4887_SGB6836|t__SGB6836	0	0.577159503498052	0.182760827640605	0	0.232578506387515	0	0	0	0	0	0
k__Bacteria|p__Firmicutes|c__Erysipelotrichia|o__Erysipelotrichales|f__Erysipelotrichaceae|g__GGB4888	0	0	0.169585675750499	0	0	0	0	0	0	0	0
k__Bacteria|p__Firmicutes|c__Erysipelotrichia|o__Erysipelotrichales|f__Erysipelotrichaceae|g__GGB4888|s__GGB4888_SGB6837	0	0	0.169585675750499	0	0	0	0	0	0	0	0
k__Bacteria|p__Firmicutes|c__Erysipelotrichia|o__Erysipelotrichales|f__Erysipelotrichaceae|g__GGB4888|s__GGB4888_SGB6837|t__SGB6837	0	0	0.169585675750499	0	0	0	0	0	0	0	0
k__Bacteria|p__Firmicutes|c__Erysipelotrichia|o__Erysipelotrichales|f__Erysipelotrichaceae|g__Turicibacter	0	0	0	0	0	0	0	1.69425185367506	0	0	0
k__Bacteria|p__Firmicutes|c__Erysipelotrichia|o__Erysipelotrichales|f__Erysipelotrichaceae|g__Turicibacter|s__Turicibacter_sanguinis	0	0	0	0	0	0	0	1.69425185367506	0	0	0
k__Bacteria|p__Firmicutes|c__Erysipelotrichia|o__Erysipelotrichales|f__Erysipelotrichaceae|g__Turicibacter|s__Turicibacter_sanguinis|t__SGB6847	0	0	0	0	0	0	0	1.69425185367506	0	0	0
k__Bacteria|p__Firmicutes|c__Firmicutes_unclassified	0	0	0	0.153843830603967	0.254335186170021	0	0	0	0	1.19513948035573	0.166942522731718
k__Bacteria|p__Firmicutes|c__Firmicutes_unclassified|o__Firmicutes_unclassified	0	0	0	0.153843830603967	0.254335186170021	0	0	0	0	1.19513948035573	0.166942522731718
k__Bacteria|p__Firmicutes|c__Firmicutes_unclassified|o__Firmicutes_unclassified|f__Firmicutes_unclassified	0	0	0	0.153843830603967	0.254335186170021	0	0	0	0	1.19513948035573	0.166942522731718
k__Bacteria|p__Firmicutes|c__Firmicutes_unclassified|o__Firmicutes_unclassified|f__Firmicutes_unclassified|g__GGB3680	0	0	0	0.153843830603967	0.254335186170021	0	0	0	0	1.19513948035573	0.166942522731718
k__Bacteria|p__Firmicutes|c__Firmicutes_unclassified|o__Firmicutes_unclassified|f__Firmicutes_unclassified|g__GGB3680|s__GGB3680_SGB4995	0	0	0	0.153843830603967	0.254335186170021	0	0	0	0	1.19513948035573	0.166942522731718
k__Bacteria|p__Firmicutes|c__Firmicutes_unclassified|o__Firmicutes_unclassified|f__Firmicutes_unclassified|g__GGB3680|s__GGB3680_SGB4995|t__SGB4995	0	0	0	0.153843830603967	0.254335186170021	0	0	0	0	1.19513948035573	0.166942522731718
k__Bacteria|p__Firmicutes|c__Negativicutes	6.40253933128852	14.9690227313808	3.25732825849525	1.92490310384607	2.38703086606416	0.362658162844983	2.35583539266401	6.76901980081506	6.89323288017794	0	7.12419724606557
k__Bacteria|p__Firmicutes|c__Negativicutes|o__Acidaminococcales	1.02726898286664	2.90025651548811	2.09819133384108	1.11049034343276	0	0	0	0	0.287116044277506	0	0.440904323501024
k__Bacteria|p__Firmicutes|c__Negativicutes|o__Acidaminococcales|f__Acidaminococcaceae	1.02726898286664	2.90025651548811	2.09819133384108	1.11049034343276	0	0	0	0	0.287116044277506	0	0.440904323501024
k__Bacteria|p__Firmicutes|c__Negativicutes|o__Acidaminococcales|f__Acidaminococcaceae|g__Acidaminococcus	1.02726898286664	2.29141468711891	0.598975240494892	0	0	0	0	0	0.287116044277506	0	0.440904323501024
k__Bacteria|p__Firmicutes|c__Negativicutes|o__Acidaminococcales|f__Acidaminococcaceae|g__Acidaminococcus|s__Acidaminococcus_intestini	1.02726898286664	0	0	0	0	0	0	0	0.287116044277506	0	0.440904323501024
k__Bacteria|p__Firmicutes|c__Negativicutes|o__Acidaminococcales|f__Acidaminococcaceae|g__Acidaminococcus|s__Acidaminococcus_intestini|t__SGB5736	1.02726898286664	0	0	0	0	0	0	0	0.287116044277506	0	0.440904323501024
k__Bacteria|p__Firmicutes|c__Negativicutes|o__Acidaminococcales|f__Acidaminococcaceae|g__Acidaminococcus|s__Acidaminococcus_SGB5744	0	2.29141468711891	0.598975240494892	0	0	0	0	0	0	0	0
k__Bacteria|p__Firmicutes|c__Negativicutes|o__Acidaminococcales|f__Acidaminococcaceae|g__Acidaminococcus|s__Acidaminococcus_SGB5744|t__SGB5744	0	2.29141468711891	0.598975240494892	0	0	0	0	0	0	0	0
k__Bacteria|p__Firmicutes|c__Negativicutes|o__Acidaminococcales|f__Acidaminococcaceae|g__GGB4249	0	0.608841828369198	1.49921609334619	1.11049034343276	0	0	0	0	0	0	0
k__Bacteria|p__Firmicutes|c__Negativicutes|o__Acidaminococcales|f__Acidaminococcaceae|g__GGB4249|s__GGB4249_SGB5749	0	0.608841828369198	1.49921609334619	1.11049034343276	0	0	0	0	0	0	0
k__Bacteria|p__Firmicutes|c__Negativicutes|o__Acidaminococcales|f__Acidaminococcaceae|g__GGB4249|s__GGB4249_SGB5749|t__SGB5749	0	0.608841828369198	1.49921609334619	1.11049034343276	0	0	0	0	0	0	0
k__Bacteria|p__Firmicutes|c__Negativicutes|o__Selenomonadales	0	0	0	0.556602862684258	0	0	0	1.35234052305125	2.33199662693111	0	1.72227715342189
k__Bacteria|p__Firmicutes|c__Negativicutes|o__Selenomonadales|f__Selenomonadaceae	0	0	0	0.556602862684258	0	0	0	1.35234052305125	2.33199662693111	0	1.72227715342189
k__Bacteria|p__Firmicutes|c__Negativicutes|o__Selenomonadales|f__Selenomonadaceae|g__Megamonas	0	0	0	0	0	0	0	1.35234052305125	2.33199662693111	0	1.72227715342189
k__Bacteria|p__Firmicutes|c__Negativicutes|o__Selenomonadales|f__Selenomonadaceae|g__Megamonas|s__Megamonas_funiformis	0	0	0	0	0	0	0	1.35234052305125	2.33199662693111	0	1.72227715342189
k__Bacteria|p__Firmicutes|c__Negativicutes|o__Selenomonadales|f__Selenomonadaceae|g__Megamonas|s__Megamonas_funiformis|t__SGB6962	0	0	0	0	0	0	0	1.35234052305125	2.33199662693111	0	1.72227715342189
k__Bacteria|p__Firmicutes|c__Negativicutes|o__Veillonellales	5.37527034842188	12.0687662158927	1.15913692465417	0.257809897729051	2.38703086606416	0.362658162844983	2.35583539266401	5.41667927776381	4.27412020896932	0	4.96101576914265
k__Bacteria|p__Firmicutes|c__Negativicutes|o__Veillonellales|f__Veillonellaceae	5.37527034842188	12.0687662158927	1.15913692465417	0.257809897729051	2.38703086606416	0.362658162844983	2.35583539266401	5.41667927776381	4.27412020896932	0	4.96101576914265
k__Bacteria|p__Firmicutes|c__Negativicutes|o__Veillonellales|f__Veillonellaceae|g__Allisonella	0	0.567261251954968	0	0	0	0	0	0	0	0	0
k__Bacteria|p__Firmicutes|c__Negativicutes|o__Veillonellales|f__Veillonellaceae|g__Allisonella|s__Allisonella_histaminiformans	0	0.567261251954968	0	0	0	0	0	0	0	0	0
k__Bacteria|p__Firmicutes|c__Negativicutes|o__Veillonellales|f__Veillonellaceae|g__Allisonella|s__Allisonella_histaminiformans|t__SGB5843	0	0.567261251954968	0	0	0	0	0	0	0	0	0
k__Bacteria|p__Firmicutes|c__Negativicutes|o__Veillonellales|f__Veillonellaceae|g__GGB4266	3.64100471204672	0	0	0	0	0	1.59444169003107	2.48575821316242	2.08060741587773	0	3.36323003748902
k__Bacteria|p__Firmicutes|c__Negativicutes|o__Veillonellales|f__Veillonellaceae|g__GGB4266|s__GGB4266_SGB5805	3.64100471204672	0	0	0	0	0	1.59444169003107	2.48575821316242	2.08060741587773	0	3.36323003748902
k__Bacteria|p__Firmicutes|c__Negativicutes|o__Veillonellales|f__Veillonellaceae|g__GGB4266|s__GGB4266_SGB5805|t__SGB5805	3.64100471204672	0	0	0	0	0	1.59444169003107	2.48575821316242	2.08060741587773	0	3.36323003748902
k__Bacteria|p__Firmicutes|c__Negativicutes|o__Veillonellales|f__Veillonellaceae|g__Megasphaera	1.73426563637516	11.5015049639377	1.15913692465417	0.257809897729051	2.38703086606416	0.362658162844983	0.761393702632941	2.93092106460138	2.19351279309159	0	1.59778573165363
k__Bacteria|p__Firmicutes|c__Negativicutes|o__Veillonellales|f__Veillonellaceae|g__Megasphaera|s__Megasphaera_elsdenii	1.73426563637516	11.5015049639377	1.15913692465417	0.257809897729051	2.38703086606416	0	0.552963040470376	2.93092106460138	2.19351279309159	0	0
k__Bacteria|p__Firmicutes|c__Negativicutes|o__Veillonellales|f__Veillonellaceae|g__Megasphaera|s__Megasphaera_elsdenii|t__SGB5862	1.73426563637516	11.5015049639377	1.15913692465417	0.257809897729051	2.38703086606416	0	0.552963040470376	2.93092106460138	2.19351279309159	0	0
k__Bacteria|p__Firmicutes|c__Negativicutes|o__Veillonellales|f__Veillonellaceae|g__Megasphaera|s__Megasphaera_stantonii	0	0	0	0	0	0.362658162844983	0.208430662162565	0	0	0	1.59778573165363
k__Bacteria|p__Firmicutes|c__Negativicutes|o__Veillonellales|f__Veillonellaceae|g__Megasphaera|s__Megasphaera_stantonii|t__SGB5854	0	0	0	0	0	0.362658162844983	0.208430662162565	0	0	0	1.59778573165363
k__Bacteria|p__Fusobacteria	0	0	0.20067932036273	0.446121757286036	0	0	0	0	0	0	0
k__Bacteria|p__Fusobacteria|c__Fusobacteriia	0	0	0.20067932036273	0.446121757286036	0	0	0	0	0	0	0
k__Bacteria|p__Fusobacteria|c__Fusobacteriia|o__Fusobacteriales	0	0	0.20067932036273	0.446121757286036	0	0	0	0	0	0	0
k__Bacteria|p__Fusobacteria|c__Fusobacteriia|o__Fusobacteriales|f__Fusobacteriaceae	0	0	0.20067932036273	0.446121757286036	0	0	0	0	0	0	0
k__Bacteria|p__Fusobacteria|c__Fusobacteriia|o__Fusobacteriales|f__Fusobacteriaceae|g__GGB4381	0	0	0.20067932036273	0.446121757286036	0	0	0	0	0	0	0
k__Bacteria|p__Fusobacteria|c__Fusobacteriia|o__Fusobacteriales|f__Fusobacteriaceae|g__GGB4381|s__GGB4381_SGB6028	0	0	0.20067932036273	0.446121757286036	0	0	0	0	0	0	0
k__Bacteria|p__Fusobacteria|c__Fusobacteriia|o__Fusobacteriales|f__Fusobacteriaceae|g__GGB4381|s__GGB4381_SGB6028|t__SGB6028	0	0	0.20067932036273	0.446121757286036	0	0	0	0	0	0	0
k__Bacteria|p__Proteobacteria	6.65627205905021	1.15816042553268	10.1686545808993	9.36036712832767	15.541547779555	1.46155020175562	2.31006880246592	3.45207801466751	3.7003283176967	2.77841477881681	1.89170910617495
k__Bacteria|p__Proteobacteria|c__Alphaproteobacteria	0	0	1.89246371153466	0.849563167815376	0	0	0.199341657196339	0.685325329131623	0	0	0
k__Bacteria|p__Proteobacteria|c__Alphaproteobacteria|o__Alphaproteobacteria_unclassified	0	0	1.89246371153466	0.849563167815376	0	0	0.199341657196339	0.685325329131623	0	0	0
k__Bacteria|p__Proteobacteria|c__Alphaproteobacteria|o__Alphaproteobacteria_unclassified|f__Alphaproteobacteria_unclassified	0	0	1.89246371153466	0.849563167815376	0	0	0.199341657196339	0.685325329131623	0	0	0
k__Bacteria|p__Proteobacteria|c__Alphaproteobacteria|o__Alphaproteobacteria_unclassified|f__Alphaproteobacteria_unclassified|g__Alphaproteobacteria_unclassified	0	0	1.89246371153466	0.849563167815376	0	0	0.199341657196339	0.685325329131623	0	0	0
k__Bacteria|p__Proteobacteria|c__Alphaproteobacteria|o__Alphaproteobacteria_unclassified|f__Alphaproteobacteria_unclassified|g__Alphaproteobacteria_unclassified|s__Alphaproteobacteria_unclassified_SGB47197	0	0	1.68624899795707	0.66354454998923	0	0	0.199341657196339	0.685325329131623	0	0	0
k__Bacteria|p__Proteobacteria|c__Alphaproteobacteria|o__Alphaproteobacteria_unclassified|f__Alphaproteobacteria_unclassified|g__Alphaproteobacteria_unclassified|s__Alphaproteobacteria_unclassified_SGB47197|t__SGB47197	0	0	1.68624899795707	0.66354454998923	0	0	0.199341657196339	0.685325329131623	0	0	0
k__Bacteria|p__Proteobacteria|c__Alphaproteobacteria|o__Alphaproteobacteria_unclassified|f__Alphaproteobacteria_unclassified|g__Alphaproteobacteria_unclassified|s__Alphaproteobacteria_unclassified_SGB47635	0	0	0.206214713577581	0.186018617826146	0	0	0	0	0	0	0
k__Bacteria|p__Proteobacteria|c__Alphaproteobacteria|o__Alphaproteobacteria_unclassified|f__Alphaproteobacteria_unclassified|g__Alphaproteobacteria_unclassified|s__Alphaproteobacteria_unclassified_SGB47635|t__SGB47635	0	0	0.206214713577581	0.186018617826146	0	0	0	0	0	0	0
k__Bacteria|p__Proteobacteria|c__Betaproteobacteria	2.25150010693548	0.193710463371496	2.53887435840265	4.03558618005871	10.7801672364735	0.792295252092005	1.17827977366383	2.44153247174292	1.20932375440755	2.77841477881681	0.95837815991788
k__Bacteria|p__Proteobacteria|c__Betaproteobacteria|o__Betaproteobacteria_unclassified	1.55282632327186	0	0	0	10.7801672364735	0	0	0	0	0	0
k__Bacteria|p__Proteobacteria|c__Betaproteobacteria|o__Betaproteobacteria_unclassified|f__Betaproteobacteria_unclassified	1.55282632327186	0	0	0	10.7801672364735	0	0	0	0	0	0
k__Bacteria|p__Proteobacteria|c__Betaproteobacteria|o__Betaproteobacteria_unclassified|f__Betaproteobacteria_unclassified|g__GGB39644	1.55282632327186	0	0	0	10.7801672364735	0	0	0	0	0	0
k__Bacteria|p__Proteobacteria|c__Betaproteobacteria|o__Betaproteobacteria_unclassified|f__Betaproteobacteria_unclassified|g__GGB39644|s__GGB39644_SGB53888	1.55282632327186	0	0	0	0	0	0	0	0	0	0
k__Bacteria|p__Proteobacteria|c__Betaproteobacteria|o__Betaproteobacteria_unclassified|f__Betaproteobacteria_unclassified|g__GGB39644|s__GGB39644_SGB53888|t__SGB53888	1.55282632327186	0	0	0	0	0	0	0	0	0	0
k__Bacteria|p__Proteobacteria|c__Betaproteobacteria|o__Burkholderiales	0.698673783663622	0.193710463371496	2.53887435840265	4.03558618005871	0	0.792295252092005	1.17827977366383	2.44153247174292	1.20932375440755	2.77841477881681	0.95837815991788
k__Bacteria|p__Proteobacteria|c__Betaproteobacteria|o__Burkholderiales|f__Sutterellaceae	0.698673783663622	0.193710463371496	2.53887435840265	4.03558618005871	0	0.792295252092005	1.17827977366383	2.44153247174292	1.20932375440755	2.77841477881681	0.95837815991788
k__Bacteria|p__Proteobacteria|c__Betaproteobacteria|o__Burkholderiales|f__Sutterellaceae|g__GGB6572	0	0	0	0.647859336709776	0	0	0.208733281343063	0	0	0	0
k__Bacteria|p__Proteobacteria|c__Betaproteobacteria|o__Burkholderiales|f__Sutterellaceae|g__GGB6572|s__GGB6572_SGB9284	0	0	0	0.647859336709776	0	0	0.208733281343063	0	0	0	0
k__Bacteria|p__Proteobacteria|c__Betaproteobacteria|o__Burkholderiales|f__Sutterellaceae|g__GGB6572|s__GGB6572_SGB9284|t__SGB9284	0	0	0	0.647859336709776	0	0	0.208733281343063	0	0	0	0
k__Bacteria|p__Proteobacteria|c__Betaproteobacteria|o__Burkholderiales|f__Sutterellaceae|g__Sutterella	0.698673783663622	0.193710463371496	2.53887435840265	3.38772684334893	0	0.792295252092005	0.969546492320764	2.44153247174292	1.20932375440755	2.77841477881681	0.95837815991788
k__Bacteria|p__Proteobacteria|c__Betaproteobacteria|o__Burkholderiales|f__Sutterellaceae|g__Sutterella|s__Sutterella_wadsworthensis	0.698673783663622	0.193710463371496	2.53887435840265	3.38772684334893	0	0.792295252092005	0.969546492320764	2.44153247174292	1.20932375440755	2.77841477881681	0.95837815991788
k__Bacteria|p__Proteobacteria|c__Betaproteobacteria|o__Burkholderiales|f__Sutterellaceae|g__Sutterella|s__Sutterella_wadsworthensis|t__SGB9286	0.698673783663622	0.193710463371496	2.53887435840265	3.38772684334893	0	0.792295252092005	0.969546492320764	2.44153247174292	1.20932375440755	2.77841477881681	0.95837815991788
k__Bacteria|p__Proteobacteria|c__CFGB1062	0.455651437419628	0.458566437424993	1.75377509014032	3.3501992444139	3.0198122544891	0	0	0	1.33883834935664	0	0
k__Bacteria|p__Proteobacteria|c__CFGB1062|o__OFGB1062	0.455651437419628	0.458566437424993	1.75377509014032	3.3501992444139	3.0198122544891	0	0	0	1.33883834935664	0	0
k__Bacteria|p__Proteobacteria|c__CFGB1062|o__OFGB1062|f__FGB1062	0.455651437419628	0.458566437424993	1.75377509014032	3.3501992444139	3.0198122544891	0	0	0	1.33883834935664	0	0
k__Bacteria|p__Proteobacteria|c__CFGB1062|o__OFGB1062|f__FGB1062|g__GGB2734	0.455651437419628	0.458566437424993	1.75377509014032	3.3501992444139	3.0198122544891	0	0	0	1.33883834935664	0	0
k__Bacteria|p__Proteobacteria|c__CFGB1062|o__OFGB1062|f__FGB1062|g__GGB2734|s__GGB2734_SGB3677	0.455651437419628	0.458566437424993	1.75377509014032	3.3501992444139	3.0198122544891	0	0	0	1.33883834935664	0	0
k__Bacteria|p__Proteobacteria|c__CFGB1062|o__OFGB1062|f__FGB1062|g__GGB2734|s__GGB2734_SGB3677|t__SGB3677	0.455651437419628	0.458566437424993	1.75377509014032	3.3501992444139	3.0198122544891	0	0	0	1.33883834935664	0	0
k__Bacteria|p__Proteobacteria|c__Epsilonproteobacteria	2.65453505841879	0.505883524736192	0.180748905122832	0.558121717264775	1.74156828859244	0.669254949663614	0.360927684667349	0.325220213792971	0.158308889114608	0	0.388213397279573
k__Bacteria|p__Proteobacteria|c__Epsilonproteobacteria|o__Campylobacterales	2.65453505841879	0.505883524736192	0.180748905122832	0.558121717264775	1.74156828859244	0.669254949663614	0.360927684667349	0.325220213792971	0.158308889114608	0	0.388213397279573
k__Bacteria|p__Proteobacteria|c__Epsilonproteobacteria|o__Campylobacterales|f__Campylobacteraceae	2.65453505841879	0.505883524736192	0	0.131204257669775	0.668798618217785	0.669254949663614	0	0.325220213792971	0.158308889114608	0	0.388213397279573
k__Bacteria|p__Proteobacteria|c__Epsilonproteobacteria|o__Campylobacterales|f__Campylobacteraceae|g__Campylobacter	2.65453505841879	0.505883524736192	0	0.131204257669775	0.668798618217785	0.669254949663614	0	0.325220213792971	0.158308889114608	0	0.388213397279573
k__Bacteria|p__Proteobacteria|c__Epsilonproteobacteria|o__Campylobacterales|f__Campylobacteraceae|g__Campylobacter|s__Campylobacter_helveticus	0	0.505883524736192	0	0.131204257669775	0.668798618217785	0	0	0	0	0	0
k__Bacteria|p__Proteobacteria|c__Epsilonproteobacteria|o__Campylobacterales|f__Campylobacteraceae|g__Campylobacter|s__Campylobacter_helveticus|t__SGB19438	0	0.505883524736192	0	0.131204257669775	0.668798618217785	0	0	0	0	0	0
k__Bacteria|p__Proteobacteria|c__Epsilonproteobacteria|o__Campylobacterales|f__Campylobacteraceae|g__Campylobacter|s__Campylobacter_upsaliensis	2.65453505841879	0	0	0	0	0.669254949663614	0	0.325220213792971	0.158308889114608	0	0.388213397279573
k__Bacteria|p__Proteobacteria|c__Epsilonproteobacteria|o__Campylobacterales|f__Campylobacteraceae|g__Campylobacter|s__Campylobacter_upsaliensis|t__SGB19439	2.65453505841879	0	0	0	0	0.669254949663614	0	0.325220213792971	0.158308889114608	0	0.388213397279573
k__Bacteria|p__Proteobacteria|c__Epsilonproteobacteria|o__Campylobacterales|f__Helicobacteraceae	0	0	0.180748905122832	0.426917459595	1.07276967037466	0	0.360927684667349	0	0	0	0
k__Bacteria|p__Proteobacteria|c__Epsilonproteobacteria|o__Campylobacterales|f__Helicobacteraceae|g__Helicobacter	0	0	0.180748905122832	0.426917459595	1.07276967037466	0	0.360927684667349	0	0	0	0
k__Bacteria|p__Proteobacteria|c__Epsilonproteobacteria|o__Campylobacterales|f__Helicobacteraceae|g__Helicobacter|s__Helicobacter_canis	0	0	0.180748905122832	0.426917459595	1.07276967037466	0	0.360927684667349	0	0	0	0
k__Bacteria|p__Proteobacteria|c__Epsilonproteobacteria|o__Campylobacterales|f__Helicobacteraceae|g__Helicobacter|s__Helicobacter_canis|t__SGB19391	0	0	0.180748905122832	0.426917459595	1.07276967037466	0	0.360927684667349	0	0	0	0
k__Bacteria|p__Proteobacteria|c__Gammaproteobacteria	1.29458545627631	0	3.80279251569886	0.56689681877491	0	0	0.571519686938407	0	0.993857324817904	0	0.545117548977499
k__Bacteria|p__Proteobacteria|c__Gammaproteobacteria|o__Aeromonadales	0.648736202576264	0	0.220718334478335	0.363552291614788	0	0	0	0	0	0	0
k__Bacteria|p__Proteobacteria|c__Gammaproteobacteria|o__Aeromonadales|f__Succinivibrionaceae	0.648736202576264	0	0.220718334478335	0.363552291614788	0	0	0	0	0	0	0
k__Bacteria|p__Proteobacteria|c__Gammaproteobacteria|o__Aeromonadales|f__Succinivibrionaceae|g__GGB2738	0.648736202576264	0	0.220718334478335	0.363552291614788	0	0	0	0	0	0	0
k__Bacteria|p__Proteobacteria|c__Gammaproteobacteria|o__Aeromonadales|f__Succinivibrionaceae|g__GGB2738|s__GGB2738_SGB3684	0.648736202576264	0	0.220718334478335	0.363552291614788	0	0	0	0	0	0	0
k__Bacteria|p__Proteobacteria|c__Gammaproteobacteria|o__Aeromonadales|f__Succinivibrionaceae|g__GGB2738|s__GGB2738_SGB3684|t__SGB3684	0.648736202576264	0	0.220718334478335	0.363552291614788	0	0	0	0	0	0	0
k__Bacteria|p__Proteobacteria|c__Gammaproteobacteria|o__Enterobacterales	0	0	3.35587934199753	0	0	0	0	0	0.206806474382549	0	0
k__Bacteria|p__Proteobacteria|c__Gammaproteobacteria|o__Enterobacterales|f__Enterobacteriaceae	0	0	3.35587934199753	0	0	0	0	0	0.206806474382549	0	0
k__Bacteria|p__Proteobacteria|c__Gammaproteobacteria|o__Enterobacterales|f__Enterobacteriaceae|g__GGB38162	0	0	3.35587934199753	0	0	0	0	0	0.206806474382549	0	0
k__Bacteria|p__Proteobacteria|c__Gammaproteobacteria|o__Enterobacterales|f__Enterobacteriaceae|g__GGB38162|s__GGB38162_SGB65708	0	0	3.35587934199753	0	0	0	0	0	0.206806474382549	0	0
k__Bacteria|p__Proteobacteria|c__Gammaproteobacteria|o__Enterobacterales|f__Enterobacteriaceae|g__GGB38162|s__GGB38162_SGB65708|t__SGB65708	0	0	3.35587934199753	0	0	0	0	0	0.206806474382549	0	0
k__Bacteria|p__Proteobacteria|c__Gammaproteobacteria|o__Legionellales	0.645849253700048	0	0.226194839222992	0.203344527160122	0	0	0.571519686938407	0	0.787050850435356	0	0.545117548977499
k__Bacteria|p__Proteobacteria|c__Gammaproteobacteria|o__Legionellales|f__Legionellaceae	0.645849253700048	0	0.226194839222992	0.203344527160122	0	0	0.571519686938407	0	0.787050850435356	0	0.545117548977499
k__Bacteria|p__Proteobacteria|c__Gammaproteobacteria|o__Legionellales|f__Legionellaceae|g__GGB48326	0.645849253700048	0	0.226194839222992	0.203344527160122	0	0	0.571519686938407	0	0.787050850435356	0	0.545117548977499
k__Bacteria|p__Proteobacteria|c__Gammaproteobacteria|o__Legionellales|f__Legionellaceae|g__GGB48326|s__GGB48326_SGB66357	0.645849253700048	0	0.226194839222992	0.203344527160122	0	0	0.571519686938407	0	0.787050850435356	0	0.545117548977499
k__Bacteria|p__Proteobacteria|c__Gammaproteobacteria|o__Legionellales|f__Legionellaceae|g__GGB48326|s__GGB48326_SGB66357|t__SGB66357	0.645849253700048	0	0.226194839222992	0.203344527160122	0	0	0.571519686938407	0	0.787050850435356	0	0.545117548977499
sgb_1	0	0	0	0.198516488753442	0	0	0	0	0	0	0
sgb_2	0	0	0	0	0.186684479159527	0	0	0	0	0	0
UNKNOWN	40.2125842240016	42.9203285713813	49.1782197041657	69.1887771125189	22.7008408449823	27.3275096676767	57.9888114293137	27.7661110605337	52.8721853547808	44.7105998662604	47.1270077591645
